Madeira iOS build evidence bundle
Current complete dependency build attempt: Actions run 36429453349, destination commit 670eb5e6753bec7cf2bc20cf0bd278c396be9f1e. This run failed before Xcode at the ARM64EC FEX link. Each section below is copied verbatim from the run evidence artifact.

======================== environment.log ========================
ProductName:		macOS
ProductVersion:		15.7.9
BuildVersion:		24G830
Xcode 16.4
Build version 16F6
18.5
/Applications/Xcode_16.4.app/Contents/Developer/Platforms/iPhoneOS.platform/Developer/SDKs/iPhoneOS18.5.sdk
670eb5e6753bec7cf2bc20cf0bd278c396be9f1e
 7b528d8a57cb12b794c589dd7e42fff813fc9abd FEX (pre-upstream-merge-11-g7b528d8a5)
 b3fb4b9feafcd8d91c5cb510a4775143fdbef02f FEX/External/Catch2 (v3.11.0)
 450bd2232225d6c7728a4108055ac2e37cef6475 FEX/External/Vulkan-Headers (450bd22)
 3e49836995c1dcb3df709440ad2f270b569c6a5f FEX/External/drm-headers (remotes/origin/v6.17)
 442678a134e2d25e759c430cca32e06e9e142f1f FEX/External/fex-gcc-target-tests-bins (heads/main)
 71349ae6d14ac2e3e792730e240aecd8076cee6c FEX/External/fex-gvisor-tests-bins (heads/main)
 9ae29638f8000c1603f16385ed1cf6c4c23ee414 FEX/External/fex-posixtest-bins (heads/master)
 407c905e45ad75fc29bf0f9bb7c5c2fd3475976f FEX/External/fmt (12.1.0)
 8436195ad5e1bc347d9b39743af3d29abee59f06 FEX/External/jemalloc_glibc (5.2.1-902-g8436195a)
 ca1388fb9da8e69314dda222dc7b139ca84e092f FEX/External/range-v3 (0.12.0-47-gca1388fb9)
 2dae74bb693e42d850fb0adcc9045c5b71fbdeae FEX/External/range-v3/doc/gh-pages (remotes/origin/gh-pages)
 42fe7b54ac0c5c66a863207ea3331792c42d0218 FEX/External/rpmalloc (pre-upstream-merge-8-g42fe7b5)
 650c98ece70da9e155e7ba1c2b3ee16004aae118 FEX/External/tracy (v0.12.1)
 3234af2c03549bc85656bfd3a86993bf1cd8aef1 FEX/External/unordered_dense (v4.8.1)
 5f418449c48f6ca3ad37c47ec632f17a561c0580 FEX/External/vixl (5f418449)
 e626a72bc2321cd320e953a0ccf1584cad60f363 FEX/External/xxhash (v0.8.3)
 9bfadd6a55fc92dbd37fa3ba089bf8b36622df4f FEX/External/zydis (9bfadd6)
 75a36c45ae1ad382b0f4e0ede0af84c11ee69928 FEX/External/zydis/dependencies/zycore (v1.5.2-7-g75a36c4)
 9f94388a339fcbb0bc95c17768eb786c85988f6e FEX/Source/Common/cpp-optparse (heads/master)
 550735c32c1a2faa68fa4fe504ac827e0f341831 research/dxmt (v0.73-117-g550735c)
 d08488fcc82eef313b0464db37d2955709691e94 research/dxmt/external/nvapi (remotes/origin/530-13-gd08488f)
 9df86f2341616ef1888ae59919feaa6d4fad693d research/dxmt/include/native/directx (heads/main)
 65fab17629dd768de44711082c7cfa5e199278b1 wine (remotes/origin/integration/upstream-0926)


======================== fex-arm64ec-build.log ========================
-- The C compiler identification is Clang 22.1.8
-- The CXX compiler identification is Clang 22.1.8
-- The ASM compiler identification is Clang with GNU-like command-line
-- Found assembler: /Users/runner/work/GTASanAndreas3DS/GTASanAndreas3DS/toolchains/llvm-mingw-20260616-ucrt-macos-universal/bin/arm64ec-w64-mingw32-clang
-- Detecting C compiler ABI info
-- Detecting C compiler ABI info - done
-- Check for working C compiler: /Users/runner/work/GTASanAndreas3DS/GTASanAndreas3DS/toolchains/llvm-mingw-20260616-ucrt-macos-universal/bin/arm64ec-w64-mingw32-clang - skipped
-- Detecting C compile features
-- Detecting C compile features - done
-- Detecting CXX compiler ABI info
-- Detecting CXX compiler ABI info - done
-- Check for working CXX compiler: /Users/runner/work/GTASanAndreas3DS/GTASanAndreas3DS/toolchains/llvm-mingw-20260616-ucrt-macos-universal/bin/arm64ec-w64-mingw32-clang++ - skipped
-- Detecting CXX compile features
-- Detecting CXX compile features - done
-- Looking for include file gdb/jit-reader.h
-- Looking for include file gdb/jit-reader.h - not found
-- Building for MinGW
-- Performing Test HAS_CLANG_PRESERVE_ALL
-- Performing Test HAS_CLANG_PRESERVE_ALL - Success
-- Ignoring broken clang::preserve_all support
-- Performing Test HAS_PROGRAM_INVOCATION_NAME
-- Performing Test HAS_PROGRAM_INVOCATION_NAME - Failed
-- Enabling ccache 4.14
-- Found Python: /opt/homebrew/Frameworks/Python.framework/Versions/3.14/bin/python3.14 (found suitable version "3.14.7", minimum required is "3.9") found components: Interpreter
-- xxHash build type: RELEASE
-- Architecture: arm64
-- {fmt} version: 12.1.0
-- Build type: RELEASE
-- Performing Test HAS_NULLPTR_WARNING
-- Performing Test HAS_NULLPTR_WARNING - Success
CMake Warning (deprecated) at External/range-v3/CMakeLists.txt:8 (cmake_minimum_required):
  Compatibility with CMake < 3.10 will be removed from a future version of
  CMake.

  Update the VERSION argument <min> value.  Or, use the <min>...<max> syntax
  to tell CMake that the project requires at least <min> but has been updated
  to work with policies introduced by <max> or earlier.
This warning is for project developers.  Use -Wno-author or -Wno-deprecated
to suppress it.

CMake Warning at External/range-v3/cmake/ranges_env.cmake:92 (message):
  [range-v3 warning]: unknown build type, defaults to release!
Call Stack (most recent call first):
  External/range-v3/CMakeLists.txt:24 (include)


-- Found Git: /opt/homebrew/bin/git (found version "2.55.0")
-- [range-v3]: C++ std=2a
-- Performing Test RANGES_HAS_CXXSTD
-- Performing Test RANGES_HAS_CXXSTD - Success
-- Performing Test RANGES_HAS_WALL
-- Performing Test RANGES_HAS_WALL - Success
-- Performing Test RANGES_HAS_WEXTRA
-- Performing Test RANGES_HAS_WEXTRA - Success
-- Performing Test RANGES_HAS_WERROR
-- Performing Test RANGES_HAS_WERROR - Success
-- Performing Test RANGES_HAS_FDIAGNOSTIC_SHOW_TEMPLATE_TREE
-- Performing Test RANGES_HAS_FDIAGNOSTIC_SHOW_TEMPLATE_TREE - Success
-- Performing Test RANGES_HAS_FTEMPLATE_BACKTRACE_LIMIT
-- Performing Test RANGES_HAS_FTEMPLATE_BACKTRACE_LIMIT - Success
-- Performing Test RANGES_HAS_FMACRO_BACKTRACE_LIMIT
-- Performing Test RANGES_HAS_FMACRO_BACKTRACE_LIMIT - Success
-- Performing Test RANGES_HAS_OMIT_FRAME_POINTER
-- Performing Test RANGES_HAS_OMIT_FRAME_POINTER - Success
-- Performing Test RANGES_HAS_OFAST
-- Performing Test RANGES_HAS_OFAST - Success
-- Performing Test RANGES_HAS_STRICT_ALIASING
-- Performing Test RANGES_HAS_STRICT_ALIASING - Success
-- Performing Test RANGES_HAS_STRICT_VTABLE_POINTERS
-- Performing Test RANGES_HAS_STRICT_VTABLE_POINTERS - Success
-- Performing Test RANGES_HAS_FAST_MATH
-- Performing Test RANGES_HAS_FAST_MATH - Success
-- Performing Test RANGES_HAS_VECTORIZE
-- Performing Test RANGES_HAS_VECTORIZE - Success
-- Performing Test RANGES_HAS_SIZED_DEALLOCATION
-- Performing Test RANGES_HAS_SIZED_DEALLOCATION - Success
-- Performing Test RANGES_HAS_MARCH_NATIVE
-- Performing Test RANGES_HAS_MARCH_NATIVE - Success
-- Performing Test RANGES_HAS_MTUNE_NATIVE
-- Performing Test RANGES_HAS_MTUNE_NATIVE - Success
-- Performing Test RANGE_V3_ALIGNED_NEW_PROBE
-- Performing Test RANGE_V3_ALIGNED_NEW_PROBE - Success
-- Performing Test RANGES_HAS_FCOROUTINES_TS
-- Performing Test RANGES_HAS_FCOROUTINES_TS - Failed
-- Performing Test RANGE_V3_HAS_FCONCEPTS
-- Performing Test RANGE_V3_HAS_FCONCEPTS - Failed
-- Performing Test GCC_COLOR
-- Performing Test GCC_COLOR - Success
-- Performing Test CLANG_COLOR
-- Performing Test CLANG_COLOR - Success
-- Performing Test ENUM_ENUM_WARNING
-- Performing Test ENUM_ENUM_WARNING - Success
-- Performing Test COMPILER_SUPPORTS_CPU_TYPE
-- Performing Test COMPILER_SUPPORTS_CPU_TYPE - Success
-- FEX version: 
-- FEX commit: 7b528d8a57cb12b794c589dd7e42fff813fc9abd
-- Performing Test HAS_SYSCALL_GETCPU
-- Performing Test HAS_SYSCALL_GETCPU - Failed
-- Performing Test HAS_SYSCALL_GETTID
-- Performing Test HAS_SYSCALL_GETTID - Failed
-- Performing Test HAS_SYSCALL_TGKILL
-- Performing Test HAS_SYSCALL_TGKILL - Failed
-- Performing Test HAS_SYSCALL_STATX
-- Performing Test HAS_SYSCALL_STATX - Failed
-- Performing Test HAS_SYSCALL_RENAMEAT2
-- Performing Test HAS_SYSCALL_RENAMEAT2 - Failed
-- Configuring done (14.4s)
-- Generating done (0.2s)
CMake Warning (unused-cli):
  Manually-specified variables were not used by the project:

    ENABLE_OFFLINE_RUNTIME


-- Build files have been written to: /Users/runner/work/GTASanAndreas3DS/GTASanAndreas3DS/FEX/build-arm64ec
 ../../../FEXCore/Source/libFEXCore_Base.a ../../Common/libCommon.a ../../Tools/CommonTools/libCommonTools.a ../Common/libCommonWindows.a ../Common/libCommonWindowsRuntime.a ../libntdll_ex.a -lc++ -lc++abi -lunwind "../../Common/cpp-optparse/libcpp-optparse.a" "../../../External/tiny-json/libtiny-json.a" ../../../FEXCore/Source/libFEXCore_Base.a ../../../External/fmt/libfmt.a ../../../External/xxhash/cmake_unofficial/libxxhash.a ../../../External/cephes/libcephes_128bit.a "../../../External/SoftFloat-3e/libsoftfloat_3e.a" -lsynchronization -lmincore ../../../FEXCore/Source/libJemallocLibs.a ../../../External/rpmalloc/librpmalloc.a 
Change Dir: '/Users/runner/work/GTASanAndreas3DS/GTASanAndreas3DS/FEX/build-arm64ec'

Run Build Command(s): /opt/homebrew/bin/cmake -E env VERBOSE=1 /usr/bin/make -f Makefile arm64ecfex
/opt/homebrew/bin/cmake -P /Users/runner/work/GTASanAndreas3DS/GTASanAndreas3DS/FEX/build-arm64ec/CMakeFiles/VerifyGlobs.cmake
/opt/homebrew/bin/cmake -S/Users/runner/work/GTASanAndreas3DS/GTASanAndreas3DS/FEX -B/Users/runner/work/GTASanAndreas3DS/GTASanAndreas3DS/FEX/build-arm64ec --check-build-system CMakeFiles/Makefile.cmake 0
/Applications/Xcode_16.4.app/Contents/Developer/usr/bin/make  -f CMakeFiles/Makefile2 arm64ecfex
/opt/homebrew/bin/cmake -P /Users/runner/work/GTASanAndreas3DS/GTASanAndreas3DS/FEX/build-arm64ec/CMakeFiles/VerifyGlobs.cmake
/opt/homebrew/bin/cmake -S/Users/runner/work/GTASanAndreas3DS/GTASanAndreas3DS/FEX -B/Users/runner/work/GTASanAndreas3DS/GTASanAndreas3DS/FEX/build-arm64ec --check-build-system CMakeFiles/Makefile.cmake 0
/opt/homebrew/bin/cmake -E cmake_progress_start /Users/runner/work/GTASanAndreas3DS/GTASanAndreas3DS/FEX/build-arm64ec/CMakeFiles 97
/Applications/Xcode_16.4.app/Contents/Developer/usr/bin/make  -f CMakeFiles/Makefile2 Source/Windows/ARM64EC/CMakeFiles/arm64ecfex.dir/all
/Applications/Xcode_16.4.app/Contents/Developer/usr/bin/make  -f FEXCore/Source/CMakeFiles/CONFIG_INC.dir/build.make FEXCore/Source/CMakeFiles/CONFIG_INC.dir/depend
cd /Users/runner/work/GTASanAndreas3DS/GTASanAndreas3DS/FEX/build-arm64ec && /opt/homebrew/bin/cmake -E cmake_depends "Unix Makefiles" /Users/runner/work/GTASanAndreas3DS/GTASanAndreas3DS/FEX /Users/runner/work/GTASanAndreas3DS/GTASanAndreas3DS/FEX/FEXCore/Source /Users/runner/work/GTASanAndreas3DS/GTASanAndreas3DS/FEX/build-arm64ec /Users/runner/work/GTASanAndreas3DS/GTASanAndreas3DS/FEX/build-arm64ec/FEXCore/Source /Users/runner/work/GTASanAndreas3DS/GTASanAndreas3DS/FEX/build-arm64ec/FEXCore/Source/CMakeFiles/CONFIG_INC.dir/DependInfo.cmake "--color=" CONFIG_INC
/Applications/Xcode_16.4.app/Contents/Developer/usr/bin/make  -f FEXCore/Source/CMakeFiles/CONFIG_INC.dir/build.make FEXCore/Source/CMakeFiles/CONFIG_INC.dir/build
[  0%] Generating ../../include/FEXCore/Config/ConfigValues.inl, ../../include/FEXCore/Config/ConfigOptions.inl, ../../generated/FEX.1
cd /Users/runner/work/GTASanAndreas3DS/GTASanAndreas3DS/FEX/build-arm64ec/FEXCore/Source && python3 /Users/runner/work/GTASanAndreas3DS/GTASanAndreas3DS/FEX/FEXCore/Source/../Scripts/config_generator.py /Users/runner/work/GTASanAndreas3DS/GTASanAndreas3DS/FEX/build-arm64ec/generated/Config/Config.json /Users/runner/work/GTASanAndreas3DS/GTASanAndreas3DS/FEX/build-arm64ec/include/FEXCore/Config/ConfigValues.inl /Users/runner/work/GTASanAndreas3DS/GTASanAndreas3DS/FEX/build-arm64ec/generated/FEX.1 /Users/runner/work/GTASanAndreas3DS/GTASanAndreas3DS/FEX/build-arm64ec/include/FEXCore/Config/ConfigOptions.inl
[  0%] Generating ../../generated/FEX.1.gz
cd /Users/runner/work/GTASanAndreas3DS/GTASanAndreas3DS/FEX/build-arm64ec/FEXCore/Source && gzip -kf9n /Users/runner/work/GTASanAndreas3DS/GTASanAndreas3DS/FEX/build-arm64ec/generated/FEX.1
[  0%] Built target CONFIG_INC
/Applications/Xcode_16.4.app/Contents/Developer/usr/bin/make  -f External/xxhash/cmake_unofficial/CMakeFiles/xxhash.dir/build.make External/xxhash/cmake_unofficial/CMakeFiles/xxhash.dir/depend
cd /Users/runner/work/GTASanAndreas3DS/GTASanAndreas3DS/FEX/build-arm64ec && /opt/homebrew/bin/cmake -E cmake_depends "Unix Makefiles" /Users/runner/work/GTASanAndreas3DS/GTASanAndreas3DS/FEX /Users/runner/work/GTASanAndreas3DS/GTASanAndreas3DS/FEX/External/xxhash/cmake_unofficial /Users/runner/work/GTASanAndreas3DS/GTASanAndreas3DS/FEX/build-arm64ec /Users/runner/work/GTASanAndreas3DS/GTASanAndreas3DS/FEX/build-arm64ec/External/xxhash/cmake_unofficial /Users/runner/work/GTASanAndreas3DS/GTASanAndreas3DS/FEX/build-arm64ec/External/xxhash/cmake_unofficial/CMakeFiles/xxhash.dir/DependInfo.cmake "--color=" xxhash
/Applications/Xcode_16.4.app/Contents/Developer/usr/bin/make  -f External/xxhash/cmake_unofficial/CMakeFiles/xxhash.dir/build.make External/xxhash/cmake_unofficial/CMakeFiles/xxhash.dir/build
[  0%] Building C object External/xxhash/cmake_unofficial/CMakeFiles/xxhash.dir/__/xxhash.c.obj
cd /Users/runner/work/GTASanAndreas3DS/GTASanAndreas3DS/FEX/build-arm64ec/External/xxhash/cmake_unofficial && /opt/homebrew/bin/ccache sloppiness=time_macros /Users/runner/work/GTASanAndreas3DS/GTASanAndreas3DS/toolchains/llvm-mingw-20260616-ucrt-macos-universal/bin/arm64ec-w64-mingw32-clang -DARCHITECTURE_arm64=1 -DARCHITECTURE_arm64ec=1 -DFEX_HAS_PRESERVE_ALL_ATTR=0 -DFEX_PRESERVE_ALL_ATTR="" -DHAS_PROGRAM_INVOCATION_NAME="" -D_LARGEFILE64_SOURCE @CMakeFiles/xxhash.dir/includes_C.rsp -DFEX_IOS_HOST -O3 -DNDEBUG -flto=thin -MD -MT External/xxhash/cmake_unofficial/CMakeFiles/xxhash.dir/__/xxhash.c.obj -MF CMakeFiles/xxhash.dir/__/xxhash.c.obj.d -o CMakeFiles/xxhash.dir/__/xxhash.c.obj -c /Users/runner/work/GTASanAndreas3DS/GTASanAndreas3DS/FEX/External/xxhash/xxhash.c
[  1%] Linking C static library libxxhash.a
cd /Users/runner/work/GTASanAndreas3DS/GTASanAndreas3DS/FEX/build-arm64ec/External/xxhash/cmake_unofficial && /opt/homebrew/bin/cmake -P CMakeFiles/xxhash.dir/cmake_clean_target.cmake
cd /Users/runner/work/GTASanAndreas3DS/GTASanAndreas3DS/FEX/build-arm64ec/External/xxhash/cmake_unofficial && /opt/homebrew/bin/cmake -E cmake_link_script CMakeFiles/xxhash.dir/link.txt --verbose=1
"/Users/runner/work/GTASanAndreas3DS/GTASanAndreas3DS/toolchains/llvm-mingw-20260616-ucrt-macos-universal/bin/arm64ec-w64-mingw32-llvm-ar" qc libxxhash.a CMakeFiles/xxhash.dir/__/xxhash.c.obj
"/Users/runner/work/GTASanAndreas3DS/GTASanAndreas3DS/toolchains/llvm-mingw-20260616-ucrt-macos-universal/bin/arm64ec-w64-mingw32-llvm-ranlib" libxxhash.a
[  1%] Built target xxhash
/Applications/Xcode_16.4.app/Contents/Developer/usr/bin/make  -f External/fmt/CMakeFiles/fmt.dir/build.make External/fmt/CMakeFiles/fmt.dir/depend
cd /Users/runner/work/GTASanAndreas3DS/GTASanAndreas3DS/FEX/build-arm64ec && /opt/homebrew/bin/cmake -E cmake_depends "Unix Makefiles" /Users/runner/work/GTASanAndreas3DS/GTASanAndreas3DS/FEX /Users/runner/work/GTASanAndreas3DS/GTASanAndreas3DS/FEX/External/fmt /Users/runner/work/GTASanAndreas3DS/GTASanAndreas3DS/FEX/build-arm64ec /Users/runner/work/GTASanAndreas3DS/GTASanAndreas3DS/FEX/build-arm64ec/External/fmt /Users/runner/work/GTASanAndreas3DS/GTASanAndreas3DS/FEX/build-arm64ec/External/fmt/CMakeFiles/fmt.dir/DependInfo.cmake "--color=" fmt
/Applications/Xcode_16.4.app/Contents/Developer/usr/bin/make  -f External/fmt/CMakeFiles/fmt.dir/build.make External/fmt/CMakeFiles/fmt.dir/build
[  2%] Building CXX object External/fmt/CMakeFiles/fmt.dir/src/format.cc.obj
cd /Users/runner/work/GTASanAndreas3DS/GTASanAndreas3DS/FEX/build-arm64ec/External/fmt && /opt/homebrew/bin/ccache sloppiness=time_macros /Users/runner/work/GTASanAndreas3DS/GTASanAndreas3DS/toolchains/llvm-mingw-20260616-ucrt-macos-universal/bin/arm64ec-w64-mingw32-clang++ -DARCHITECTURE_arm64=1 -DARCHITECTURE_arm64ec=1 -DFEX_HAS_PRESERVE_ALL_ATTR=0 -DFEX_PRESERVE_ALL_ATTR="" -DGLOBAL_DATA_DIRECTORY=\"/usr/local/share/fex-emu/\" -DHAS_PROGRAM_INVOCATION_NAME="" -D_LARGEFILE64_SOURCE @CMakeFiles/fmt.dir/includes_CXX.rsp -DFEX_IOS_HOST -O3 -DNDEBUG -fomit-frame-pointer -std=gnu++20 -flto=thin -Wno-trigraphs -MD -MT External/fmt/CMakeFiles/fmt.dir/src/format.cc.obj -MF CMakeFiles/fmt.dir/src/format.cc.obj.d -o CMakeFiles/fmt.dir/src/format.cc.obj -c /Users/runner/work/GTASanAndreas3DS/GTASanAndreas3DS/FEX/External/fmt/src/format.cc
[  2%] Building CXX object External/fmt/CMakeFiles/fmt.dir/src/os.cc.obj
cd /Users/runner/work/GTASanAndreas3DS/GTASanAndreas3DS/FEX/build-arm64ec/External/fmt && /opt/homebrew/bin/ccache sloppiness=time_macros /Users/runner/work/GTASanAndreas3DS/GTASanAndreas3DS/toolchains/llvm-mingw-20260616-ucrt-macos-universal/bin/arm64ec-w64-mingw32-clang++ -DARCHITECTURE_arm64=1 -DARCHITECTURE_arm64ec=1 -DFEX_HAS_PRESERVE_ALL_ATTR=0 -DFEX_PRESERVE_ALL_ATTR="" -DGLOBAL_DATA_DIRECTORY=\"/usr/local/share/fex-emu/\" -DHAS_PROGRAM_INVOCATION_NAME="" -D_LARGEFILE64_SOURCE @CMakeFiles/fmt.dir/includes_CXX.rsp -DFEX_IOS_HOST -O3 -DNDEBUG -fomit-frame-pointer -std=gnu++20 -flto=thin -Wno-trigraphs -MD -MT External/fmt/CMakeFiles/fmt.dir/src/os.cc.obj -MF CMakeFiles/fmt.dir/src/os.cc.obj.d -o CMakeFiles/fmt.dir/src/os.cc.obj -c /Users/runner/work/GTASanAndreas3DS/GTASanAndreas3DS/FEX/External/fmt/src/os.cc
[  3%] Linking CXX static library libfmt.a
cd /Users/runner/work/GTASanAndreas3DS/GTASanAndreas3DS/FEX/build-arm64ec/External/fmt && /opt/homebrew/bin/cmake -P CMakeFiles/fmt.dir/cmake_clean_target.cmake
cd /Users/runner/work/GTASanAndreas3DS/GTASanAndreas3DS/FEX/build-arm64ec/External/fmt && /opt/homebrew/bin/cmake -E cmake_link_script CMakeFiles/fmt.dir/link.txt --verbose=1
"/Users/runner/work/GTASanAndreas3DS/GTASanAndreas3DS/toolchains/llvm-mingw-20260616-ucrt-macos-universal/bin/arm64ec-w64-mingw32-llvm-ar" qc libfmt.a CMakeFiles/fmt.dir/src/format.cc.obj CMakeFiles/fmt.dir/src/os.cc.obj
"/Users/runner/work/GTASanAndreas3DS/GTASanAndreas3DS/toolchains/llvm-mingw-20260616-ucrt-macos-universal/bin/arm64ec-w64-mingw32-llvm-ranlib" libfmt.a
[  3%] Built target fmt
/Applications/Xcode_16.4.app/Contents/Developer/usr/bin/make  -f External/SoftFloat-3e/CMakeFiles/softfloat_3e.dir/build.make External/SoftFloat-3e/CMakeFiles/softfloat_3e.dir/depend
cd /Users/runner/work/GTASanAndreas3DS/GTASanAndreas3DS/FEX/build-arm64ec && /opt/homebrew/bin/cmake -E cmake_depends "Unix Makefiles" /Users/runner/work/GTASanAndreas3DS/GTASanAndreas3DS/FEX /Users/runner/work/GTASanAndreas3DS/GTASanAndreas3DS/FEX/External/SoftFloat-3e /Users/runner/work/GTASanAndreas3DS/GTASanAndreas3DS/FEX/build-arm64ec /Users/runner/work/GTASanAndreas3DS/GTASanAndreas3DS/FEX/build-arm64ec/External/SoftFloat-3e /Users/runner/work/GTASanAndreas3DS/GTASanAndreas3DS/FEX/build-arm64ec/External/SoftFloat-3e/CMakeFiles/softfloat_3e.dir/DependInfo.cmake "--color=" softfloat_3e
/Applications/Xcode_16.4.app/Contents/Developer/usr/bin/make  -f External/SoftFloat-3e/CMakeFiles/softfloat_3e.dir/build.make External/SoftFloat-3e/CMakeFiles/softfloat_3e.dir/build
[  4%] Building C object External/SoftFloat-3e/CMakeFiles/softfloat_3e.dir/src/extF80_add.c.obj
cd /Users/runner/work/GTASanAndreas3DS/GTASanAndreas3DS/FEX/build-arm64ec/External/SoftFloat-3e && /opt/homebrew/bin/ccache sloppiness=time_macros /Users/runner/work/GTASanAndreas3DS/GTASanAndreas3DS/toolchains/llvm-mingw-20260616-ucrt-macos-universal/bin/arm64ec-w64-mingw32-clang -DARCHITECTURE_arm64=1 -DARCHITECTURE_arm64ec=1 -DFEXCORE_HAS_PRESERVE_ALL_ATTR=0 -DFEXCORE_PRESERVE_ALL_ATTR="" -DFEX_HAS_PRESERVE_ALL_ATTR=0 -DFEX_PRESERVE_ALL_ATTR="" -DGLOBAL_DATA_DIRECTORY=\"/usr/local/share/fex-emu/\" -DHAS_PROGRAM_INVOCATION_NAME="" -DINLINE="static inline" -DINLINE_LEVEL=4 -DSOFTFLOAT_BUILTIN_CLZ=1 -DSOFTFLOAT_FAST_DIV32TO16=1 -DSOFTFLOAT_FAST_DIV64TO32=1 -DSOFTFLOAT_FAST_INT64=1 -D_LARGEFILE64_SOURCE @CMakeFiles/softfloat_3e.dir/includes_C.rsp -DFEX_IOS_HOST -O3 -DNDEBUG -flto=thin -Wno-trigraphs -fdiagnostics-color=always -fcolor-diagnostics -Wno-deprecated-enum-enum-conversion -Wall -MD -MT External/SoftFloat-3e/CMakeFiles/softfloat_3e.dir/src/extF80_add.c.obj -MF CMakeFiles/softfloat_3e.dir/src/extF80_add.c.obj.d -o CMakeFiles/softfloat_3e.dir/src/extF80_add.c.obj -c /Users/runner/work/GTASanAndreas3DS/GTASanAndreas3DS/FEX/External/SoftFloat-3e/src/extF80_add.c
[  4%] Building C object External/SoftFloat-3e/CMakeFiles/softfloat_3e.dir/src/extF80_div.c.obj
cd /Users/runner/work/GTASanAndreas3DS/GTASanAndreas3DS/FEX/build-arm64ec/External/SoftFloat-3e && /opt/homebrew/bin/ccache sloppiness=time_macros /Users/runner/work/GTASanAndreas3DS/GTASanAndreas3DS/toolchains/llvm-mingw-20260616-ucrt-macos-universal/bin/arm64ec-w64-mingw32-clang -DARCHITECTURE_arm64=1 -DARCHITECTURE_arm64ec=1 -DFEXCORE_HAS_PRESERVE_ALL_ATTR=0 -DFEXCORE_PRESERVE_ALL_ATTR="" -DFEX_HAS_PRESERVE_ALL_ATTR=0 -DFEX_PRESERVE_ALL_ATTR="" -DGLOBAL_DATA_DIRECTORY=\"/usr/local/share/fex-emu/\" -DHAS_PROGRAM_INVOCATION_NAME="" -DINLINE="static inline" -DINLINE_LEVEL=4 -DSOFTFLOAT_BUILTIN_CLZ=1 -DSOFTFLOAT_FAST_DIV32TO16=1 -DSOFTFLOAT_FAST_DIV64TO32=1 -DSOFTFLOAT_FAST_INT64=1 -D_LARGEFILE64_SOURCE @CMakeFiles/softfloat_3e.dir/includes_C.rsp -DFEX_IOS_HOST -O3 -DNDEBUG -flto=thin -Wno-trigraphs -fdiagnostics-color=always -fcolor-diagnostics -Wno-deprecated-enum-enum-conversion -Wall -MD -MT External/SoftFloat-3e/CMakeFiles/softfloat_3e.dir/src/extF80_div.c.obj -MF CMakeFiles/softfloat_3e.dir/src/extF80_div.c.obj.d -o CMakeFiles/softfloat_3e.dir/src/extF80_div.c.obj -c /Users/runner/work/GTASanAndreas3DS/GTASanAndreas3DS/FEX/External/SoftFloat-3e/src/extF80_div.c
[  5%] Building C object External/SoftFloat-3e/CMakeFiles/softfloat_3e.dir/src/extF80_sub.c.obj
cd /Users/runner/work/GTASanAndreas3DS/GTASanAndreas3DS/FEX/build-arm64ec/External/SoftFloat-3e && /opt/homebrew/bin/ccache sloppiness=time_macros /Users/runner/work/GTASanAndreas3DS/GTASanAndreas3DS/toolchains/llvm-mingw-20260616-ucrt-macos-universal/bin/arm64ec-w64-mingw32-clang -DARCHITECTURE_arm64=1 -DARCHITECTURE_arm64ec=1 -DFEXCORE_HAS_PRESERVE_ALL_ATTR=0 -DFEXCORE_PRESERVE_ALL_ATTR="" -DFEX_HAS_PRESERVE_ALL_ATTR=0 -DFEX_PRESERVE_ALL_ATTR="" -DGLOBAL_DATA_DIRECTORY=\"/usr/local/share/fex-emu/\" -DHAS_PROGRAM_INVOCATION_NAME="" -DINLINE="static inline" -DINLINE_LEVEL=4 -DSOFTFLOAT_BUILTIN_CLZ=1 -DSOFTFLOAT_FAST_DIV32TO16=1 -DSOFTFLOAT_FAST_DIV64TO32=1 -DSOFTFLOAT_FAST_INT64=1 -D_LARGEFILE64_SOURCE @CMakeFiles/softfloat_3e.dir/includes_C.rsp -DFEX_IOS_HOST -O3 -DNDEBUG -flto=thin -Wno-trigraphs -fdiagnostics-color=always -fcolor-diagnostics -Wno-deprecated-enum-enum-conversion -Wall -MD -MT External/SoftFloat-3e/CMakeFiles/softfloat_3e.dir/src/extF80_sub.c.obj -MF CMakeFiles/softfloat_3e.dir/src/extF80_sub.c.obj.d -o CMakeFiles/softfloat_3e.dir/src/extF80_sub.c.obj -c /Users/runner/work/GTASanAndreas3DS/GTASanAndreas3DS/FEX/External/SoftFloat-3e/src/extF80_sub.c
[  5%] Building C object External/SoftFloat-3e/CMakeFiles/softfloat_3e.dir/src/extF80_mul.c.obj
cd /Users/runner/work/GTASanAndreas3DS/GTASanAndreas3DS/FEX/build-arm64ec/External/SoftFloat-3e && /opt/homebrew/bin/ccache sloppiness=time_macros /Users/runner/work/GTASanAndreas3DS/GTASanAndreas3DS/toolchains/llvm-mingw-20260616-ucrt-macos-universal/bin/arm64ec-w64-mingw32-clang -DARCHITECTURE_arm64=1 -DARCHITECTURE_arm64ec=1 -DFEXCORE_HAS_PRESERVE_ALL_ATTR=0 -DFEXCORE_PRESERVE_ALL_ATTR="" -DFEX_HAS_PRESERVE_ALL_ATTR=0 -DFEX_PRESERVE_ALL_ATTR="" -DGLOBAL_DATA_DIRECTORY=\"/usr/local/share/fex-emu/\" -DHAS_PROGRAM_INVOCATION_NAME="" -DINLINE="static inline" -DINLINE_LEVEL=4 -DSOFTFLOAT_BUILTIN_CLZ=1 -DSOFTFLOAT_FAST_DIV32TO16=1 -DSOFTFLOAT_FAST_DIV64TO32=1 -DSOFTFLOAT_FAST_INT64=1 -D_LARGEFILE64_SOURCE @CMakeFiles/softfloat_3e.dir/includes_C.rsp -DFEX_IOS_HOST -O3 -DNDEBUG -flto=thin -Wno-trigraphs -fdiagnostics-color=always -fcolor-diagnostics -Wno-deprecated-enum-enum-conversion -Wall -MD -MT External/SoftFloat-3e/CMakeFiles/softfloat_3e.dir/src/extF80_mul.c.obj -MF CMakeFiles/softfloat_3e.dir/src/extF80_mul.c.obj.d -o CMakeFiles/softfloat_3e.dir/src/extF80_mul.c.obj -c /Users/runner/work/GTASanAndreas3DS/GTASanAndreas3DS/FEX/External/SoftFloat-3e/src/extF80_mul.c
[  6%] Building C object External/SoftFloat-3e/CMakeFiles/softfloat_3e.dir/src/extF80_rem.c.obj
cd /Users/runner/work/GTASanAndreas3DS/GTASanAndreas3DS/FEX/build-arm64ec/External/SoftFloat-3e && /opt/homebrew/bin/ccache sloppiness=time_macros /Users/runner/work/GTASanAndreas3DS/GTASanAndreas3DS/toolchains/llvm-mingw-20260616-ucrt-macos-universal/bin/arm64ec-w64-mingw32-clang -DARCHITECTURE_arm64=1 -DARCHITECTURE_arm64ec=1 -DFEXCORE_HAS_PRESERVE_ALL_ATTR=0 -DFEXCORE_PRESERVE_ALL_ATTR="" -DFEX_HAS_PRESERVE_ALL_ATTR=0 -DFEX_PRESERVE_ALL_ATTR="" -DGLOBAL_DATA_DIRECTORY=\"/usr/local/share/fex-emu/\" -DHAS_PROGRAM_INVOCATION_NAME="" -DINLINE="static inline" -DINLINE_LEVEL=4 -DSOFTFLOAT_BUILTIN_CLZ=1 -DSOFTFLOAT_FAST_DIV32TO16=1 -DSOFTFLOAT_FAST_DIV64TO32=1 -DSOFTFLOAT_FAST_INT64=1 -D_LARGEFILE64_SOURCE @CMakeFiles/softfloat_3e.dir/includes_C.rsp -DFEX_IOS_HOST -O3 -DNDEBUG -flto=thin -Wno-trigraphs -fdiagnostics-color=always -fcolor-diagnostics -Wno-deprecated-enum-enum-conversion -Wall -MD -MT External/SoftFloat-3e/CMakeFiles/softfloat_3e.dir/src/extF80_rem.c.obj -MF CMakeFiles/softfloat_3e.dir/src/extF80_rem.c.obj.d -o CMakeFiles/softfloat_3e.dir/src/extF80_rem.c.obj -c /Users/runner/work/GTASanAndreas3DS/GTASanAndreas3DS/FEX/External/SoftFloat-3e/src/extF80_rem.c
[  6%] Building C object External/SoftFloat-3e/CMakeFiles/softfloat_3e.dir/src/extF80_sqrt.c.obj
cd /Users/runner/work/GTASanAndreas3DS/GTASanAndreas3DS/FEX/build-arm64ec/External/SoftFloat-3e && /opt/homebrew/bin/ccache sloppiness=time_macros /Users/runner/work/GTASanAndreas3DS/GTASanAndreas3DS/toolchains/llvm-mingw-20260616-ucrt-macos-universal/bin/arm64ec-w64-mingw32-clang -DARCHITECTURE_arm64=1 -DARCHITECTURE_arm64ec=1 -DFEXCORE_HAS_PRESERVE_ALL_ATTR=0 -DFEXCORE_PRESERVE_ALL_ATTR="" -DFEX_HAS_PRESERVE_ALL_ATTR=0 -DFEX_PRESERVE_ALL_ATTR="" -DGLOBAL_DATA_DIRECTORY=\"/usr/local/share/fex-emu/\" -DHAS_PROGRAM_INVOCATION_NAME="" -DINLINE="static inline" -DINLINE_LEVEL=4 -DSOFTFLOAT_BUILTIN_CLZ=1 -DSOFTFLOAT_FAST_DIV32TO16=1 -DSOFTFLOAT_FAST_DIV64TO32=1 -DSOFTFLOAT_FAST_INT64=1 -D_LARGEFILE64_SOURCE @CMakeFiles/softfloat_3e.dir/includes_C.rsp -DFEX_IOS_HOST -O3 -DNDEBUG -flto=thin -Wno-trigraphs -fdiagnostics-color=always -fcolor-diagnostics -Wno-deprecated-enum-enum-conversion -Wall -MD -MT External/SoftFloat-3e/CMakeFiles/softfloat_3e.dir/src/extF80_sqrt.c.obj -MF CMakeFiles/softfloat_3e.dir/src/extF80_sqrt.c.obj.d -o CMakeFiles/softfloat_3e.dir/src/extF80_sqrt.c.obj -c /Users/runner/work/GTASanAndreas3DS/GTASanAndreas3DS/FEX/External/SoftFloat-3e/src/extF80_sqrt.c
[  7%] Building C object External/SoftFloat-3e/CMakeFiles/softfloat_3e.dir/src/extF80_le.c.obj
cd /Users/runner/work/GTASanAndreas3DS/GTASanAndreas3DS/FEX/build-arm64ec/External/SoftFloat-3e && /opt/homebrew/bin/ccache sloppiness=time_macros /Users/runner/work/GTASanAndreas3DS/GTASanAndreas3DS/toolchains/llvm-mingw-20260616-ucrt-macos-universal/bin/arm64ec-w64-mingw32-clang -DARCHITECTURE_arm64=1 -DARCHITECTURE_arm64ec=1 -DFEXCORE_HAS_PRESERVE_ALL_ATTR=0 -DFEXCORE_PRESERVE_ALL_ATTR="" -DFEX_HAS_PRESERVE_ALL_ATTR=0 -DFEX_PRESERVE_ALL_ATTR="" -DGLOBAL_DATA_DIRECTORY=\"/usr/local/share/fex-emu/\" -DHAS_PROGRAM_INVOCATION_NAME="" -DINLINE="static inline" -DINLINE_LEVEL=4 -DSOFTFLOAT_BUILTIN_CLZ=1 -DSOFTFLOAT_FAST_DIV32TO16=1 -DSOFTFLOAT_FAST_DIV64TO32=1 -DSOFTFLOAT_FAST_INT64=1 -D_LARGEFILE64_SOURCE @CMakeFiles/softfloat_3e.dir/includes_C.rsp -DFEX_IOS_HOST -O3 -DNDEBUG -flto=thin -Wno-trigraphs -fdiagnostics-color=always -fcolor-diagnostics -Wno-deprecated-enum-enum-conversion -Wall -MD -MT External/SoftFloat-3e/CMakeFiles/softfloat_3e.dir/src/extF80_le.c.obj -MF CMakeFiles/softfloat_3e.dir/src/extF80_le.c.obj.d -o CMakeFiles/softfloat_3e.dir/src/extF80_le.c.obj -c /Users/runner/work/GTASanAndreas3DS/GTASanAndreas3DS/FEX/External/SoftFloat-3e/src/extF80_le.c
[  7%] Building C object External/SoftFloat-3e/CMakeFiles/softfloat_3e.dir/src/extF80_to_i32.c.obj
cd /Users/runner/work/GTASanAndreas3DS/GTASanAndreas3DS/FEX/build-arm64ec/External/SoftFloat-3e && /opt/homebrew/bin/ccache sloppiness=time_macros /Users/runner/work/GTASanAndreas3DS/GTASanAndreas3DS/toolchains/llvm-mingw-20260616-ucrt-macos-universal/bin/arm64ec-w64-mingw32-clang -DARCHITECTURE_arm64=1 -DARCHITECTURE_arm64ec=1 -DFEXCORE_HAS_PRESERVE_ALL_ATTR=0 -DFEXCORE_PRESERVE_ALL_ATTR="" -DFEX_HAS_PRESERVE_ALL_ATTR=0 -DFEX_PRESERVE_ALL_ATTR="" -DGLOBAL_DATA_DIRECTORY=\"/usr/local/share/fex-emu/\" -DHAS_PROGRAM_INVOCATION_NAME="" -DINLINE="static inline" -DINLINE_LEVEL=4 -DSOFTFLOAT_BUILTIN_CLZ=1 -DSOFTFLOAT_FAST_DIV32TO16=1 -DSOFTFLOAT_FAST_DIV64TO32=1 -DSOFTFLOAT_FAST_INT64=1 -D_LARGEFILE64_SOURCE @CMakeFiles/softfloat_3e.dir/includes_C.rsp -DFEX_IOS_HOST -O3 -DNDEBUG -flto=thin -Wno-trigraphs -fdiagnostics-color=always -fcolor-diagnostics -Wno-deprecated-enum-enum-conversion -Wall -MD -MT External/SoftFloat-3e/CMakeFiles/softfloat_3e.dir/src/extF80_to_i32.c.obj -MF CMakeFiles/softfloat_3e.dir/src/extF80_to_i32.c.obj.d -o CMakeFiles/softfloat_3e.dir/src/extF80_to_i32.c.obj -c /Users/runner/work/GTASanAndreas3DS/GTASanAndreas3DS/FEX/External/SoftFloat-3e/src/extF80_to_i32.c
[  8%] Building C object External/SoftFloat-3e/CMakeFiles/softfloat_3e.dir/src/extF80_to_i64.c.obj
cd /Users/runner/work/GTASanAndreas3DS/GTASanAndreas3DS/FEX/build-arm64ec/External/SoftFloat-3e && /opt/homebrew/bin/ccache sloppiness=time_macros /Users/runner/work/GTASanAndreas3DS/GTASanAndreas3DS/toolchains/llvm-mingw-20260616-ucrt-macos-universal/bin/arm64ec-w64-mingw32-clang -DARCHITECTURE_arm64=1 -DARCHITECTURE_arm64ec=1 -DFEXCORE_HAS_PRESERVE_ALL_ATTR=0 -DFEXCORE_PRESERVE_ALL_ATTR="" -DFEX_HAS_PRESERVE_ALL_ATTR=0 -DFEX_PRESERVE_ALL_ATTR="" -DGLOBAL_DATA_DIRECTORY=\"/usr/local/share/fex-emu/\" -DHAS_PROGRAM_INVOCATION_NAME="" -DINLINE="static inline" -DINLINE_LEVEL=4 -DSOFTFLOAT_BUILTIN_CLZ=1 -DSOFTFLOAT_FAST_DIV32TO16=1 -DSOFTFLOAT_FAST_DIV64TO32=1 -DSOFTFLOAT_FAST_INT64=1 -D_LARGEFILE64_SOURCE @CMakeFiles/softfloat_3e.dir/includes_C.rsp -DFEX_IOS_HOST -O3 -DNDEBUG -flto=thin -Wno-trigraphs -fdiagnostics-color=always -fcolor-diagnostics -Wno-deprecated-enum-enum-conversion -Wall -MD -MT External/SoftFloat-3e/CMakeFiles/softfloat_3e.dir/src/extF80_to_i64.c.obj -MF CMakeFiles/softfloat_3e.dir/src/extF80_to_i64.c.obj.d -o CMakeFiles/softfloat_3e.dir/src/extF80_to_i64.c.obj -c /Users/runner/work/GTASanAndreas3DS/GTASanAndreas3DS/FEX/External/SoftFloat-3e/src/extF80_to_i64.c
[  8%] Building C object External/SoftFloat-3e/CMakeFiles/softfloat_3e.dir/src/extF80_to_ui64.c.obj
cd /Users/runner/work/GTASanAndreas3DS/GTASanAndreas3DS/FEX/build-arm64ec/External/SoftFloat-3e && /opt/homebrew/bin/ccache sloppiness=time_macros /Users/runner/work/GTASanAndreas3DS/GTASanAndreas3DS/toolchains/llvm-mingw-20260616-ucrt-macos-universal/bin/arm64ec-w64-mingw32-clang -DARCHITECTURE_arm64=1 -DARCHITECTURE_arm64ec=1 -DFEXCORE_HAS_PRESERVE_ALL_ATTR=0 -DFEXCORE_PRESERVE_ALL_ATTR="" -DFEX_HAS_PRESERVE_ALL_ATTR=0 -DFEX_PRESERVE_ALL_ATTR="" -DGLOBAL_DATA_DIRECTORY=\"/usr/local/share/fex-emu/\" -DHAS_PROGRAM_INVOCATION_NAME="" -DINLINE="static inline" -DINLINE_LEVEL=4 -DSOFTFLOAT_BUILTIN_CLZ=1 -DSOFTFLOAT_FAST_DIV32TO16=1 -DSOFTFLOAT_FAST_DIV64TO32=1 -DSOFTFLOAT_FAST_INT64=1 -D_LARGEFILE64_SOURCE @CMakeFiles/softfloat_3e.dir/includes_C.rsp -DFEX_IOS_HOST -O3 -DNDEBUG -flto=thin -Wno-trigraphs -fdiagnostics-color=always -fcolor-diagnostics -Wno-deprecated-enum-enum-conversion -Wall -MD -MT External/SoftFloat-3e/CMakeFiles/softfloat_3e.dir/src/extF80_to_ui64.c.obj -MF CMakeFiles/softfloat_3e.dir/src/extF80_to_ui64.c.obj.d -o CMakeFiles/softfloat_3e.dir/src/extF80_to_ui64.c.obj -c /Users/runner/work/GTASanAndreas3DS/GTASanAndreas3DS/FEX/External/SoftFloat-3e/src/extF80_to_ui64.c
[  9%] Building C object External/SoftFloat-3e/CMakeFiles/softfloat_3e.dir/src/extF80_to_f32.c.obj
cd /Users/runner/work/GTASanAndreas3DS/GTASanAndreas3DS/FEX/build-arm64ec/External/SoftFloat-3e && /opt/homebrew/bin/ccache sloppiness=time_macros /Users/runner/work/GTASanAndreas3DS/GTASanAndreas3DS/toolchains/llvm-mingw-20260616-ucrt-macos-universal/bin/arm64ec-w64-mingw32-clang -DARCHITECTURE_arm64=1 -DARCHITECTURE_arm64ec=1 -DFEXCORE_HAS_PRESERVE_ALL_ATTR=0 -DFEXCORE_PRESERVE_ALL_ATTR="" -DFEX_HAS_PRESERVE_ALL_ATTR=0 -DFEX_PRESERVE_ALL_ATTR="" -DGLOBAL_DATA_DIRECTORY=\"/usr/local/share/fex-emu/\" -DHAS_PROGRAM_INVOCATION_NAME="" -DINLINE="static inline" -DINLINE_LEVEL=4 -DSOFTFLOAT_BUILTIN_CLZ=1 -DSOFTFLOAT_FAST_DIV32TO16=1 -DSOFTFLOAT_FAST_DIV64TO32=1 -DSOFTFLOAT_FAST_INT64=1 -D_LARGEFILE64_SOURCE @CMakeFiles/softfloat_3e.dir/includes_C.rsp -DFEX_IOS_HOST -O3 -DNDEBUG -flto=thin -Wno-trigraphs -fdiagnostics-color=always -fcolor-diagnostics -Wno-deprecated-enum-enum-conversion -Wall -MD -MT External/SoftFloat-3e/CMakeFiles/softfloat_3e.dir/src/extF80_to_f32.c.obj -MF CMakeFiles/softfloat_3e.dir/src/extF80_to_f32.c.obj.d -o CMakeFiles/softfloat_3e.dir/src/extF80_to_f32.c.obj -c /Users/runner/work/GTASanAndreas3DS/GTASanAndreas3DS/FEX/External/SoftFloat-3e/src/extF80_to_f32.c
[  9%] Building C object External/SoftFloat-3e/CMakeFiles/softfloat_3e.dir/src/extF80_to_f64.c.obj
cd /Users/runner/work/GTASanAndreas3DS/GTASanAndreas3DS/FEX/build-arm64ec/External/SoftFloat-3e && /opt/homebrew/bin/ccache sloppiness=time_macros /Users/runner/work/GTASanAndreas3DS/GTASanAndreas3DS/toolchains/llvm-mingw-20260616-ucrt-macos-universal/bin/arm64ec-w64-mingw32-clang -DARCHITECTURE_arm64=1 -DARCHITECTURE_arm64ec=1 -DFEXCORE_HAS_PRESERVE_ALL_ATTR=0 -DFEXCORE_PRESERVE_ALL_ATTR="" -DFEX_HAS_PRESERVE_ALL_ATTR=0 -DFEX_PRESERVE_ALL_ATTR="" -DGLOBAL_DATA_DIRECTORY=\"/usr/local/share/fex-emu/\" -DHAS_PROGRAM_INVOCATION_NAME="" -DINLINE="static inline" -DINLINE_LEVEL=4 -DSOFTFLOAT_BUILTIN_CLZ=1 -DSOFTFLOAT_FAST_DIV32TO16=1 -DSOFTFLOAT_FAST_DIV64TO32=1 -DSOFTFLOAT_FAST_INT64=1 -D_LARGEFILE64_SOURCE @CMakeFiles/softfloat_3e.dir/includes_C.rsp -DFEX_IOS_HOST -O3 -DNDEBUG -flto=thin -Wno-trigraphs -fdiagnostics-color=always -fcolor-diagnostics -Wno-deprecated-enum-enum-conversion -Wall -MD -MT External/SoftFloat-3e/CMakeFiles/softfloat_3e.dir/src/extF80_to_f64.c.obj -MF CMakeFiles/softfloat_3e.dir/src/extF80_to_f64.c.obj.d -o CMakeFiles/softfloat_3e.dir/src/extF80_to_f64.c.obj -c /Users/runner/work/GTASanAndreas3DS/GTASanAndreas3DS/FEX/External/SoftFloat-3e/src/extF80_to_f64.c
[ 10%] Building C object External/SoftFloat-3e/CMakeFiles/softfloat_3e.dir/src/i32_to_extF80.c.obj
cd /Users/runner/work/GTASanAndreas3DS/GTASanAndreas3DS/FEX/build-arm64ec/External/SoftFloat-3e && /opt/homebrew/bin/ccache sloppiness=time_macros /Users/runner/work/GTASanAndreas3DS/GTASanAndreas3DS/toolchains/llvm-mingw-20260616-ucrt-macos-universal/bin/arm64ec-w64-mingw32-clang -DARCHITECTURE_arm64=1 -DARCHITECTURE_arm64ec=1 -DFEXCORE_HAS_PRESERVE_ALL_ATTR=0 -DFEXCORE_PRESERVE_ALL_ATTR="" -DFEX_HAS_PRESERVE_ALL_ATTR=0 -DFEX_PRESERVE_ALL_ATTR="" -DGLOBAL_DATA_DIRECTORY=\"/usr/local/share/fex-emu/\" -DHAS_PROGRAM_INVOCATION_NAME="" -DINLINE="static inline" -DINLINE_LEVEL=4 -DSOFTFLOAT_BUILTIN_CLZ=1 -DSOFTFLOAT_FAST_DIV32TO16=1 -DSOFTFLOAT_FAST_DIV64TO32=1 -DSOFTFLOAT_FAST_INT64=1 -D_LARGEFILE64_SOURCE @CMakeFiles/softfloat_3e.dir/includes_C.rsp -DFEX_IOS_HOST -O3 -DNDEBUG -flto=thin -Wno-trigraphs -fdiagnostics-color=always -fcolor-diagnostics -Wno-deprecated-enum-enum-conversion -Wall -MD -MT External/SoftFloat-3e/CMakeFiles/softfloat_3e.dir/src/i32_to_extF80.c.obj -MF CMakeFiles/softfloat_3e.dir/src/i32_to_extF80.c.obj.d -o CMakeFiles/softfloat_3e.dir/src/i32_to_extF80.c.obj -c /Users/runner/work/GTASanAndreas3DS/GTASanAndreas3DS/FEX/External/SoftFloat-3e/src/i32_to_extF80.c
[ 10%] Building C object External/SoftFloat-3e/CMakeFiles/softfloat_3e.dir/src/ui64_to_extF80.c.obj
cd /Users/runner/work/GTASanAndreas3DS/GTASanAndreas3DS/FEX/build-arm64ec/External/SoftFloat-3e && /opt/homebrew/bin/ccache sloppiness=time_macros /Users/runner/work/GTASanAndreas3DS/GTASanAndreas3DS/toolchains/llvm-mingw-20260616-ucrt-macos-universal/bin/arm64ec-w64-mingw32-clang -DARCHITECTURE_arm64=1 -DARCHITECTURE_arm64ec=1 -DFEXCORE_HAS_PRESERVE_ALL_ATTR=0 -DFEXCORE_PRESERVE_ALL_ATTR="" -DFEX_HAS_PRESERVE_ALL_ATTR=0 -DFEX_PRESERVE_ALL_ATTR="" -DGLOBAL_DATA_DIRECTORY=\"/usr/local/share/fex-emu/\" -DHAS_PROGRAM_INVOCATION_NAME="" -DINLINE="static inline" -DINLINE_LEVEL=4 -DSOFTFLOAT_BUILTIN_CLZ=1 -DSOFTFLOAT_FAST_DIV32TO16=1 -DSOFTFLOAT_FAST_DIV64TO32=1 -DSOFTFLOAT_FAST_INT64=1 -D_LARGEFILE64_SOURCE @CMakeFiles/softfloat_3e.dir/includes_C.rsp -DFEX_IOS_HOST -O3 -DNDEBUG -flto=thin -Wno-trigraphs -fdiagnostics-color=always -fcolor-diagnostics -Wno-deprecated-enum-enum-conversion -Wall -MD -MT External/SoftFloat-3e/CMakeFiles/softfloat_3e.dir/src/ui64_to_extF80.c.obj -MF CMakeFiles/softfloat_3e.dir/src/ui64_to_extF80.c.obj.d -o CMakeFiles/softfloat_3e.dir/src/ui64_to_extF80.c.obj -c /Users/runner/work/GTASanAndreas3DS/GTASanAndreas3DS/FEX/External/SoftFloat-3e/src/ui64_to_extF80.c
[ 10%] Building C object External/SoftFloat-3e/CMakeFiles/softfloat_3e.dir/src/extF80_to_f128.c.obj
cd /Users/runner/work/GTASanAndreas3DS/GTASanAndreas3DS/FEX/build-arm64ec/External/SoftFloat-3e && /opt/homebrew/bin/ccache sloppiness=time_macros /Users/runner/work/GTASanAndreas3DS/GTASanAndreas3DS/toolchains/llvm-mingw-20260616-ucrt-macos-universal/bin/arm64ec-w64-mingw32-clang -DARCHITECTURE_arm64=1 -DARCHITECTURE_arm64ec=1 -DFEXCORE_HAS_PRESERVE_ALL_ATTR=0 -DFEXCORE_PRESERVE_ALL_ATTR="" -DFEX_HAS_PRESERVE_ALL_ATTR=0 -DFEX_PRESERVE_ALL_ATTR="" -DGLOBAL_DATA_DIRECTORY=\"/usr/local/share/fex-emu/\" -DHAS_PROGRAM_INVOCATION_NAME="" -DINLINE="static inline" -DINLINE_LEVEL=4 -DSOFTFLOAT_BUILTIN_CLZ=1 -DSOFTFLOAT_FAST_DIV32TO16=1 -DSOFTFLOAT_FAST_DIV64TO32=1 -DSOFTFLOAT_FAST_INT64=1 -D_LARGEFILE64_SOURCE @CMakeFiles/softfloat_3e.dir/includes_C.rsp -DFEX_IOS_HOST -O3 -DNDEBUG -flto=thin -Wno-trigraphs -fdiagnostics-color=always -fcolor-diagnostics -Wno-deprecated-enum-enum-conversion -Wall -MD -MT External/SoftFloat-3e/CMakeFiles/softfloat_3e.dir/src/extF80_to_f128.c.obj -MF CMakeFiles/softfloat_3e.dir/src/extF80_to_f128.c.obj.d -o CMakeFiles/softfloat_3e.dir/src/extF80_to_f128.c.obj -c /Users/runner/work/GTASanAndreas3DS/GTASanAndreas3DS/FEX/External/SoftFloat-3e/src/extF80_to_f128.c
[ 11%] Building C object External/SoftFloat-3e/CMakeFiles/softfloat_3e.dir/src/f128_to_extF80.c.obj
cd /Users/runner/work/GTASanAndreas3DS/GTASanAndreas3DS/FEX/build-arm64ec/External/SoftFloat-3e && /opt/homebrew/bin/ccache sloppiness=time_macros /Users/runner/work/GTASanAndreas3DS/GTASanAndreas3DS/toolchains/llvm-mingw-20260616-ucrt-macos-universal/bin/arm64ec-w64-mingw32-clang -DARCHITECTURE_arm64=1 -DARCHITECTURE_arm64ec=1 -DFEXCORE_HAS_PRESERVE_ALL_ATTR=0 -DFEXCORE_PRESERVE_ALL_ATTR="" -DFEX_HAS_PRESERVE_ALL_ATTR=0 -DFEX_PRESERVE_ALL_ATTR="" -DGLOBAL_DATA_DIRECTORY=\"/usr/local/share/fex-emu/\" -DHAS_PROGRAM_INVOCATION_NAME="" -DINLINE="static inline" -DINLINE_LEVEL=4 -DSOFTFLOAT_BUILTIN_CLZ=1 -DSOFTFLOAT_FAST_DIV32TO16=1 -DSOFTFLOAT_FAST_DIV64TO32=1 -DSOFTFLOAT_FAST_INT64=1 -D_LARGEFILE64_SOURCE @CMakeFiles/softfloat_3e.dir/includes_C.rsp -DFEX_IOS_HOST -O3 -DNDEBUG -flto=thin -Wno-trigraphs -fdiagnostics-color=always -fcolor-diagnostics -Wno-deprecated-enum-enum-conversion -Wall -MD -MT External/SoftFloat-3e/CMakeFiles/softfloat_3e.dir/src/f128_to_extF80.c.obj -MF CMakeFiles/softfloat_3e.dir/src/f128_to_extF80.c.obj.d -o CMakeFiles/softfloat_3e.dir/src/f128_to_extF80.c.obj -c /Users/runner/work/GTASanAndreas3DS/GTASanAndreas3DS/FEX/External/SoftFloat-3e/src/f128_to_extF80.c
[ 11%] Building C object External/SoftFloat-3e/CMakeFiles/softfloat_3e.dir/src/f128_add.c.obj
cd /Users/runner/work/GTASanAndreas3DS/GTASanAndreas3DS/FEX/build-arm64ec/External/SoftFloat-3e && /opt/homebrew/bin/ccache sloppiness=time_macros /Users/runner/work/GTASanAndreas3DS/GTASanAndreas3DS/toolchains/llvm-mingw-20260616-ucrt-macos-universal/bin/arm64ec-w64-mingw32-clang -DARCHITECTURE_arm64=1 -DARCHITECTURE_arm64ec=1 -DFEXCORE_HAS_PRESERVE_ALL_ATTR=0 -DFEXCORE_PRESERVE_ALL_ATTR="" -DFEX_HAS_PRESERVE_ALL_ATTR=0 -DFEX_PRESERVE_ALL_ATTR="" -DGLOBAL_DATA_DIRECTORY=\"/usr/local/share/fex-emu/\" -DHAS_PROGRAM_INVOCATION_NAME="" -DINLINE="static inline" -DINLINE_LEVEL=4 -DSOFTFLOAT_BUILTIN_CLZ=1 -DSOFTFLOAT_FAST_DIV32TO16=1 -DSOFTFLOAT_FAST_DIV64TO32=1 -DSOFTFLOAT_FAST_INT64=1 -D_LARGEFILE64_SOURCE @CMakeFiles/softfloat_3e.dir/includes_C.rsp -DFEX_IOS_HOST -O3 -DNDEBUG -flto=thin -Wno-trigraphs -fdiagnostics-color=always -fcolor-diagnostics -Wno-deprecated-enum-enum-conversion -Wall -MD -MT External/SoftFloat-3e/CMakeFiles/softfloat_3e.dir/src/f128_add.c.obj -MF CMakeFiles/softfloat_3e.dir/src/f128_add.c.obj.d -o CMakeFiles/softfloat_3e.dir/src/f128_add.c.obj -c /Users/runner/work/GTASanAndreas3DS/GTASanAndreas3DS/FEX/External/SoftFloat-3e/src/f128_add.c
[ 12%] Building C object External/SoftFloat-3e/CMakeFiles/softfloat_3e.dir/src/f128_div.c.obj
cd /Users/runner/work/GTASanAndreas3DS/GTASanAndreas3DS/FEX/build-arm64ec/External/SoftFloat-3e && /opt/homebrew/bin/ccache sloppiness=time_macros /Users/runner/work/GTASanAndreas3DS/GTASanAndreas3DS/toolchains/llvm-mingw-20260616-ucrt-macos-universal/bin/arm64ec-w64-mingw32-clang -DARCHITECTURE_arm64=1 -DARCHITECTURE_arm64ec=1 -DFEXCORE_HAS_PRESERVE_ALL_ATTR=0 -DFEXCORE_PRESERVE_ALL_ATTR="" -DFEX_HAS_PRESERVE_ALL_ATTR=0 -DFEX_PRESERVE_ALL_ATTR="" -DGLOBAL_DATA_DIRECTORY=\"/usr/local/share/fex-emu/\" -DHAS_PROGRAM_INVOCATION_NAME="" -DINLINE="static inline" -DINLINE_LEVEL=4 -DSOFTFLOAT_BUILTIN_CLZ=1 -DSOFTFLOAT_FAST_DIV32TO16=1 -DSOFTFLOAT_FAST_DIV64TO32=1 -DSOFTFLOAT_FAST_INT64=1 -D_LARGEFILE64_SOURCE @CMakeFiles/softfloat_3e.dir/includes_C.rsp -DFEX_IOS_HOST -O3 -DNDEBUG -flto=thin -Wno-trigraphs -fdiagnostics-color=always -fcolor-diagnostics -Wno-deprecated-enum-enum-conversion -Wall -MD -MT External/SoftFloat-3e/CMakeFiles/softfloat_3e.dir/src/f128_div.c.obj -MF CMakeFiles/softfloat_3e.dir/src/f128_div.c.obj.d -o CMakeFiles/softfloat_3e.dir/src/f128_div.c.obj -c /Users/runner/work/GTASanAndreas3DS/GTASanAndreas3DS/FEX/External/SoftFloat-3e/src/f128_div.c
[ 12%] Building C object External/SoftFloat-3e/CMakeFiles/softfloat_3e.dir/src/f128_eq.c.obj
cd /Users/runner/work/GTASanAndreas3DS/GTASanAndreas3DS/FEX/build-arm64ec/External/SoftFloat-3e && /opt/homebrew/bin/ccache sloppiness=time_macros /Users/runner/work/GTASanAndreas3DS/GTASanAndreas3DS/toolchains/llvm-mingw-20260616-ucrt-macos-universal/bin/arm64ec-w64-mingw32-clang -DARCHITECTURE_arm64=1 -DARCHITECTURE_arm64ec=1 -DFEXCORE_HAS_PRESERVE_ALL_ATTR=0 -DFEXCORE_PRESERVE_ALL_ATTR="" -DFEX_HAS_PRESERVE_ALL_ATTR=0 -DFEX_PRESERVE_ALL_ATTR="" -DGLOBAL_DATA_DIRECTORY=\"/usr/local/share/fex-emu/\" -DHAS_PROGRAM_INVOCATION_NAME="" -DINLINE="static inline" -DINLINE_LEVEL=4 -DSOFTFLOAT_BUILTIN_CLZ=1 -DSOFTFLOAT_FAST_DIV32TO16=1 -DSOFTFLOAT_FAST_DIV64TO32=1 -DSOFTFLOAT_FAST_INT64=1 -D_LARGEFILE64_SOURCE @CMakeFiles/softfloat_3e.dir/includes_C.rsp -DFEX_IOS_HOST -O3 -DNDEBUG -flto=thin -Wno-trigraphs -fdiagnostics-color=always -fcolor-diagnostics -Wno-deprecated-enum-enum-conversion -Wall -MD -MT External/SoftFloat-3e/CMakeFiles/softfloat_3e.dir/src/f128_eq.c.obj -MF CMakeFiles/softfloat_3e.dir/src/f128_eq.c.obj.d -o CMakeFiles/softfloat_3e.dir/src/f128_eq.c.obj -c /Users/runner/work/GTASanAndreas3DS/GTASanAndreas3DS/FEX/External/SoftFloat-3e/src/f128_eq.c
[ 13%] Building C object External/SoftFloat-3e/CMakeFiles/softfloat_3e.dir/src/f128_eq_signaling.c.obj
cd /Users/runner/work/GTASanAndreas3DS/GTASanAndreas3DS/FEX/build-arm64ec/External/SoftFloat-3e && /opt/homebrew/bin/ccache sloppiness=time_macros /Users/runner/work/GTASanAndreas3DS/GTASanAndreas3DS/toolchains/llvm-mingw-20260616-ucrt-macos-universal/bin/arm64ec-w64-mingw32-clang -DARCHITECTURE_arm64=1 -DARCHITECTURE_arm64ec=1 -DFEXCORE_HAS_PRESERVE_ALL_ATTR=0 -DFEXCORE_PRESERVE_ALL_ATTR="" -DFEX_HAS_PRESERVE_ALL_ATTR=0 -DFEX_PRESERVE_ALL_ATTR="" -DGLOBAL_DATA_DIRECTORY=\"/usr/local/share/fex-emu/\" -DHAS_PROGRAM_INVOCATION_NAME="" -DINLINE="static inline" -DINLINE_LEVEL=4 -DSOFTFLOAT_BUILTIN_CLZ=1 -DSOFTFLOAT_FAST_DIV32TO16=1 -DSOFTFLOAT_FAST_DIV64TO32=1 -DSOFTFLOAT_FAST_INT64=1 -D_LARGEFILE64_SOURCE @CMakeFiles/softfloat_3e.dir/includes_C.rsp -DFEX_IOS_HOST -O3 -DNDEBUG -flto=thin -Wno-trigraphs -fdiagnostics-color=always -fcolor-diagnostics -Wno-deprecated-enum-enum-conversion -Wall -MD -MT External/SoftFloat-3e/CMakeFiles/softfloat_3e.dir/src/f128_eq_signaling.c.obj -MF CMakeFiles/softfloat_3e.dir/src/f128_eq_signaling.c.obj.d -o CMakeFiles/softfloat_3e.dir/src/f128_eq_signaling.c.obj -c /Users/runner/work/GTASanAndreas3DS/GTASanAndreas3DS/FEX/External/SoftFloat-3e/src/f128_eq_signaling.c
[ 13%] Building C object External/SoftFloat-3e/CMakeFiles/softfloat_3e.dir/src/f128_isSignalingNaN.c.obj
cd /Users/runner/work/GTASanAndreas3DS/GTASanAndreas3DS/FEX/build-arm64ec/External/SoftFloat-3e && /opt/homebrew/bin/ccache sloppiness=time_macros /Users/runner/work/GTASanAndreas3DS/GTASanAndreas3DS/toolchains/llvm-mingw-20260616-ucrt-macos-universal/bin/arm64ec-w64-mingw32-clang -DARCHITECTURE_arm64=1 -DARCHITECTURE_arm64ec=1 -DFEXCORE_HAS_PRESERVE_ALL_ATTR=0 -DFEXCORE_PRESERVE_ALL_ATTR="" -DFEX_HAS_PRESERVE_ALL_ATTR=0 -DFEX_PRESERVE_ALL_ATTR="" -DGLOBAL_DATA_DIRECTORY=\"/usr/local/share/fex-emu/\" -DHAS_PROGRAM_INVOCATION_NAME="" -DINLINE="static inline" -DINLINE_LEVEL=4 -DSOFTFLOAT_BUILTIN_CLZ=1 -DSOFTFLOAT_FAST_DIV32TO16=1 -DSOFTFLOAT_FAST_DIV64TO32=1 -DSOFTFLOAT_FAST_INT64=1 -D_LARGEFILE64_SOURCE @CMakeFiles/softfloat_3e.dir/includes_C.rsp -DFEX_IOS_HOST -O3 -DNDEBUG -flto=thin -Wno-trigraphs -fdiagnostics-color=always -fcolor-diagnostics -Wno-deprecated-enum-enum-conversion -Wall -MD -MT External/SoftFloat-3e/CMakeFiles/softfloat_3e.dir/src/f128_isSignalingNaN.c.obj -MF CMakeFiles/softfloat_3e.dir/src/f128_isSignalingNaN.c.obj.d -o CMakeFiles/softfloat_3e.dir/src/f128_isSignalingNaN.c.obj -c /Users/runner/work/GTASanAndreas3DS/GTASanAndreas3DS/FEX/External/SoftFloat-3e/src/f128_isSignalingNaN.c
[ 14%] Building C object External/SoftFloat-3e/CMakeFiles/softfloat_3e.dir/src/f128_le.c.obj
cd /Users/runner/work/GTASanAndreas3DS/GTASanAndreas3DS/FEX/build-arm64ec/External/SoftFloat-3e && /opt/homebrew/bin/ccache sloppiness=time_macros /Users/runner/work/GTASanAndreas3DS/GTASanAndreas3DS/toolchains/llvm-mingw-20260616-ucrt-macos-universal/bin/arm64ec-w64-mingw32-clang -DARCHITECTURE_arm64=1 -DARCHITECTURE_arm64ec=1 -DFEXCORE_HAS_PRESERVE_ALL_ATTR=0 -DFEXCORE_PRESERVE_ALL_ATTR="" -DFEX_HAS_PRESERVE_ALL_ATTR=0 -DFEX_PRESERVE_ALL_ATTR="" -DGLOBAL_DATA_DIRECTORY=\"/usr/local/share/fex-emu/\" -DHAS_PROGRAM_INVOCATION_NAME="" -DINLINE="static inline" -DINLINE_LEVEL=4 -DSOFTFLOAT_BUILTIN_CLZ=1 -DSOFTFLOAT_FAST_DIV32TO16=1 -DSOFTFLOAT_FAST_DIV64TO32=1 -DSOFTFLOAT_FAST_INT64=1 -D_LARGEFILE64_SOURCE @CMakeFiles/softfloat_3e.dir/includes_C.rsp -DFEX_IOS_HOST -O3 -DNDEBUG -flto=thin -Wno-trigraphs -fdiagnostics-color=always -fcolor-diagnostics -Wno-deprecated-enum-enum-conversion -Wall -MD -MT External/SoftFloat-3e/CMakeFiles/softfloat_3e.dir/src/f128_le.c.obj -MF CMakeFiles/softfloat_3e.dir/src/f128_le.c.obj.d -o CMakeFiles/softfloat_3e.dir/src/f128_le.c.obj -c /Users/runner/work/GTASanAndreas3DS/GTASanAndreas3DS/FEX/External/SoftFloat-3e/src/f128_le.c
[ 14%] Building C object External/SoftFloat-3e/CMakeFiles/softfloat_3e.dir/src/f128_le_quiet.c.obj
cd /Users/runner/work/GTASanAndreas3DS/GTASanAndreas3DS/FEX/build-arm64ec/External/SoftFloat-3e && /opt/homebrew/bin/ccache sloppiness=time_macros /Users/runner/work/GTASanAndreas3DS/GTASanAndreas3DS/toolchains/llvm-mingw-20260616-ucrt-macos-universal/bin/arm64ec-w64-mingw32-clang -DARCHITECTURE_arm64=1 -DARCHITECTURE_arm64ec=1 -DFEXCORE_HAS_PRESERVE_ALL_ATTR=0 -DFEXCORE_PRESERVE_ALL_ATTR="" -DFEX_HAS_PRESERVE_ALL_ATTR=0 -DFEX_PRESERVE_ALL_ATTR="" -DGLOBAL_DATA_DIRECTORY=\"/usr/local/share/fex-emu/\" -DHAS_PROGRAM_INVOCATION_NAME="" -DINLINE="static inline" -DINLINE_LEVEL=4 -DSOFTFLOAT_BUILTIN_CLZ=1 -DSOFTFLOAT_FAST_DIV32TO16=1 -DSOFTFLOAT_FAST_DIV64TO32=1 -DSOFTFLOAT_FAST_INT64=1 -D_LARGEFILE64_SOURCE @CMakeFiles/softfloat_3e.dir/includes_C.rsp -DFEX_IOS_HOST -O3 -DNDEBUG -flto=thin -Wno-trigraphs -fdiagnostics-color=always -fcolor-diagnostics -Wno-deprecated-enum-enum-conversion -Wall -MD -MT External/SoftFloat-3e/CMakeFiles/softfloat_3e.dir/src/f128_le_quiet.c.obj -MF CMakeFiles/softfloat_3e.dir/src/f128_le_quiet.c.obj.d -o CMakeFiles/softfloat_3e.dir/src/f128_le_quiet.c.obj -c /Users/runner/work/GTASanAndreas3DS/GTASanAndreas3DS/FEX/External/SoftFloat-3e/src/f128_le_quiet.c
[ 15%] Building C object External/SoftFloat-3e/CMakeFiles/softfloat_3e.dir/src/f128_lt.c.obj
cd /Users/runner/work/GTASanAndreas3DS/GTASanAndreas3DS/FEX/build-arm64ec/External/SoftFloat-3e && /opt/homebrew/bin/ccache sloppiness=time_macros /Users/runner/work/GTASanAndreas3DS/GTASanAndreas3DS/toolchains/llvm-mingw-20260616-ucrt-macos-universal/bin/arm64ec-w64-mingw32-clang -DARCHITECTURE_arm64=1 -DARCHITECTURE_arm64ec=1 -DFEXCORE_HAS_PRESERVE_ALL_ATTR=0 -DFEXCORE_PRESERVE_ALL_ATTR="" -DFEX_HAS_PRESERVE_ALL_ATTR=0 -DFEX_PRESERVE_ALL_ATTR="" -DGLOBAL_DATA_DIRECTORY=\"/usr/local/share/fex-emu/\" -DHAS_PROGRAM_INVOCATION_NAME="" -DINLINE="static inline" -DINLINE_LEVEL=4 -DSOFTFLOAT_BUILTIN_CLZ=1 -DSOFTFLOAT_FAST_DIV32TO16=1 -DSOFTFLOAT_FAST_DIV64TO32=1 -DSOFTFLOAT_FAST_INT64=1 -D_LARGEFILE64_SOURCE @CMakeFiles/softfloat_3e.dir/includes_C.rsp -DFEX_IOS_HOST -O3 -DNDEBUG -flto=thin -Wno-trigraphs -fdiagnostics-color=always -fcolor-diagnostics -Wno-deprecated-enum-enum-conversion -Wall -MD -MT External/SoftFloat-3e/CMakeFiles/softfloat_3e.dir/src/f128_lt.c.obj -MF CMakeFiles/softfloat_3e.dir/src/f128_lt.c.obj.d -o CMakeFiles/softfloat_3e.dir/src/f128_lt.c.obj -c /Users/runner/work/GTASanAndreas3DS/GTASanAndreas3DS/FEX/External/SoftFloat-3e/src/f128_lt.c
[ 15%] Building C object External/SoftFloat-3e/CMakeFiles/softfloat_3e.dir/src/f128_lt_quiet.c.obj
cd /Users/runner/work/GTASanAndreas3DS/GTASanAndreas3DS/FEX/build-arm64ec/External/SoftFloat-3e && /opt/homebrew/bin/ccache sloppiness=time_macros /Users/runner/work/GTASanAndreas3DS/GTASanAndreas3DS/toolchains/llvm-mingw-20260616-ucrt-macos-universal/bin/arm64ec-w64-mingw32-clang -DARCHITECTURE_arm64=1 -DARCHITECTURE_arm64ec=1 -DFEXCORE_HAS_PRESERVE_ALL_ATTR=0 -DFEXCORE_PRESERVE_ALL_ATTR="" -DFEX_HAS_PRESERVE_ALL_ATTR=0 -DFEX_PRESERVE_ALL_ATTR="" -DGLOBAL_DATA_DIRECTORY=\"/usr/local/share/fex-emu/\" -DHAS_PROGRAM_INVOCATION_NAME="" -DINLINE="static inline" -DINLINE_LEVEL=4 -DSOFTFLOAT_BUILTIN_CLZ=1 -DSOFTFLOAT_FAST_DIV32TO16=1 -DSOFTFLOAT_FAST_DIV64TO32=1 -DSOFTFLOAT_FAST_INT64=1 -D_LARGEFILE64_SOURCE @CMakeFiles/softfloat_3e.dir/includes_C.rsp -DFEX_IOS_HOST -O3 -DNDEBUG -flto=thin -Wno-trigraphs -fdiagnostics-color=always -fcolor-diagnostics -Wno-deprecated-enum-enum-conversion -Wall -MD -MT External/SoftFloat-3e/CMakeFiles/softfloat_3e.dir/src/f128_lt_quiet.c.obj -MF CMakeFiles/softfloat_3e.dir/src/f128_lt_quiet.c.obj.d -o CMakeFiles/softfloat_3e.dir/src/f128_lt_quiet.c.obj -c /Users/runner/work/GTASanAndreas3DS/GTASanAndreas3DS/FEX/External/SoftFloat-3e/src/f128_lt_quiet.c
[ 16%] Building C object External/SoftFloat-3e/CMakeFiles/softfloat_3e.dir/src/f128_mulAdd.c.obj
cd /Users/runner/work/GTASanAndreas3DS/GTASanAndreas3DS/FEX/build-arm64ec/External/SoftFloat-3e && /opt/homebrew/bin/ccache sloppiness=time_macros /Users/runner/work/GTASanAndreas3DS/GTASanAndreas3DS/toolchains/llvm-mingw-20260616-ucrt-macos-universal/bin/arm64ec-w64-mingw32-clang -DARCHITECTURE_arm64=1 -DARCHITECTURE_arm64ec=1 -DFEXCORE_HAS_PRESERVE_ALL_ATTR=0 -DFEXCORE_PRESERVE_ALL_ATTR="" -DFEX_HAS_PRESERVE_ALL_ATTR=0 -DFEX_PRESERVE_ALL_ATTR="" -DGLOBAL_DATA_DIRECTORY=\"/usr/local/share/fex-emu/\" -DHAS_PROGRAM_INVOCATION_NAME="" -DINLINE="static inline" -DINLINE_LEVEL=4 -DSOFTFLOAT_BUILTIN_CLZ=1 -DSOFTFLOAT_FAST_DIV32TO16=1 -DSOFTFLOAT_FAST_DIV64TO32=1 -DSOFTFLOAT_FAST_INT64=1 -D_LARGEFILE64_SOURCE @CMakeFiles/softfloat_3e.dir/includes_C.rsp -DFEX_IOS_HOST -O3 -DNDEBUG -flto=thin -Wno-trigraphs -fdiagnostics-color=always -fcolor-diagnostics -Wno-deprecated-enum-enum-conversion -Wall -MD -MT External/SoftFloat-3e/CMakeFiles/softfloat_3e.dir/src/f128_mulAdd.c.obj -MF CMakeFiles/softfloat_3e.dir/src/f128_mulAdd.c.obj.d -o CMakeFiles/softfloat_3e.dir/src/f128_mulAdd.c.obj -c /Users/runner/work/GTASanAndreas3DS/GTASanAndreas3DS/FEX/External/SoftFloat-3e/src/f128_mulAdd.c
[ 16%] Building C object External/SoftFloat-3e/CMakeFiles/softfloat_3e.dir/src/f128_mul.c.obj
cd /Users/runner/work/GTASanAndreas3DS/GTASanAndreas3DS/FEX/build-arm64ec/External/SoftFloat-3e && /opt/homebrew/bin/ccache sloppiness=time_macros /Users/runner/work/GTASanAndreas3DS/GTASanAndreas3DS/toolchains/llvm-mingw-20260616-ucrt-macos-universal/bin/arm64ec-w64-mingw32-clang -DARCHITECTURE_arm64=1 -DARCHITECTURE_arm64ec=1 -DFEXCORE_HAS_PRESERVE_ALL_ATTR=0 -DFEXCORE_PRESERVE_ALL_ATTR="" -DFEX_HAS_PRESERVE_ALL_ATTR=0 -DFEX_PRESERVE_ALL_ATTR="" -DGLOBAL_DATA_DIRECTORY=\"/usr/local/share/fex-emu/\" -DHAS_PROGRAM_INVOCATION_NAME="" -DINLINE="static inline" -DINLINE_LEVEL=4 -DSOFTFLOAT_BUILTIN_CLZ=1 -DSOFTFLOAT_FAST_DIV32TO16=1 -DSOFTFLOAT_FAST_DIV64TO32=1 -DSOFTFLOAT_FAST_INT64=1 -D_LARGEFILE64_SOURCE @CMakeFiles/softfloat_3e.dir/includes_C.rsp -DFEX_IOS_HOST -O3 -DNDEBUG -flto=thin -Wno-trigraphs -fdiagnostics-color=always -fcolor-diagnostics -Wno-deprecated-enum-enum-conversion -Wall -MD -MT External/SoftFloat-3e/CMakeFiles/softfloat_3e.dir/src/f128_mul.c.obj -MF CMakeFiles/softfloat_3e.dir/src/f128_mul.c.obj.d -o CMakeFiles/softfloat_3e.dir/src/f128_mul.c.obj -c /Users/runner/work/GTASanAndreas3DS/GTASanAndreas3DS/FEX/External/SoftFloat-3e/src/f128_mul.c
[ 17%] Building C object External/SoftFloat-3e/CMakeFiles/softfloat_3e.dir/src/f128_rem.c.obj
cd /Users/runner/work/GTASanAndreas3DS/GTASanAndreas3DS/FEX/build-arm64ec/External/SoftFloat-3e && /opt/homebrew/bin/ccache sloppiness=time_macros /Users/runner/work/GTASanAndreas3DS/GTASanAndreas3DS/toolchains/llvm-mingw-20260616-ucrt-macos-universal/bin/arm64ec-w64-mingw32-clang -DARCHITECTURE_arm64=1 -DARCHITECTURE_arm64ec=1 -DFEXCORE_HAS_PRESERVE_ALL_ATTR=0 -DFEXCORE_PRESERVE_ALL_ATTR="" -DFEX_HAS_PRESERVE_ALL_ATTR=0 -DFEX_PRESERVE_ALL_ATTR="" -DGLOBAL_DATA_DIRECTORY=\"/usr/local/share/fex-emu/\" -DHAS_PROGRAM_INVOCATION_NAME="" -DINLINE="static inline" -DINLINE_LEVEL=4 -DSOFTFLOAT_BUILTIN_CLZ=1 -DSOFTFLOAT_FAST_DIV32TO16=1 -DSOFTFLOAT_FAST_DIV64TO32=1 -DSOFTFLOAT_FAST_INT64=1 -D_LARGEFILE64_SOURCE @CMakeFiles/softfloat_3e.dir/includes_C.rsp -DFEX_IOS_HOST -O3 -DNDEBUG -flto=thin -Wno-trigraphs -fdiagnostics-color=always -fcolor-diagnostics -Wno-deprecated-enum-enum-conversion -Wall -MD -MT External/SoftFloat-3e/CMakeFiles/softfloat_3e.dir/src/f128_rem.c.obj -MF CMakeFiles/softfloat_3e.dir/src/f128_rem.c.obj.d -o CMakeFiles/softfloat_3e.dir/src/f128_rem.c.obj -c /Users/runner/work/GTASanAndreas3DS/GTASanAndreas3DS/FEX/External/SoftFloat-3e/src/f128_rem.c
[ 17%] Building C object External/SoftFloat-3e/CMakeFiles/softfloat_3e.dir/src/f128_sqrt.c.obj
cd /Users/runner/work/GTASanAndreas3DS/GTASanAndreas3DS/FEX/build-arm64ec/External/SoftFloat-3e && /opt/homebrew/bin/ccache sloppiness=time_macros /Users/runner/work/GTASanAndreas3DS/GTASanAndreas3DS/toolchains/llvm-mingw-20260616-ucrt-macos-universal/bin/arm64ec-w64-mingw32-clang -DARCHITECTURE_arm64=1 -DARCHITECTURE_arm64ec=1 -DFEXCORE_HAS_PRESERVE_ALL_ATTR=0 -DFEXCORE_PRESERVE_ALL_ATTR="" -DFEX_HAS_PRESERVE_ALL_ATTR=0 -DFEX_PRESERVE_ALL_ATTR="" -DGLOBAL_DATA_DIRECTORY=\"/usr/local/share/fex-emu/\" -DHAS_PROGRAM_INVOCATION_NAME="" -DINLINE="static inline" -DINLINE_LEVEL=4 -DSOFTFLOAT_BUILTIN_CLZ=1 -DSOFTFLOAT_FAST_DIV32TO16=1 -DSOFTFLOAT_FAST_DIV64TO32=1 -DSOFTFLOAT_FAST_INT64=1 -D_LARGEFILE64_SOURCE @CMakeFiles/softfloat_3e.dir/includes_C.rsp -DFEX_IOS_HOST -O3 -DNDEBUG -flto=thin -Wno-trigraphs -fdiagnostics-color=always -fcolor-diagnostics -Wno-deprecated-enum-enum-conversion -Wall -MD -MT External/SoftFloat-3e/CMakeFiles/softfloat_3e.dir/src/f128_sqrt.c.obj -MF CMakeFiles/softfloat_3e.dir/src/f128_sqrt.c.obj.d -o CMakeFiles/softfloat_3e.dir/src/f128_sqrt.c.obj -c /Users/runner/work/GTASanAndreas3DS/GTASanAndreas3DS/FEX/External/SoftFloat-3e/src/f128_sqrt.c
[ 18%] Building C object External/SoftFloat-3e/CMakeFiles/softfloat_3e.dir/src/f128_sub.c.obj
cd /Users/runner/work/GTASanAndreas3DS/GTASanAndreas3DS/FEX/build-arm64ec/External/SoftFloat-3e && /opt/homebrew/bin/ccache sloppiness=time_macros /Users/runner/work/GTASanAndreas3DS/GTASanAndreas3DS/toolchains/llvm-mingw-20260616-ucrt-macos-universal/bin/arm64ec-w64-mingw32-clang -DARCHITECTURE_arm64=1 -DARCHITECTURE_arm64ec=1 -DFEXCORE_HAS_PRESERVE_ALL_ATTR=0 -DFEXCORE_PRESERVE_ALL_ATTR="" -DFEX_HAS_PRESERVE_ALL_ATTR=0 -DFEX_PRESERVE_ALL_ATTR="" -DGLOBAL_DATA_DIRECTORY=\"/usr/local/share/fex-emu/\" -DHAS_PROGRAM_INVOCATION_NAME="" -DINLINE="static inline" -DINLINE_LEVEL=4 -DSOFTFLOAT_BUILTIN_CLZ=1 -DSOFTFLOAT_FAST_DIV32TO16=1 -DSOFTFLOAT_FAST_DIV64TO32=1 -DSOFTFLOAT_FAST_INT64=1 -D_LARGEFILE64_SOURCE @CMakeFiles/softfloat_3e.dir/includes_C.rsp -DFEX_IOS_HOST -O3 -DNDEBUG -flto=thin -Wno-trigraphs -fdiagnostics-color=always -fcolor-diagnostics -Wno-deprecated-enum-enum-conversion -Wall -MD -MT External/SoftFloat-3e/CMakeFiles/softfloat_3e.dir/src/f128_sub.c.obj -MF CMakeFiles/softfloat_3e.dir/src/f128_sub.c.obj.d -o CMakeFiles/softfloat_3e.dir/src/f128_sub.c.obj -c /Users/runner/work/GTASanAndreas3DS/GTASanAndreas3DS/FEX/External/SoftFloat-3e/src/f128_sub.c
[ 18%] Building C object External/SoftFloat-3e/CMakeFiles/softfloat_3e.dir/src/f128_to_f16.c.obj
cd /Users/runner/work/GTASanAndreas3DS/GTASanAndreas3DS/FEX/build-arm64ec/External/SoftFloat-3e && /opt/homebrew/bin/ccache sloppiness=time_macros /Users/runner/work/GTASanAndreas3DS/GTASanAndreas3DS/toolchains/llvm-mingw-20260616-ucrt-macos-universal/bin/arm64ec-w64-mingw32-clang -DARCHITECTURE_arm64=1 -DARCHITECTURE_arm64ec=1 -DFEXCORE_HAS_PRESERVE_ALL_ATTR=0 -DFEXCORE_PRESERVE_ALL_ATTR="" -DFEX_HAS_PRESERVE_ALL_ATTR=0 -DFEX_PRESERVE_ALL_ATTR="" -DGLOBAL_DATA_DIRECTORY=\"/usr/local/share/fex-emu/\" -DHAS_PROGRAM_INVOCATION_NAME="" -DINLINE="static inline" -DINLINE_LEVEL=4 -DSOFTFLOAT_BUILTIN_CLZ=1 -DSOFTFLOAT_FAST_DIV32TO16=1 -DSOFTFLOAT_FAST_DIV64TO32=1 -DSOFTFLOAT_FAST_INT64=1 -D_LARGEFILE64_SOURCE @CMakeFiles/softfloat_3e.dir/includes_C.rsp -DFEX_IOS_HOST -O3 -DNDEBUG -flto=thin -Wno-trigraphs -fdiagnostics-color=always -fcolor-diagnostics -Wno-deprecated-enum-enum-conversion -Wall -MD -MT External/SoftFloat-3e/CMakeFiles/softfloat_3e.dir/src/f128_to_f16.c.obj -MF CMakeFiles/softfloat_3e.dir/src/f128_to_f16.c.obj.d -o CMakeFiles/softfloat_3e.dir/src/f128_to_f16.c.obj -c /Users/runner/work/GTASanAndreas3DS/GTASanAndreas3DS/FEX/External/SoftFloat-3e/src/f128_to_f16.c
[ 19%] Building C object External/SoftFloat-3e/CMakeFiles/softfloat_3e.dir/src/f128_to_f32.c.obj
cd /Users/runner/work/GTASanAndreas3DS/GTASanAndreas3DS/FEX/build-arm64ec/External/SoftFloat-3e && /opt/homebrew/bin/ccache sloppiness=time_macros /Users/runner/work/GTASanAndreas3DS/GTASanAndreas3DS/toolchains/llvm-mingw-20260616-ucrt-macos-universal/bin/arm64ec-w64-mingw32-clang -DARCHITECTURE_arm64=1 -DARCHITECTURE_arm64ec=1 -DFEXCORE_HAS_PRESERVE_ALL_ATTR=0 -DFEXCORE_PRESERVE_ALL_ATTR="" -DFEX_HAS_PRESERVE_ALL_ATTR=0 -DFEX_PRESERVE_ALL_ATTR="" -DGLOBAL_DATA_DIRECTORY=\"/usr/local/share/fex-emu/\" -DHAS_PROGRAM_INVOCATION_NAME="" -DINLINE="static inline" -DINLINE_LEVEL=4 -DSOFTFLOAT_BUILTIN_CLZ=1 -DSOFTFLOAT_FAST_DIV32TO16=1 -DSOFTFLOAT_FAST_DIV64TO32=1 -DSOFTFLOAT_FAST_INT64=1 -D_LARGEFILE64_SOURCE @CMakeFiles/softfloat_3e.dir/includes_C.rsp -DFEX_IOS_HOST -O3 -DNDEBUG -flto=thin -Wno-trigraphs -fdiagnostics-color=always -fcolor-diagnostics -Wno-deprecated-enum-enum-conversion -Wall -MD -MT External/SoftFloat-3e/CMakeFiles/softfloat_3e.dir/src/f128_to_f32.c.obj -MF CMakeFiles/softfloat_3e.dir/src/f128_to_f32.c.obj.d -o CMakeFiles/softfloat_3e.dir/src/f128_to_f32.c.obj -c /Users/runner/work/GTASanAndreas3DS/GTASanAndreas3DS/FEX/External/SoftFloat-3e/src/f128_to_f32.c
[ 19%] Building C object External/SoftFloat-3e/CMakeFiles/softfloat_3e.dir/src/f128_to_f64.c.obj
cd /Users/runner/work/GTASanAndreas3DS/GTASanAndreas3DS/FEX/build-arm64ec/External/SoftFloat-3e && /opt/homebrew/bin/ccache sloppiness=time_macros /Users/runner/work/GTASanAndreas3DS/GTASanAndreas3DS/toolchains/llvm-mingw-20260616-ucrt-macos-universal/bin/arm64ec-w64-mingw32-clang -DARCHITECTURE_arm64=1 -DARCHITECTURE_arm64ec=1 -DFEXCORE_HAS_PRESERVE_ALL_ATTR=0 -DFEXCORE_PRESERVE_ALL_ATTR="" -DFEX_HAS_PRESERVE_ALL_ATTR=0 -DFEX_PRESERVE_ALL_ATTR="" -DGLOBAL_DATA_DIRECTORY=\"/usr/local/share/fex-emu/\" -DHAS_PROGRAM_INVOCATION_NAME="" -DINLINE="static inline" -DINLINE_LEVEL=4 -DSOFTFLOAT_BUILTIN_CLZ=1 -DSOFTFLOAT_FAST_DIV32TO16=1 -DSOFTFLOAT_FAST_DIV64TO32=1 -DSOFTFLOAT_FAST_INT64=1 -D_LARGEFILE64_SOURCE @CMakeFiles/softfloat_3e.dir/includes_C.rsp -DFEX_IOS_HOST -O3 -DNDEBUG -flto=thin -Wno-trigraphs -fdiagnostics-color=always -fcolor-diagnostics -Wno-deprecated-enum-enum-conversion -Wall -MD -MT External/SoftFloat-3e/CMakeFiles/softfloat_3e.dir/src/f128_to_f64.c.obj -MF CMakeFiles/softfloat_3e.dir/src/f128_to_f64.c.obj.d -o CMakeFiles/softfloat_3e.dir/src/f128_to_f64.c.obj -c /Users/runner/work/GTASanAndreas3DS/GTASanAndreas3DS/FEX/External/SoftFloat-3e/src/f128_to_f64.c
[ 20%] Building C object External/SoftFloat-3e/CMakeFiles/softfloat_3e.dir/src/f128_to_i32.c.obj
cd /Users/runner/work/GTASanAndreas3DS/GTASanAndreas3DS/FEX/build-arm64ec/External/SoftFloat-3e && /opt/homebrew/bin/ccache sloppiness=time_macros /Users/runner/work/GTASanAndreas3DS/GTASanAndreas3DS/toolchains/llvm-mingw-20260616-ucrt-macos-universal/bin/arm64ec-w64-mingw32-clang -DARCHITECTURE_arm64=1 -DARCHITECTURE_arm64ec=1 -DFEXCORE_HAS_PRESERVE_ALL_ATTR=0 -DFEXCORE_PRESERVE_ALL_ATTR="" -DFEX_HAS_PRESERVE_ALL_ATTR=0 -DFEX_PRESERVE_ALL_ATTR="" -DGLOBAL_DATA_DIRECTORY=\"/usr/local/share/fex-emu/\" -DHAS_PROGRAM_INVOCATION_NAME="" -DINLINE="static inline" -DINLINE_LEVEL=4 -DSOFTFLOAT_BUILTIN_CLZ=1 -DSOFTFLOAT_FAST_DIV32TO16=1 -DSOFTFLOAT_FAST_DIV64TO32=1 -DSOFTFLOAT_FAST_INT64=1 -D_LARGEFILE64_SOURCE @CMakeFiles/softfloat_3e.dir/includes_C.rsp -DFEX_IOS_HOST -O3 -DNDEBUG -flto=thin -Wno-trigraphs -fdiagnostics-color=always -fcolor-diagnostics -Wno-deprecated-enum-enum-conversion -Wall -MD -MT External/SoftFloat-3e/CMakeFiles/softfloat_3e.dir/src/f128_to_i32.c.obj -MF CMakeFiles/softfloat_3e.dir/src/f128_to_i32.c.obj.d -o CMakeFiles/softfloat_3e.dir/src/f128_to_i32.c.obj -c /Users/runner/work/GTASanAndreas3DS/GTASanAndreas3DS/FEX/External/SoftFloat-3e/src/f128_to_i32.c
[ 20%] Building C object External/SoftFloat-3e/CMakeFiles/softfloat_3e.dir/src/f128_to_i64.c.obj
cd /Users/runner/work/GTASanAndreas3DS/GTASanAndreas3DS/FEX/build-arm64ec/External/SoftFloat-3e && /opt/homebrew/bin/ccache sloppiness=time_macros /Users/runner/work/GTASanAndreas3DS/GTASanAndreas3DS/toolchains/llvm-mingw-20260616-ucrt-macos-universal/bin/arm64ec-w64-mingw32-clang -DARCHITECTURE_arm64=1 -DARCHITECTURE_arm64ec=1 -DFEXCORE_HAS_PRESERVE_ALL_ATTR=0 -DFEXCORE_PRESERVE_ALL_ATTR="" -DFEX_HAS_PRESERVE_ALL_ATTR=0 -DFEX_PRESERVE_ALL_ATTR="" -DGLOBAL_DATA_DIRECTORY=\"/usr/local/share/fex-emu/\" -DHAS_PROGRAM_INVOCATION_NAME="" -DINLINE="static inline" -DINLINE_LEVEL=4 -DSOFTFLOAT_BUILTIN_CLZ=1 -DSOFTFLOAT_FAST_DIV32TO16=1 -DSOFTFLOAT_FAST_DIV64TO32=1 -DSOFTFLOAT_FAST_INT64=1 -D_LARGEFILE64_SOURCE @CMakeFiles/softfloat_3e.dir/includes_C.rsp -DFEX_IOS_HOST -O3 -DNDEBUG -flto=thin -Wno-trigraphs -fdiagnostics-color=always -fcolor-diagnostics -Wno-deprecated-enum-enum-conversion -Wall -MD -MT External/SoftFloat-3e/CMakeFiles/softfloat_3e.dir/src/f128_to_i64.c.obj -MF CMakeFiles/softfloat_3e.dir/src/f128_to_i64.c.obj.d -o CMakeFiles/softfloat_3e.dir/src/f128_to_i64.c.obj -c /Users/runner/work/GTASanAndreas3DS/GTASanAndreas3DS/FEX/External/SoftFloat-3e/src/f128_to_i64.c
[ 21%] Building C object External/SoftFloat-3e/CMakeFiles/softfloat_3e.dir/src/f128_to_ui32.c.obj
cd /Users/runner/work/GTASanAndreas3DS/GTASanAndreas3DS/FEX/build-arm64ec/External/SoftFloat-3e && /opt/homebrew/bin/ccache sloppiness=time_macros /Users/runner/work/GTASanAndreas3DS/GTASanAndreas3DS/toolchains/llvm-mingw-20260616-ucrt-macos-universal/bin/arm64ec-w64-mingw32-clang -DARCHITECTURE_arm64=1 -DARCHITECTURE_arm64ec=1 -DFEXCORE_HAS_PRESERVE_ALL_ATTR=0 -DFEXCORE_PRESERVE_ALL_ATTR="" -DFEX_HAS_PRESERVE_ALL_ATTR=0 -DFEX_PRESERVE_ALL_ATTR="" -DGLOBAL_DATA_DIRECTORY=\"/usr/local/share/fex-emu/\" -DHAS_PROGRAM_INVOCATION_NAME="" -DINLINE="static inline" -DINLINE_LEVEL=4 -DSOFTFLOAT_BUILTIN_CLZ=1 -DSOFTFLOAT_FAST_DIV32TO16=1 -DSOFTFLOAT_FAST_DIV64TO32=1 -DSOFTFLOAT_FAST_INT64=1 -D_LARGEFILE64_SOURCE @CMakeFiles/softfloat_3e.dir/includes_C.rsp -DFEX_IOS_HOST -O3 -DNDEBUG -flto=thin -Wno-trigraphs -fdiagnostics-color=always -fcolor-diagnostics -Wno-deprecated-enum-enum-conversion -Wall -MD -MT External/SoftFloat-3e/CMakeFiles/softfloat_3e.dir/src/f128_to_ui32.c.obj -MF CMakeFiles/softfloat_3e.dir/src/f128_to_ui32.c.obj.d -o CMakeFiles/softfloat_3e.dir/src/f128_to_ui32.c.obj -c /Users/runner/work/GTASanAndreas3DS/GTASanAndreas3DS/FEX/External/SoftFloat-3e/src/f128_to_ui32.c
[ 21%] Building C object External/SoftFloat-3e/CMakeFiles/softfloat_3e.dir/src/f128_to_ui64.c.obj
cd /Users/runner/work/GTASanAndreas3DS/GTASanAndreas3DS/FEX/build-arm64ec/External/SoftFloat-3e && /opt/homebrew/bin/ccache sloppiness=time_macros /Users/runner/work/GTASanAndreas3DS/GTASanAndreas3DS/toolchains/llvm-mingw-20260616-ucrt-macos-universal/bin/arm64ec-w64-mingw32-clang -DARCHITECTURE_arm64=1 -DARCHITECTURE_arm64ec=1 -DFEXCORE_HAS_PRESERVE_ALL_ATTR=0 -DFEXCORE_PRESERVE_ALL_ATTR="" -DFEX_HAS_PRESERVE_ALL_ATTR=0 -DFEX_PRESERVE_ALL_ATTR="" -DGLOBAL_DATA_DIRECTORY=\"/usr/local/share/fex-emu/\" -DHAS_PROGRAM_INVOCATION_NAME="" -DINLINE="static inline" -DINLINE_LEVEL=4 -DSOFTFLOAT_BUILTIN_CLZ=1 -DSOFTFLOAT_FAST_DIV32TO16=1 -DSOFTFLOAT_FAST_DIV64TO32=1 -DSOFTFLOAT_FAST_INT64=1 -D_LARGEFILE64_SOURCE @CMakeFiles/softfloat_3e.dir/includes_C.rsp -DFEX_IOS_HOST -O3 -DNDEBUG -flto=thin -Wno-trigraphs -fdiagnostics-color=always -fcolor-diagnostics -Wno-deprecated-enum-enum-conversion -Wall -MD -MT External/SoftFloat-3e/CMakeFiles/softfloat_3e.dir/src/f128_to_ui64.c.obj -MF CMakeFiles/softfloat_3e.dir/src/f128_to_ui64.c.obj.d -o CMakeFiles/softfloat_3e.dir/src/f128_to_ui64.c.obj -c /Users/runner/work/GTASanAndreas3DS/GTASanAndreas3DS/FEX/External/SoftFloat-3e/src/f128_to_ui64.c
[ 22%] Building C object External/SoftFloat-3e/CMakeFiles/softfloat_3e.dir/src/s_addMagsF128.c.obj
cd /Users/runner/work/GTASanAndreas3DS/GTASanAndreas3DS/FEX/build-arm64ec/External/SoftFloat-3e && /opt/homebrew/bin/ccache sloppiness=time_macros /Users/runner/work/GTASanAndreas3DS/GTASanAndreas3DS/toolchains/llvm-mingw-20260616-ucrt-macos-universal/bin/arm64ec-w64-mingw32-clang -DARCHITECTURE_arm64=1 -DARCHITECTURE_arm64ec=1 -DFEXCORE_HAS_PRESERVE_ALL_ATTR=0 -DFEXCORE_PRESERVE_ALL_ATTR="" -DFEX_HAS_PRESERVE_ALL_ATTR=0 -DFEX_PRESERVE_ALL_ATTR="" -DGLOBAL_DATA_DIRECTORY=\"/usr/local/share/fex-emu/\" -DHAS_PROGRAM_INVOCATION_NAME="" -DINLINE="static inline" -DINLINE_LEVEL=4 -DSOFTFLOAT_BUILTIN_CLZ=1 -DSOFTFLOAT_FAST_DIV32TO16=1 -DSOFTFLOAT_FAST_DIV64TO32=1 -DSOFTFLOAT_FAST_INT64=1 -D_LARGEFILE64_SOURCE @CMakeFiles/softfloat_3e.dir/includes_C.rsp -DFEX_IOS_HOST -O3 -DNDEBUG -flto=thin -Wno-trigraphs -fdiagnostics-color=always -fcolor-diagnostics -Wno-deprecated-enum-enum-conversion -Wall -MD -MT External/SoftFloat-3e/CMakeFiles/softfloat_3e.dir/src/s_addMagsF128.c.obj -MF CMakeFiles/softfloat_3e.dir/src/s_addMagsF128.c.obj.d -o CMakeFiles/softfloat_3e.dir/src/s_addMagsF128.c.obj -c /Users/runner/work/GTASanAndreas3DS/GTASanAndreas3DS/FEX/External/SoftFloat-3e/src/s_addMagsF128.c
[ 22%] Building C object External/SoftFloat-3e/CMakeFiles/softfloat_3e.dir/src/s_subMagsF128.c.obj
cd /Users/runner/work/GTASanAndreas3DS/GTASanAndreas3DS/FEX/build-arm64ec/External/SoftFloat-3e && /opt/homebrew/bin/ccache sloppiness=time_macros /Users/runner/work/GTASanAndreas3DS/GTASanAndreas3DS/toolchains/llvm-mingw-20260616-ucrt-macos-universal/bin/arm64ec-w64-mingw32-clang -DARCHITECTURE_arm64=1 -DARCHITECTURE_arm64ec=1 -DFEXCORE_HAS_PRESERVE_ALL_ATTR=0 -DFEXCORE_PRESERVE_ALL_ATTR="" -DFEX_HAS_PRESERVE_ALL_ATTR=0 -DFEX_PRESERVE_ALL_ATTR="" -DGLOBAL_DATA_DIRECTORY=\"/usr/local/share/fex-emu/\" -DHAS_PROGRAM_INVOCATION_NAME="" -DINLINE="static inline" -DINLINE_LEVEL=4 -DSOFTFLOAT_BUILTIN_CLZ=1 -DSOFTFLOAT_FAST_DIV32TO16=1 -DSOFTFLOAT_FAST_DIV64TO32=1 -DSOFTFLOAT_FAST_INT64=1 -D_LARGEFILE64_SOURCE @CMakeFiles/softfloat_3e.dir/includes_C.rsp -DFEX_IOS_HOST -O3 -DNDEBUG -flto=thin -Wno-trigraphs -fdiagnostics-color=always -fcolor-diagnostics -Wno-deprecated-enum-enum-conversion -Wall -MD -MT External/SoftFloat-3e/CMakeFiles/softfloat_3e.dir/src/s_subMagsF128.c.obj -MF CMakeFiles/softfloat_3e.dir/src/s_subMagsF128.c.obj.d -o CMakeFiles/softfloat_3e.dir/src/s_subMagsF128.c.obj -c /Users/runner/work/GTASanAndreas3DS/GTASanAndreas3DS/FEX/External/SoftFloat-3e/src/s_subMagsF128.c
[ 23%] Building C object External/SoftFloat-3e/CMakeFiles/softfloat_3e.dir/src/s_normRoundPackToF128.c.obj
cd /Users/runner/work/GTASanAndreas3DS/GTASanAndreas3DS/FEX/build-arm64ec/External/SoftFloat-3e && /opt/homebrew/bin/ccache sloppiness=time_macros /Users/runner/work/GTASanAndreas3DS/GTASanAndreas3DS/toolchains/llvm-mingw-20260616-ucrt-macos-universal/bin/arm64ec-w64-mingw32-clang -DARCHITECTURE_arm64=1 -DARCHITECTURE_arm64ec=1 -DFEXCORE_HAS_PRESERVE_ALL_ATTR=0 -DFEXCORE_PRESERVE_ALL_ATTR="" -DFEX_HAS_PRESERVE_ALL_ATTR=0 -DFEX_PRESERVE_ALL_ATTR="" -DGLOBAL_DATA_DIRECTORY=\"/usr/local/share/fex-emu/\" -DHAS_PROGRAM_INVOCATION_NAME="" -DINLINE="static inline" -DINLINE_LEVEL=4 -DSOFTFLOAT_BUILTIN_CLZ=1 -DSOFTFLOAT_FAST_DIV32TO16=1 -DSOFTFLOAT_FAST_DIV64TO32=1 -DSOFTFLOAT_FAST_INT64=1 -D_LARGEFILE64_SOURCE @CMakeFiles/softfloat_3e.dir/includes_C.rsp -DFEX_IOS_HOST -O3 -DNDEBUG -flto=thin -Wno-trigraphs -fdiagnostics-color=always -fcolor-diagnostics -Wno-deprecated-enum-enum-conversion -Wall -MD -MT External/SoftFloat-3e/CMakeFiles/softfloat_3e.dir/src/s_normRoundPackToF128.c.obj -MF CMakeFiles/softfloat_3e.dir/src/s_normRoundPackToF128.c.obj.d -o CMakeFiles/softfloat_3e.dir/src/s_normRoundPackToF128.c.obj -c /Users/runner/work/GTASanAndreas3DS/GTASanAndreas3DS/FEX/External/SoftFloat-3e/src/s_normRoundPackToF128.c
[ 23%] Building C object External/SoftFloat-3e/CMakeFiles/softfloat_3e.dir/src/s_roundPackToF128.c.obj
cd /Users/runner/work/GTASanAndreas3DS/GTASanAndreas3DS/FEX/build-arm64ec/External/SoftFloat-3e && /opt/homebrew/bin/ccache sloppiness=time_macros /Users/runner/work/GTASanAndreas3DS/GTASanAndreas3DS/toolchains/llvm-mingw-20260616-ucrt-macos-universal/bin/arm64ec-w64-mingw32-clang -DARCHITECTURE_arm64=1 -DARCHITECTURE_arm64ec=1 -DFEXCORE_HAS_PRESERVE_ALL_ATTR=0 -DFEXCORE_PRESERVE_ALL_ATTR="" -DFEX_HAS_PRESERVE_ALL_ATTR=0 -DFEX_PRESERVE_ALL_ATTR="" -DGLOBAL_DATA_DIRECTORY=\"/usr/local/share/fex-emu/\" -DHAS_PROGRAM_INVOCATION_NAME="" -DINLINE="static inline" -DINLINE_LEVEL=4 -DSOFTFLOAT_BUILTIN_CLZ=1 -DSOFTFLOAT_FAST_DIV32TO16=1 -DSOFTFLOAT_FAST_DIV64TO32=1 -DSOFTFLOAT_FAST_INT64=1 -D_LARGEFILE64_SOURCE @CMakeFiles/softfloat_3e.dir/includes_C.rsp -DFEX_IOS_HOST -O3 -DNDEBUG -flto=thin -Wno-trigraphs -fdiagnostics-color=always -fcolor-diagnostics -Wno-deprecated-enum-enum-conversion -Wall -MD -MT External/SoftFloat-3e/CMakeFiles/softfloat_3e.dir/src/s_roundPackToF128.c.obj -MF CMakeFiles/softfloat_3e.dir/src/s_roundPackToF128.c.obj.d -o CMakeFiles/softfloat_3e.dir/src/s_roundPackToF128.c.obj -c /Users/runner/work/GTASanAndreas3DS/GTASanAndreas3DS/FEX/External/SoftFloat-3e/src/s_roundPackToF128.c
[ 24%] Building C object External/SoftFloat-3e/CMakeFiles/softfloat_3e.dir/src/s_propagateNaNF128UI.c.obj
cd /Users/runner/work/GTASanAndreas3DS/GTASanAndreas3DS/FEX/build-arm64ec/External/SoftFloat-3e && /opt/homebrew/bin/ccache sloppiness=time_macros /Users/runner/work/GTASanAndreas3DS/GTASanAndreas3DS/toolchains/llvm-mingw-20260616-ucrt-macos-universal/bin/arm64ec-w64-mingw32-clang -DARCHITECTURE_arm64=1 -DARCHITECTURE_arm64ec=1 -DFEXCORE_HAS_PRESERVE_ALL_ATTR=0 -DFEXCORE_PRESERVE_ALL_ATTR="" -DFEX_HAS_PRESERVE_ALL_ATTR=0 -DFEX_PRESERVE_ALL_ATTR="" -DGLOBAL_DATA_DIRECTORY=\"/usr/local/share/fex-emu/\" -DHAS_PROGRAM_INVOCATION_NAME="" -DINLINE="static inline" -DINLINE_LEVEL=4 -DSOFTFLOAT_BUILTIN_CLZ=1 -DSOFTFLOAT_FAST_DIV32TO16=1 -DSOFTFLOAT_FAST_DIV64TO32=1 -DSOFTFLOAT_FAST_INT64=1 -D_LARGEFILE64_SOURCE @CMakeFiles/softfloat_3e.dir/includes_C.rsp -DFEX_IOS_HOST -O3 -DNDEBUG -flto=thin -Wno-trigraphs -fdiagnostics-color=always -fcolor-diagnostics -Wno-deprecated-enum-enum-conversion -Wall -MD -MT External/SoftFloat-3e/CMakeFiles/softfloat_3e.dir/src/s_propagateNaNF128UI.c.obj -MF CMakeFiles/softfloat_3e.dir/src/s_propagateNaNF128UI.c.obj.d -o CMakeFiles/softfloat_3e.dir/src/s_propagateNaNF128UI.c.obj -c /Users/runner/work/GTASanAndreas3DS/GTASanAndreas3DS/FEX/External/SoftFloat-3e/src/s_propagateNaNF128UI.c
[ 24%] Building C object External/SoftFloat-3e/CMakeFiles/softfloat_3e.dir/src/f32_to_f128.c.obj
cd /Users/runner/work/GTASanAndreas3DS/GTASanAndreas3DS/FEX/build-arm64ec/External/SoftFloat-3e && /opt/homebrew/bin/ccache sloppiness=time_macros /Users/runner/work/GTASanAndreas3DS/GTASanAndreas3DS/toolchains/llvm-mingw-20260616-ucrt-macos-universal/bin/arm64ec-w64-mingw32-clang -DARCHITECTURE_arm64=1 -DARCHITECTURE_arm64ec=1 -DFEXCORE_HAS_PRESERVE_ALL_ATTR=0 -DFEXCORE_PRESERVE_ALL_ATTR="" -DFEX_HAS_PRESERVE_ALL_ATTR=0 -DFEX_PRESERVE_ALL_ATTR="" -DGLOBAL_DATA_DIRECTORY=\"/usr/local/share/fex-emu/\" -DHAS_PROGRAM_INVOCATION_NAME="" -DINLINE="static inline" -DINLINE_LEVEL=4 -DSOFTFLOAT_BUILTIN_CLZ=1 -DSOFTFLOAT_FAST_DIV32TO16=1 -DSOFTFLOAT_FAST_DIV64TO32=1 -DSOFTFLOAT_FAST_INT64=1 -D_LARGEFILE64_SOURCE @CMakeFiles/softfloat_3e.dir/includes_C.rsp -DFEX_IOS_HOST -O3 -DNDEBUG -flto=thin -Wno-trigraphs -fdiagnostics-color=always -fcolor-diagnostics -Wno-deprecated-enum-enum-conversion -Wall -MD -MT External/SoftFloat-3e/CMakeFiles/softfloat_3e.dir/src/f32_to_f128.c.obj -MF CMakeFiles/softfloat_3e.dir/src/f32_to_f128.c.obj.d -o CMakeFiles/softfloat_3e.dir/src/f32_to_f128.c.obj -c /Users/runner/work/GTASanAndreas3DS/GTASanAndreas3DS/FEX/External/SoftFloat-3e/src/f32_to_f128.c
[ 25%] Building C object External/SoftFloat-3e/CMakeFiles/softfloat_3e.dir/src/i32_to_f128.c.obj
cd /Users/runner/work/GTASanAndreas3DS/GTASanAndreas3DS/FEX/build-arm64ec/External/SoftFloat-3e && /opt/homebrew/bin/ccache sloppiness=time_macros /Users/runner/work/GTASanAndreas3DS/GTASanAndreas3DS/toolchains/llvm-mingw-20260616-ucrt-macos-universal/bin/arm64ec-w64-mingw32-clang -DARCHITECTURE_arm64=1 -DARCHITECTURE_arm64ec=1 -DFEXCORE_HAS_PRESERVE_ALL_ATTR=0 -DFEXCORE_PRESERVE_ALL_ATTR="" -DFEX_HAS_PRESERVE_ALL_ATTR=0 -DFEX_PRESERVE_ALL_ATTR="" -DGLOBAL_DATA_DIRECTORY=\"/usr/local/share/fex-emu/\" -DHAS_PROGRAM_INVOCATION_NAME="" -DINLINE="static inline" -DINLINE_LEVEL=4 -DSOFTFLOAT_BUILTIN_CLZ=1 -DSOFTFLOAT_FAST_DIV32TO16=1 -DSOFTFLOAT_FAST_DIV64TO32=1 -DSOFTFLOAT_FAST_INT64=1 -D_LARGEFILE64_SOURCE @CMakeFiles/softfloat_3e.dir/includes_C.rsp -DFEX_IOS_HOST -O3 -DNDEBUG -flto=thin -Wno-trigraphs -fdiagnostics-color=always -fcolor-diagnostics -Wno-deprecated-enum-enum-conversion -Wall -MD -MT External/SoftFloat-3e/CMakeFiles/softfloat_3e.dir/src/i32_to_f128.c.obj -MF CMakeFiles/softfloat_3e.dir/src/i32_to_f128.c.obj.d -o CMakeFiles/softfloat_3e.dir/src/i32_to_f128.c.obj -c /Users/runner/work/GTASanAndreas3DS/GTASanAndreas3DS/FEX/External/SoftFloat-3e/src/i32_to_f128.c
[ 25%] Building C object External/SoftFloat-3e/CMakeFiles/softfloat_3e.dir/src/s_roundToUI64.c.obj
cd /Users/runner/work/GTASanAndreas3DS/GTASanAndreas3DS/FEX/build-arm64ec/External/SoftFloat-3e && /opt/homebrew/bin/ccache sloppiness=time_macros /Users/runner/work/GTASanAndreas3DS/GTASanAndreas3DS/toolchains/llvm-mingw-20260616-ucrt-macos-universal/bin/arm64ec-w64-mingw32-clang -DARCHITECTURE_arm64=1 -DARCHITECTURE_arm64ec=1 -DFEXCORE_HAS_PRESERVE_ALL_ATTR=0 -DFEXCORE_PRESERVE_ALL_ATTR="" -DFEX_HAS_PRESERVE_ALL_ATTR=0 -DFEX_PRESERVE_ALL_ATTR="" -DGLOBAL_DATA_DIRECTORY=\"/usr/local/share/fex-emu/\" -DHAS_PROGRAM_INVOCATION_NAME="" -DINLINE="static inline" -DINLINE_LEVEL=4 -DSOFTFLOAT_BUILTIN_CLZ=1 -DSOFTFLOAT_FAST_DIV32TO16=1 -DSOFTFLOAT_FAST_DIV64TO32=1 -DSOFTFLOAT_FAST_INT64=1 -D_LARGEFILE64_SOURCE @CMakeFiles/softfloat_3e.dir/includes_C.rsp -DFEX_IOS_HOST -O3 -DNDEBUG -flto=thin -Wno-trigraphs -fdiagnostics-color=always -fcolor-diagnostics -Wno-deprecated-enum-enum-conversion -Wall -MD -MT External/SoftFloat-3e/CMakeFiles/softfloat_3e.dir/src/s_roundToUI64.c.obj -MF CMakeFiles/softfloat_3e.dir/src/s_roundToUI64.c.obj.d -o CMakeFiles/softfloat_3e.dir/src/s_roundToUI64.c.obj -c /Users/runner/work/GTASanAndreas3DS/GTASanAndreas3DS/FEX/External/SoftFloat-3e/src/s_roundToUI64.c
[ 26%] Building C object External/SoftFloat-3e/CMakeFiles/softfloat_3e.dir/src/s_f128UIToCommonNaN.c.obj
cd /Users/runner/work/GTASanAndreas3DS/GTASanAndreas3DS/FEX/build-arm64ec/External/SoftFloat-3e && /opt/homebrew/bin/ccache sloppiness=time_macros /Users/runner/work/GTASanAndreas3DS/GTASanAndreas3DS/toolchains/llvm-mingw-20260616-ucrt-macos-universal/bin/arm64ec-w64-mingw32-clang -DARCHITECTURE_arm64=1 -DARCHITECTURE_arm64ec=1 -DFEXCORE_HAS_PRESERVE_ALL_ATTR=0 -DFEXCORE_PRESERVE_ALL_ATTR="" -DFEX_HAS_PRESERVE_ALL_ATTR=0 -DFEX_PRESERVE_ALL_ATTR="" -DGLOBAL_DATA_DIRECTORY=\"/usr/local/share/fex-emu/\" -DHAS_PROGRAM_INVOCATION_NAME="" -DINLINE="static inline" -DINLINE_LEVEL=4 -DSOFTFLOAT_BUILTIN_CLZ=1 -DSOFTFLOAT_FAST_DIV32TO16=1 -DSOFTFLOAT_FAST_DIV64TO32=1 -DSOFTFLOAT_FAST_INT64=1 -D_LARGEFILE64_SOURCE @CMakeFiles/softfloat_3e.dir/includes_C.rsp -DFEX_IOS_HOST -O3 -DNDEBUG -flto=thin -Wno-trigraphs -fdiagnostics-color=always -fcolor-diagnostics -Wno-deprecated-enum-enum-conversion -Wall -MD -MT External/SoftFloat-3e/CMakeFiles/softfloat_3e.dir/src/s_f128UIToCommonNaN.c.obj -MF CMakeFiles/softfloat_3e.dir/src/s_f128UIToCommonNaN.c.obj.d -o CMakeFiles/softfloat_3e.dir/src/s_f128UIToCommonNaN.c.obj -c /Users/runner/work/GTASanAndreas3DS/GTASanAndreas3DS/FEX/External/SoftFloat-3e/src/s_f128UIToCommonNaN.c
[ 26%] Building C object External/SoftFloat-3e/CMakeFiles/softfloat_3e.dir/src/s_commonNaNToF128UI.c.obj
cd /Users/runner/work/GTASanAndreas3DS/GTASanAndreas3DS/FEX/build-arm64ec/External/SoftFloat-3e && /opt/homebrew/bin/ccache sloppiness=time_macros /Users/runner/work/GTASanAndreas3DS/GTASanAndreas3DS/toolchains/llvm-mingw-20260616-ucrt-macos-universal/bin/arm64ec-w64-mingw32-clang -DARCHITECTURE_arm64=1 -DARCHITECTURE_arm64ec=1 -DFEXCORE_HAS_PRESERVE_ALL_ATTR=0 -DFEXCORE_PRESERVE_ALL_ATTR="" -DFEX_HAS_PRESERVE_ALL_ATTR=0 -DFEX_PRESERVE_ALL_ATTR="" -DGLOBAL_DATA_DIRECTORY=\"/usr/local/share/fex-emu/\" -DHAS_PROGRAM_INVOCATION_NAME="" -DINLINE="static inline" -DINLINE_LEVEL=4 -DSOFTFLOAT_BUILTIN_CLZ=1 -DSOFTFLOAT_FAST_DIV32TO16=1 -DSOFTFLOAT_FAST_DIV64TO32=1 -DSOFTFLOAT_FAST_INT64=1 -D_LARGEFILE64_SOURCE @CMakeFiles/softfloat_3e.dir/includes_C.rsp -DFEX_IOS_HOST -O3 -DNDEBUG -flto=thin -Wno-trigraphs -fdiagnostics-color=always -fcolor-diagnostics -Wno-deprecated-enum-enum-conversion -Wall -MD -MT External/SoftFloat-3e/CMakeFiles/softfloat_3e.dir/src/s_commonNaNToF128UI.c.obj -MF CMakeFiles/softfloat_3e.dir/src/s_commonNaNToF128UI.c.obj.d -o CMakeFiles/softfloat_3e.dir/src/s_commonNaNToF128UI.c.obj -c /Users/runner/work/GTASanAndreas3DS/GTASanAndreas3DS/FEX/External/SoftFloat-3e/src/s_commonNaNToF128UI.c
[ 27%] Building C object External/SoftFloat-3e/CMakeFiles/softfloat_3e.dir/src/s_normSubnormalF128Sig.c.obj
cd /Users/runner/work/GTASanAndreas3DS/GTASanAndreas3DS/FEX/build-arm64ec/External/SoftFloat-3e && /opt/homebrew/bin/ccache sloppiness=time_macros /Users/runner/work/GTASanAndreas3DS/GTASanAndreas3DS/toolchains/llvm-mingw-20260616-ucrt-macos-universal/bin/arm64ec-w64-mingw32-clang -DARCHITECTURE_arm64=1 -DARCHITECTURE_arm64ec=1 -DFEXCORE_HAS_PRESERVE_ALL_ATTR=0 -DFEXCORE_PRESERVE_ALL_ATTR="" -DFEX_HAS_PRESERVE_ALL_ATTR=0 -DFEX_PRESERVE_ALL_ATTR="" -DGLOBAL_DATA_DIRECTORY=\"/usr/local/share/fex-emu/\" -DHAS_PROGRAM_INVOCATION_NAME="" -DINLINE="static inline" -DINLINE_LEVEL=4 -DSOFTFLOAT_BUILTIN_CLZ=1 -DSOFTFLOAT_FAST_DIV32TO16=1 -DSOFTFLOAT_FAST_DIV64TO32=1 -DSOFTFLOAT_FAST_INT64=1 -D_LARGEFILE64_SOURCE @CMakeFiles/softfloat_3e.dir/includes_C.rsp -DFEX_IOS_HOST -O3 -DNDEBUG -flto=thin -Wno-trigraphs -fdiagnostics-color=always -fcolor-diagnostics -Wno-deprecated-enum-enum-conversion -Wall -MD -MT External/SoftFloat-3e/CMakeFiles/softfloat_3e.dir/src/s_normSubnormalF128Sig.c.obj -MF CMakeFiles/softfloat_3e.dir/src/s_normSubnormalF128Sig.c.obj.d -o CMakeFiles/softfloat_3e.dir/src/s_normSubnormalF128Sig.c.obj -c /Users/runner/work/GTASanAndreas3DS/GTASanAndreas3DS/FEX/External/SoftFloat-3e/src/s_normSubnormalF128Sig.c
[ 27%] Building C object External/SoftFloat-3e/CMakeFiles/softfloat_3e.dir/src/s_roundToI32.c.obj
cd /Users/runner/work/GTASanAndreas3DS/GTASanAndreas3DS/FEX/build-arm64ec/External/SoftFloat-3e && /opt/homebrew/bin/ccache sloppiness=time_macros /Users/runner/work/GTASanAndreas3DS/GTASanAndreas3DS/toolchains/llvm-mingw-20260616-ucrt-macos-universal/bin/arm64ec-w64-mingw32-clang -DARCHITECTURE_arm64=1 -DARCHITECTURE_arm64ec=1 -DFEXCORE_HAS_PRESERVE_ALL_ATTR=0 -DFEXCORE_PRESERVE_ALL_ATTR="" -DFEX_HAS_PRESERVE_ALL_ATTR=0 -DFEX_PRESERVE_ALL_ATTR="" -DGLOBAL_DATA_DIRECTORY=\"/usr/local/share/fex-emu/\" -DHAS_PROGRAM_INVOCATION_NAME="" -DINLINE="static inline" -DINLINE_LEVEL=4 -DSOFTFLOAT_BUILTIN_CLZ=1 -DSOFTFLOAT_FAST_DIV32TO16=1 -DSOFTFLOAT_FAST_DIV64TO32=1 -DSOFTFLOAT_FAST_INT64=1 -D_LARGEFILE64_SOURCE @CMakeFiles/softfloat_3e.dir/includes_C.rsp -DFEX_IOS_HOST -O3 -DNDEBUG -flto=thin -Wno-trigraphs -fdiagnostics-color=always -fcolor-diagnostics -Wno-deprecated-enum-enum-conversion -Wall -MD -MT External/SoftFloat-3e/CMakeFiles/softfloat_3e.dir/src/s_roundToI32.c.obj -MF CMakeFiles/softfloat_3e.dir/src/s_roundToI32.c.obj.d -o CMakeFiles/softfloat_3e.dir/src/s_roundToI32.c.obj -c /Users/runner/work/GTASanAndreas3DS/GTASanAndreas3DS/FEX/External/SoftFloat-3e/src/s_roundToI32.c
[ 27%] Building C object External/SoftFloat-3e/CMakeFiles/softfloat_3e.dir/src/s_roundToI64.c.obj
cd /Users/runner/work/GTASanAndreas3DS/GTASanAndreas3DS/FEX/build-arm64ec/External/SoftFloat-3e && /opt/homebrew/bin/ccache sloppiness=time_macros /Users/runner/work/GTASanAndreas3DS/GTASanAndreas3DS/toolchains/llvm-mingw-20260616-ucrt-macos-universal/bin/arm64ec-w64-mingw32-clang -DARCHITECTURE_arm64=1 -DARCHITECTURE_arm64ec=1 -DFEXCORE_HAS_PRESERVE_ALL_ATTR=0 -DFEXCORE_PRESERVE_ALL_ATTR="" -DFEX_HAS_PRESERVE_ALL_ATTR=0 -DFEX_PRESERVE_ALL_ATTR="" -DGLOBAL_DATA_DIRECTORY=\"/usr/local/share/fex-emu/\" -DHAS_PROGRAM_INVOCATION_NAME="" -DINLINE="static inline" -DINLINE_LEVEL=4 -DSOFTFLOAT_BUILTIN_CLZ=1 -DSOFTFLOAT_FAST_DIV32TO16=1 -DSOFTFLOAT_FAST_DIV64TO32=1 -DSOFTFLOAT_FAST_INT64=1 -D_LARGEFILE64_SOURCE @CMakeFiles/softfloat_3e.dir/includes_C.rsp -DFEX_IOS_HOST -O3 -DNDEBUG -flto=thin -Wno-trigraphs -fdiagnostics-color=always -fcolor-diagnostics -Wno-deprecated-enum-enum-conversion -Wall -MD -MT External/SoftFloat-3e/CMakeFiles/softfloat_3e.dir/src/s_roundToI64.c.obj -MF CMakeFiles/softfloat_3e.dir/src/s_roundToI64.c.obj.d -o CMakeFiles/softfloat_3e.dir/src/s_roundToI64.c.obj -c /Users/runner/work/GTASanAndreas3DS/GTASanAndreas3DS/FEX/External/SoftFloat-3e/src/s_roundToI64.c
[ 28%] Building C object External/SoftFloat-3e/CMakeFiles/softfloat_3e.dir/src/s_roundPackToF32.c.obj
cd /Users/runner/work/GTASanAndreas3DS/GTASanAndreas3DS/FEX/build-arm64ec/External/SoftFloat-3e && /opt/homebrew/bin/ccache sloppiness=time_macros /Users/runner/work/GTASanAndreas3DS/GTASanAndreas3DS/toolchains/llvm-mingw-20260616-ucrt-macos-universal/bin/arm64ec-w64-mingw32-clang -DARCHITECTURE_arm64=1 -DARCHITECTURE_arm64ec=1 -DFEXCORE_HAS_PRESERVE_ALL_ATTR=0 -DFEXCORE_PRESERVE_ALL_ATTR="" -DFEX_HAS_PRESERVE_ALL_ATTR=0 -DFEX_PRESERVE_ALL_ATTR="" -DGLOBAL_DATA_DIRECTORY=\"/usr/local/share/fex-emu/\" -DHAS_PROGRAM_INVOCATION_NAME="" -DINLINE="static inline" -DINLINE_LEVEL=4 -DSOFTFLOAT_BUILTIN_CLZ=1 -DSOFTFLOAT_FAST_DIV32TO16=1 -DSOFTFLOAT_FAST_DIV64TO32=1 -DSOFTFLOAT_FAST_INT64=1 -D_LARGEFILE64_SOURCE @CMakeFiles/softfloat_3e.dir/includes_C.rsp -DFEX_IOS_HOST -O3 -DNDEBUG -flto=thin -Wno-trigraphs -fdiagnostics-color=always -fcolor-diagnostics -Wno-deprecated-enum-enum-conversion -Wall -MD -MT External/SoftFloat-3e/CMakeFiles/softfloat_3e.dir/src/s_roundPackToF32.c.obj -MF CMakeFiles/softfloat_3e.dir/src/s_roundPackToF32.c.obj.d -o CMakeFiles/softfloat_3e.dir/src/s_roundPackToF32.c.obj -c /Users/runner/work/GTASanAndreas3DS/GTASanAndreas3DS/FEX/External/SoftFloat-3e/src/s_roundPackToF32.c
[ 28%] Building C object External/SoftFloat-3e/CMakeFiles/softfloat_3e.dir/src/s_addMagsExtF80.c.obj
cd /Users/runner/work/GTASanAndreas3DS/GTASanAndreas3DS/FEX/build-arm64ec/External/SoftFloat-3e && /opt/homebrew/bin/ccache sloppiness=time_macros /Users/runner/work/GTASanAndreas3DS/GTASanAndreas3DS/toolchains/llvm-mingw-20260616-ucrt-macos-universal/bin/arm64ec-w64-mingw32-clang -DARCHITECTURE_arm64=1 -DARCHITECTURE_arm64ec=1 -DFEXCORE_HAS_PRESERVE_ALL_ATTR=0 -DFEXCORE_PRESERVE_ALL_ATTR="" -DFEX_HAS_PRESERVE_ALL_ATTR=0 -DFEX_PRESERVE_ALL_ATTR="" -DGLOBAL_DATA_DIRECTORY=\"/usr/local/share/fex-emu/\" -DHAS_PROGRAM_INVOCATION_NAME="" -DINLINE="static inline" -DINLINE_LEVEL=4 -DSOFTFLOAT_BUILTIN_CLZ=1 -DSOFTFLOAT_FAST_DIV32TO16=1 -DSOFTFLOAT_FAST_DIV64TO32=1 -DSOFTFLOAT_FAST_INT64=1 -D_LARGEFILE64_SOURCE @CMakeFiles/softfloat_3e.dir/includes_C.rsp -DFEX_IOS_HOST -O3 -DNDEBUG -flto=thin -Wno-trigraphs -fdiagnostics-color=always -fcolor-diagnostics -Wno-deprecated-enum-enum-conversion -Wall -MD -MT External/SoftFloat-3e/CMakeFiles/softfloat_3e.dir/src/s_addMagsExtF80.c.obj -MF CMakeFiles/softfloat_3e.dir/src/s_addMagsExtF80.c.obj.d -o CMakeFiles/softfloat_3e.dir/src/s_addMagsExtF80.c.obj -c /Users/runner/work/GTASanAndreas3DS/GTASanAndreas3DS/FEX/External/SoftFloat-3e/src/s_addMagsExtF80.c
[ 29%] Building C object External/SoftFloat-3e/CMakeFiles/softfloat_3e.dir/src/s_extF80UIToCommonNaN.c.obj
cd /Users/runner/work/GTASanAndreas3DS/GTASanAndreas3DS/FEX/build-arm64ec/External/SoftFloat-3e && /opt/homebrew/bin/ccache sloppiness=time_macros /Users/runner/work/GTASanAndreas3DS/GTASanAndreas3DS/toolchains/llvm-mingw-20260616-ucrt-macos-universal/bin/arm64ec-w64-mingw32-clang -DARCHITECTURE_arm64=1 -DARCHITECTURE_arm64ec=1 -DFEXCORE_HAS_PRESERVE_ALL_ATTR=0 -DFEXCORE_PRESERVE_ALL_ATTR="" -DFEX_HAS_PRESERVE_ALL_ATTR=0 -DFEX_PRESERVE_ALL_ATTR="" -DGLOBAL_DATA_DIRECTORY=\"/usr/local/share/fex-emu/\" -DHAS_PROGRAM_INVOCATION_NAME="" -DINLINE="static inline" -DINLINE_LEVEL=4 -DSOFTFLOAT_BUILTIN_CLZ=1 -DSOFTFLOAT_FAST_DIV32TO16=1 -DSOFTFLOAT_FAST_DIV64TO32=1 -DSOFTFLOAT_FAST_INT64=1 -D_LARGEFILE64_SOURCE @CMakeFiles/softfloat_3e.dir/includes_C.rsp -DFEX_IOS_HOST -O3 -DNDEBUG -flto=thin -Wno-trigraphs -fdiagnostics-color=always -fcolor-diagnostics -Wno-deprecated-enum-enum-conversion -Wall -MD -MT External/SoftFloat-3e/CMakeFiles/softfloat_3e.dir/src/s_extF80UIToCommonNaN.c.obj -MF CMakeFiles/softfloat_3e.dir/src/s_extF80UIToCommonNaN.c.obj.d -o CMakeFiles/softfloat_3e.dir/src/s_extF80UIToCommonNaN.c.obj -c /Users/runner/work/GTASanAndreas3DS/GTASanAndreas3DS/FEX/External/SoftFloat-3e/src/s_extF80UIToCommonNaN.c
[ 29%] Building C object External/SoftFloat-3e/CMakeFiles/softfloat_3e.dir/src/s_commonNaNToF32UI.c.obj
cd /Users/runner/work/GTASanAndreas3DS/GTASanAndreas3DS/FEX/build-arm64ec/External/SoftFloat-3e && /opt/homebrew/bin/ccache sloppiness=time_macros /Users/runner/work/GTASanAndreas3DS/GTASanAndreas3DS/toolchains/llvm-mingw-20260616-ucrt-macos-universal/bin/arm64ec-w64-mingw32-clang -DARCHITECTURE_arm64=1 -DARCHITECTURE_arm64ec=1 -DFEXCORE_HAS_PRESERVE_ALL_ATTR=0 -DFEXCORE_PRESERVE_ALL_ATTR="" -DFEX_HAS_PRESERVE_ALL_ATTR=0 -DFEX_PRESERVE_ALL_ATTR="" -DGLOBAL_DATA_DIRECTORY=\"/usr/local/share/fex-emu/\" -DHAS_PROGRAM_INVOCATION_NAME="" -DINLINE="static inline" -DINLINE_LEVEL=4 -DSOFTFLOAT_BUILTIN_CLZ=1 -DSOFTFLOAT_FAST_DIV32TO16=1 -DSOFTFLOAT_FAST_DIV64TO32=1 -DSOFTFLOAT_FAST_INT64=1 -D_LARGEFILE64_SOURCE @CMakeFiles/softfloat_3e.dir/includes_C.rsp -DFEX_IOS_HOST -O3 -DNDEBUG -flto=thin -Wno-trigraphs -fdiagnostics-color=always -fcolor-diagnostics -Wno-deprecated-enum-enum-conversion -Wall -MD -MT External/SoftFloat-3e/CMakeFiles/softfloat_3e.dir/src/s_commonNaNToF32UI.c.obj -MF CMakeFiles/softfloat_3e.dir/src/s_commonNaNToF32UI.c.obj.d -o CMakeFiles/softfloat_3e.dir/src/s_commonNaNToF32UI.c.obj -c /Users/runner/work/GTASanAndreas3DS/GTASanAndreas3DS/FEX/External/SoftFloat-3e/src/s_commonNaNToF32UI.c
[ 30%] Building C object External/SoftFloat-3e/CMakeFiles/softfloat_3e.dir/src/s_commonNaNToF64UI.c.obj
cd /Users/runner/work/GTASanAndreas3DS/GTASanAndreas3DS/FEX/build-arm64ec/External/SoftFloat-3e && /opt/homebrew/bin/ccache sloppiness=time_macros /Users/runner/work/GTASanAndreas3DS/GTASanAndreas3DS/toolchains/llvm-mingw-20260616-ucrt-macos-universal/bin/arm64ec-w64-mingw32-clang -DARCHITECTURE_arm64=1 -DARCHITECTURE_arm64ec=1 -DFEXCORE_HAS_PRESERVE_ALL_ATTR=0 -DFEXCORE_PRESERVE_ALL_ATTR="" -DFEX_HAS_PRESERVE_ALL_ATTR=0 -DFEX_PRESERVE_ALL_ATTR="" -DGLOBAL_DATA_DIRECTORY=\"/usr/local/share/fex-emu/\" -DHAS_PROGRAM_INVOCATION_NAME="" -DINLINE="static inline" -DINLINE_LEVEL=4 -DSOFTFLOAT_BUILTIN_CLZ=1 -DSOFTFLOAT_FAST_DIV32TO16=1 -DSOFTFLOAT_FAST_DIV64TO32=1 -DSOFTFLOAT_FAST_INT64=1 -D_LARGEFILE64_SOURCE @CMakeFiles/softfloat_3e.dir/includes_C.rsp -DFEX_IOS_HOST -O3 -DNDEBUG -flto=thin -Wno-trigraphs -fdiagnostics-color=always -fcolor-diagnostics -Wno-deprecated-enum-enum-conversion -Wall -MD -MT External/SoftFloat-3e/CMakeFiles/softfloat_3e.dir/src/s_commonNaNToF64UI.c.obj -MF CMakeFiles/softfloat_3e.dir/src/s_commonNaNToF64UI.c.obj.d -o CMakeFiles/softfloat_3e.dir/src/s_commonNaNToF64UI.c.obj -c /Users/runner/work/GTASanAndreas3DS/GTASanAndreas3DS/FEX/External/SoftFloat-3e/src/s_commonNaNToF64UI.c
[ 30%] Building C object External/SoftFloat-3e/CMakeFiles/softfloat_3e.dir/src/s_roundPackToF64.c.obj
cd /Users/runner/work/GTASanAndreas3DS/GTASanAndreas3DS/FEX/build-arm64ec/External/SoftFloat-3e && /opt/homebrew/bin/ccache sloppiness=time_macros /Users/runner/work/GTASanAndreas3DS/GTASanAndreas3DS/toolchains/llvm-mingw-20260616-ucrt-macos-universal/bin/arm64ec-w64-mingw32-clang -DARCHITECTURE_arm64=1 -DARCHITECTURE_arm64ec=1 -DFEXCORE_HAS_PRESERVE_ALL_ATTR=0 -DFEXCORE_PRESERVE_ALL_ATTR="" -DFEX_HAS_PRESERVE_ALL_ATTR=0 -DFEX_PRESERVE_ALL_ATTR="" -DGLOBAL_DATA_DIRECTORY=\"/usr/local/share/fex-emu/\" -DHAS_PROGRAM_INVOCATION_NAME="" -DINLINE="static inline" -DINLINE_LEVEL=4 -DSOFTFLOAT_BUILTIN_CLZ=1 -DSOFTFLOAT_FAST_DIV32TO16=1 -DSOFTFLOAT_FAST_DIV64TO32=1 -DSOFTFLOAT_FAST_INT64=1 -D_LARGEFILE64_SOURCE @CMakeFiles/softfloat_3e.dir/includes_C.rsp -DFEX_IOS_HOST -O3 -DNDEBUG -flto=thin -Wno-trigraphs -fdiagnostics-color=always -fcolor-diagnostics -Wno-deprecated-enum-enum-conversion -Wall -MD -MT External/SoftFloat-3e/CMakeFiles/softfloat_3e.dir/src/s_roundPackToF64.c.obj -MF CMakeFiles/softfloat_3e.dir/src/s_roundPackToF64.c.obj.d -o CMakeFiles/softfloat_3e.dir/src/s_roundPackToF64.c.obj -c /Users/runner/work/GTASanAndreas3DS/GTASanAndreas3DS/FEX/External/SoftFloat-3e/src/s_roundPackToF64.c
[ 31%] Building C object External/SoftFloat-3e/CMakeFiles/softfloat_3e.dir/src/s_propagateNaNExtF80UI.c.obj
cd /Users/runner/work/GTASanAndreas3DS/GTASanAndreas3DS/FEX/build-arm64ec/External/SoftFloat-3e && /opt/homebrew/bin/ccache sloppiness=time_macros /Users/runner/work/GTASanAndreas3DS/GTASanAndreas3DS/toolchains/llvm-mingw-20260616-ucrt-macos-universal/bin/arm64ec-w64-mingw32-clang -DARCHITECTURE_arm64=1 -DARCHITECTURE_arm64ec=1 -DFEXCORE_HAS_PRESERVE_ALL_ATTR=0 -DFEXCORE_PRESERVE_ALL_ATTR="" -DFEX_HAS_PRESERVE_ALL_ATTR=0 -DFEX_PRESERVE_ALL_ATTR="" -DGLOBAL_DATA_DIRECTORY=\"/usr/local/share/fex-emu/\" -DHAS_PROGRAM_INVOCATION_NAME="" -DINLINE="static inline" -DINLINE_LEVEL=4 -DSOFTFLOAT_BUILTIN_CLZ=1 -DSOFTFLOAT_FAST_DIV32TO16=1 -DSOFTFLOAT_FAST_DIV64TO32=1 -DSOFTFLOAT_FAST_INT64=1 -D_LARGEFILE64_SOURCE @CMakeFiles/softfloat_3e.dir/includes_C.rsp -DFEX_IOS_HOST -O3 -DNDEBUG -flto=thin -Wno-trigraphs -fdiagnostics-color=always -fcolor-diagnostics -Wno-deprecated-enum-enum-conversion -Wall -MD -MT External/SoftFloat-3e/CMakeFiles/softfloat_3e.dir/src/s_propagateNaNExtF80UI.c.obj -MF CMakeFiles/softfloat_3e.dir/src/s_propagateNaNExtF80UI.c.obj.d -o CMakeFiles/softfloat_3e.dir/src/s_propagateNaNExtF80UI.c.obj -c /Users/runner/work/GTASanAndreas3DS/GTASanAndreas3DS/FEX/External/SoftFloat-3e/src/s_propagateNaNExtF80UI.c
[ 31%] Building C object External/SoftFloat-3e/CMakeFiles/softfloat_3e.dir/src/s_roundPackToExtF80.c.obj
cd /Users/runner/work/GTASanAndreas3DS/GTASanAndreas3DS/FEX/build-arm64ec/External/SoftFloat-3e && /opt/homebrew/bin/ccache sloppiness=time_macros /Users/runner/work/GTASanAndreas3DS/GTASanAndreas3DS/toolchains/llvm-mingw-20260616-ucrt-macos-universal/bin/arm64ec-w64-mingw32-clang -DARCHITECTURE_arm64=1 -DARCHITECTURE_arm64ec=1 -DFEXCORE_HAS_PRESERVE_ALL_ATTR=0 -DFEXCORE_PRESERVE_ALL_ATTR="" -DFEX_HAS_PRESERVE_ALL_ATTR=0 -DFEX_PRESERVE_ALL_ATTR="" -DGLOBAL_DATA_DIRECTORY=\"/usr/local/share/fex-emu/\" -DHAS_PROGRAM_INVOCATION_NAME="" -DINLINE="static inline" -DINLINE_LEVEL=4 -DSOFTFLOAT_BUILTIN_CLZ=1 -DSOFTFLOAT_FAST_DIV32TO16=1 -DSOFTFLOAT_FAST_DIV64TO32=1 -DSOFTFLOAT_FAST_INT64=1 -D_LARGEFILE64_SOURCE @CMakeFiles/softfloat_3e.dir/includes_C.rsp -DFEX_IOS_HOST -O3 -DNDEBUG -flto=thin -Wno-trigraphs -fdiagnostics-color=always -fcolor-diagnostics -Wno-deprecated-enum-enum-conversion -Wall -MD -MT External/SoftFloat-3e/CMakeFiles/softfloat_3e.dir/src/s_roundPackToExtF80.c.obj -MF CMakeFiles/softfloat_3e.dir/src/s_roundPackToExtF80.c.obj.d -o CMakeFiles/softfloat_3e.dir/src/s_roundPackToExtF80.c.obj -c /Users/runner/work/GTASanAndreas3DS/GTASanAndreas3DS/FEX/External/SoftFloat-3e/src/s_roundPackToExtF80.c
[ 32%] Building C object External/SoftFloat-3e/CMakeFiles/softfloat_3e.dir/src/s_normSubnormalExtF80Sig.c.obj
cd /Users/runner/work/GTASanAndreas3DS/GTASanAndreas3DS/FEX/build-arm64ec/External/SoftFloat-3e && /opt/homebrew/bin/ccache sloppiness=time_macros /Users/runner/work/GTASanAndreas3DS/GTASanAndreas3DS/toolchains/llvm-mingw-20260616-ucrt-macos-universal/bin/arm64ec-w64-mingw32-clang -DARCHITECTURE_arm64=1 -DARCHITECTURE_arm64ec=1 -DFEXCORE_HAS_PRESERVE_ALL_ATTR=0 -DFEXCORE_PRESERVE_ALL_ATTR="" -DFEX_HAS_PRESERVE_ALL_ATTR=0 -DFEX_PRESERVE_ALL_ATTR="" -DGLOBAL_DATA_DIRECTORY=\"/usr/local/share/fex-emu/\" -DHAS_PROGRAM_INVOCATION_NAME="" -DINLINE="static inline" -DINLINE_LEVEL=4 -DSOFTFLOAT_BUILTIN_CLZ=1 -DSOFTFLOAT_FAST_DIV32TO16=1 -DSOFTFLOAT_FAST_DIV64TO32=1 -DSOFTFLOAT_FAST_INT64=1 -D_LARGEFILE64_SOURCE @CMakeFiles/softfloat_3e.dir/includes_C.rsp -DFEX_IOS_HOST -O3 -DNDEBUG -flto=thin -Wno-trigraphs -fdiagnostics-color=always -fcolor-diagnostics -Wno-deprecated-enum-enum-conversion -Wall -MD -MT External/SoftFloat-3e/CMakeFiles/softfloat_3e.dir/src/s_normSubnormalExtF80Sig.c.obj -MF CMakeFiles/softfloat_3e.dir/src/s_normSubnormalExtF80Sig.c.obj.d -o CMakeFiles/softfloat_3e.dir/src/s_normSubnormalExtF80Sig.c.obj -c /Users/runner/work/GTASanAndreas3DS/GTASanAndreas3DS/FEX/External/SoftFloat-3e/src/s_normSubnormalExtF80Sig.c
[ 32%] Building C object External/SoftFloat-3e/CMakeFiles/softfloat_3e.dir/src/s_subMagsExtF80.c.obj
cd /Users/runner/work/GTASanAndreas3DS/GTASanAndreas3DS/FEX/build-arm64ec/External/SoftFloat-3e && /opt/homebrew/bin/ccache sloppiness=time_macros /Users/runner/work/GTASanAndreas3DS/GTASanAndreas3DS/toolchains/llvm-mingw-20260616-ucrt-macos-universal/bin/arm64ec-w64-mingw32-clang -DARCHITECTURE_arm64=1 -DARCHITECTURE_arm64ec=1 -DFEXCORE_HAS_PRESERVE_ALL_ATTR=0 -DFEXCORE_PRESERVE_ALL_ATTR="" -DFEX_HAS_PRESERVE_ALL_ATTR=0 -DFEX_PRESERVE_ALL_ATTR="" -DGLOBAL_DATA_DIRECTORY=\"/usr/local/share/fex-emu/\" -DHAS_PROGRAM_INVOCATION_NAME="" -DINLINE="static inline" -DINLINE_LEVEL=4 -DSOFTFLOAT_BUILTIN_CLZ=1 -DSOFTFLOAT_FAST_DIV32TO16=1 -DSOFTFLOAT_FAST_DIV64TO32=1 -DSOFTFLOAT_FAST_INT64=1 -D_LARGEFILE64_SOURCE @CMakeFiles/softfloat_3e.dir/includes_C.rsp -DFEX_IOS_HOST -O3 -DNDEBUG -flto=thin -Wno-trigraphs -fdiagnostics-color=always -fcolor-diagnostics -Wno-deprecated-enum-enum-conversion -Wall -MD -MT External/SoftFloat-3e/CMakeFiles/softfloat_3e.dir/src/s_subMagsExtF80.c.obj -MF CMakeFiles/softfloat_3e.dir/src/s_subMagsExtF80.c.obj.d -o CMakeFiles/softfloat_3e.dir/src/s_subMagsExtF80.c.obj -c /Users/runner/work/GTASanAndreas3DS/GTASanAndreas3DS/FEX/External/SoftFloat-3e/src/s_subMagsExtF80.c
[ 34%] Building C object External/SoftFloat-3e/CMakeFiles/softfloat_3e.dir/src/s_shiftRightJam128.c.obj
cd /Users/runner/work/GTASanAndreas3DS/GTASanAndreas3DS/FEX/build-arm64ec/External/SoftFloat-3e && /opt/homebrew/bin/ccache sloppiness=time_macros /Users/runner/work/GTASanAndreas3DS/GTASanAndreas3DS/toolchains/llvm-mingw-20260616-ucrt-macos-universal/bin/arm64ec-w64-mingw32-clang -DARCHITECTURE_arm64=1 -DARCHITECTURE_arm64ec=1 -DFEXCORE_HAS_PRESERVE_ALL_ATTR=0 -DFEXCORE_PRESERVE_ALL_ATTR="" -DFEX_HAS_PRESERVE_ALL_ATTR=0 -DFEX_PRESERVE_ALL_ATTR="" -DGLOBAL_DATA_DIRECTORY=\"/usr/local/share/fex-emu/\" -DHAS_PROGRAM_INVOCATION_NAME="" -DINLINE="static inline" -DINLINE_LEVEL=4 -DSOFTFLOAT_BUILTIN_CLZ=1 -DSOFTFLOAT_FAST_DIV32TO16=1 -DSOFTFLOAT_FAST_DIV64TO32=1 -DSOFTFLOAT_FAST_INT64=1 -D_LARGEFILE64_SOURCE @CMakeFiles/softfloat_3e.dir/includes_C.rsp -DFEX_IOS_HOST -O3 -DNDEBUG -flto=thin -Wno-trigraphs -fdiagnostics-color=always -fcolor-diagnostics -Wno-deprecated-enum-enum-conversion -Wall -MD -MT External/SoftFloat-3e/CMakeFiles/softfloat_3e.dir/src/s_shiftRightJam128.c.obj -MF CMakeFiles/softfloat_3e.dir/src/s_shiftRightJam128.c.obj.d -o CMakeFiles/softfloat_3e.dir/src/s_shiftRightJam128.c.obj -c /Users/runner/work/GTASanAndreas3DS/GTASanAndreas3DS/FEX/External/SoftFloat-3e/src/s_shiftRightJam128.c
[ 34%] Building C object External/SoftFloat-3e/CMakeFiles/softfloat_3e.dir/src/s_shiftRightJam128Extra.c.obj
cd /Users/runner/work/GTASanAndreas3DS/GTASanAndreas3DS/FEX/build-arm64ec/External/SoftFloat-3e && /opt/homebrew/bin/ccache sloppiness=time_macros /Users/runner/work/GTASanAndreas3DS/GTASanAndreas3DS/toolchains/llvm-mingw-20260616-ucrt-macos-universal/bin/arm64ec-w64-mingw32-clang -DARCHITECTURE_arm64=1 -DARCHITECTURE_arm64ec=1 -DFEXCORE_HAS_PRESERVE_ALL_ATTR=0 -DFEXCORE_PRESERVE_ALL_ATTR="" -DFEX_HAS_PRESERVE_ALL_ATTR=0 -DFEX_PRESERVE_ALL_ATTR="" -DGLOBAL_DATA_DIRECTORY=\"/usr/local/share/fex-emu/\" -DHAS_PROGRAM_INVOCATION_NAME="" -DINLINE="static inline" -DINLINE_LEVEL=4 -DSOFTFLOAT_BUILTIN_CLZ=1 -DSOFTFLOAT_FAST_DIV32TO16=1 -DSOFTFLOAT_FAST_DIV64TO32=1 -DSOFTFLOAT_FAST_INT64=1 -D_LARGEFILE64_SOURCE @CMakeFiles/softfloat_3e.dir/includes_C.rsp -DFEX_IOS_HOST -O3 -DNDEBUG -flto=thin -Wno-trigraphs -fdiagnostics-color=always -fcolor-diagnostics -Wno-deprecated-enum-enum-conversion -Wall -MD -MT External/SoftFloat-3e/CMakeFiles/softfloat_3e.dir/src/s_shiftRightJam128Extra.c.obj -MF CMakeFiles/softfloat_3e.dir/src/s_shiftRightJam128Extra.c.obj.d -o CMakeFiles/softfloat_3e.dir/src/s_shiftRightJam128Extra.c.obj -c /Users/runner/work/GTASanAndreas3DS/GTASanAndreas3DS/FEX/External/SoftFloat-3e/src/s_shiftRightJam128Extra.c
[ 35%] Building C object External/SoftFloat-3e/CMakeFiles/softfloat_3e.dir/src/s_normRoundPackToExtF80.c.obj
cd /Users/runner/work/GTASanAndreas3DS/GTASanAndreas3DS/FEX/build-arm64ec/External/SoftFloat-3e && /opt/homebrew/bin/ccache sloppiness=time_macros /Users/runner/work/GTASanAndreas3DS/GTASanAndreas3DS/toolchains/llvm-mingw-20260616-ucrt-macos-universal/bin/arm64ec-w64-mingw32-clang -DARCHITECTURE_arm64=1 -DARCHITECTURE_arm64ec=1 -DFEXCORE_HAS_PRESERVE_ALL_ATTR=0 -DFEXCORE_PRESERVE_ALL_ATTR="" -DFEX_HAS_PRESERVE_ALL_ATTR=0 -DFEX_PRESERVE_ALL_ATTR="" -DGLOBAL_DATA_DIRECTORY=\"/usr/local/share/fex-emu/\" -DHAS_PROGRAM_INVOCATION_NAME="" -DINLINE="static inline" -DINLINE_LEVEL=4 -DSOFTFLOAT_BUILTIN_CLZ=1 -DSOFTFLOAT_FAST_DIV32TO16=1 -DSOFTFLOAT_FAST_DIV64TO32=1 -DSOFTFLOAT_FAST_INT64=1 -D_LARGEFILE64_SOURCE @CMakeFiles/softfloat_3e.dir/includes_C.rsp -DFEX_IOS_HOST -O3 -DNDEBUG -flto=thin -Wno-trigraphs -fdiagnostics-color=always -fcolor-diagnostics -Wno-deprecated-enum-enum-conversion -Wall -MD -MT External/SoftFloat-3e/CMakeFiles/softfloat_3e.dir/src/s_normRoundPackToExtF80.c.obj -MF CMakeFiles/softfloat_3e.dir/src/s_normRoundPackToExtF80.c.obj.d -o CMakeFiles/softfloat_3e.dir/src/s_normRoundPackToExtF80.c.obj -c /Users/runner/work/GTASanAndreas3DS/GTASanAndreas3DS/FEX/External/SoftFloat-3e/src/s_normRoundPackToExtF80.c
[ 35%] Building C object External/SoftFloat-3e/CMakeFiles/softfloat_3e.dir/src/s_approxRecip_1Ks.c.obj
cd /Users/runner/work/GTASanAndreas3DS/GTASanAndreas3DS/FEX/build-arm64ec/External/SoftFloat-3e && /opt/homebrew/bin/ccache sloppiness=time_macros /Users/runner/work/GTASanAndreas3DS/GTASanAndreas3DS/toolchains/llvm-mingw-20260616-ucrt-macos-universal/bin/arm64ec-w64-mingw32-clang -DARCHITECTURE_arm64=1 -DARCHITECTURE_arm64ec=1 -DFEXCORE_HAS_PRESERVE_ALL_ATTR=0 -DFEXCORE_PRESERVE_ALL_ATTR="" -DFEX_HAS_PRESERVE_ALL_ATTR=0 -DFEX_PRESERVE_ALL_ATTR="" -DGLOBAL_DATA_DIRECTORY=\"/usr/local/share/fex-emu/\" -DHAS_PROGRAM_INVOCATION_NAME="" -DINLINE="static inline" -DINLINE_LEVEL=4 -DSOFTFLOAT_BUILTIN_CLZ=1 -DSOFTFLOAT_FAST_DIV32TO16=1 -DSOFTFLOAT_FAST_DIV64TO32=1 -DSOFTFLOAT_FAST_INT64=1 -D_LARGEFILE64_SOURCE @CMakeFiles/softfloat_3e.dir/includes_C.rsp -DFEX_IOS_HOST -O3 -DNDEBUG -flto=thin -Wno-trigraphs -fdiagnostics-color=always -fcolor-diagnostics -Wno-deprecated-enum-enum-conversion -Wall -MD -MT External/SoftFloat-3e/CMakeFiles/softfloat_3e.dir/src/s_approxRecip_1Ks.c.obj -MF CMakeFiles/softfloat_3e.dir/src/s_approxRecip_1Ks.c.obj.d -o CMakeFiles/softfloat_3e.dir/src/s_approxRecip_1Ks.c.obj -c /Users/runner/work/GTASanAndreas3DS/GTASanAndreas3DS/FEX/External/SoftFloat-3e/src/s_approxRecip_1Ks.c
[ 36%] Building C object External/SoftFloat-3e/CMakeFiles/softfloat_3e.dir/src/s_approxRecipSqrt32_1.c.obj
cd /Users/runner/work/GTASanAndreas3DS/GTASanAndreas3DS/FEX/build-arm64ec/External/SoftFloat-3e && /opt/homebrew/bin/ccache sloppiness=time_macros /Users/runner/work/GTASanAndreas3DS/GTASanAndreas3DS/toolchains/llvm-mingw-20260616-ucrt-macos-universal/bin/arm64ec-w64-mingw32-clang -DARCHITECTURE_arm64=1 -DARCHITECTURE_arm64ec=1 -DFEXCORE_HAS_PRESERVE_ALL_ATTR=0 -DFEXCORE_PRESERVE_ALL_ATTR="" -DFEX_HAS_PRESERVE_ALL_ATTR=0 -DFEX_PRESERVE_ALL_ATTR="" -DGLOBAL_DATA_DIRECTORY=\"/usr/local/share/fex-emu/\" -DHAS_PROGRAM_INVOCATION_NAME="" -DINLINE="static inline" -DINLINE_LEVEL=4 -DSOFTFLOAT_BUILTIN_CLZ=1 -DSOFTFLOAT_FAST_DIV32TO16=1 -DSOFTFLOAT_FAST_DIV64TO32=1 -DSOFTFLOAT_FAST_INT64=1 -D_LARGEFILE64_SOURCE @CMakeFiles/softfloat_3e.dir/includes_C.rsp -DFEX_IOS_HOST -O3 -DNDEBUG -flto=thin -Wno-trigraphs -fdiagnostics-color=always -fcolor-diagnostics -Wno-deprecated-enum-enum-conversion -Wall -MD -MT External/SoftFloat-3e/CMakeFiles/softfloat_3e.dir/src/s_approxRecipSqrt32_1.c.obj -MF CMakeFiles/softfloat_3e.dir/src/s_approxRecipSqrt32_1.c.obj.d -o CMakeFiles/softfloat_3e.dir/src/s_approxRecipSqrt32_1.c.obj -c /Users/runner/work/GTASanAndreas3DS/GTASanAndreas3DS/FEX/External/SoftFloat-3e/src/s_approxRecipSqrt32_1.c
[ 36%] Building C object External/SoftFloat-3e/CMakeFiles/softfloat_3e.dir/src/s_approxRecipSqrt_1Ks.c.obj
cd /Users/runner/work/GTASanAndreas3DS/GTASanAndreas3DS/FEX/build-arm64ec/External/SoftFloat-3e && /opt/homebrew/bin/ccache sloppiness=time_macros /Users/runner/work/GTASanAndreas3DS/GTASanAndreas3DS/toolchains/llvm-mingw-20260616-ucrt-macos-universal/bin/arm64ec-w64-mingw32-clang -DARCHITECTURE_arm64=1 -DARCHITECTURE_arm64ec=1 -DFEXCORE_HAS_PRESERVE_ALL_ATTR=0 -DFEXCORE_PRESERVE_ALL_ATTR="" -DFEX_HAS_PRESERVE_ALL_ATTR=0 -DFEX_PRESERVE_ALL_ATTR="" -DGLOBAL_DATA_DIRECTORY=\"/usr/local/share/fex-emu/\" -DHAS_PROGRAM_INVOCATION_NAME="" -DINLINE="static inline" -DINLINE_LEVEL=4 -DSOFTFLOAT_BUILTIN_CLZ=1 -DSOFTFLOAT_FAST_DIV32TO16=1 -DSOFTFLOAT_FAST_DIV64TO32=1 -DSOFTFLOAT_FAST_INT64=1 -D_LARGEFILE64_SOURCE @CMakeFiles/softfloat_3e.dir/includes_C.rsp -DFEX_IOS_HOST -O3 -DNDEBUG -flto=thin -Wno-trigraphs -fdiagnostics-color=always -fcolor-diagnostics -Wno-deprecated-enum-enum-conversion -Wall -MD -MT External/SoftFloat-3e/CMakeFiles/softfloat_3e.dir/src/s_approxRecipSqrt_1Ks.c.obj -MF CMakeFiles/softfloat_3e.dir/src/s_approxRecipSqrt_1Ks.c.obj.d -o CMakeFiles/softfloat_3e.dir/src/s_approxRecipSqrt_1Ks.c.obj -c /Users/runner/work/GTASanAndreas3DS/GTASanAndreas3DS/FEX/External/SoftFloat-3e/src/s_approxRecipSqrt_1Ks.c
[ 37%] Building C object External/SoftFloat-3e/CMakeFiles/softfloat_3e.dir/src/softfloat_raiseFlags.c.obj
cd /Users/runner/work/GTASanAndreas3DS/GTASanAndreas3DS/FEX/build-arm64ec/External/SoftFloat-3e && /opt/homebrew/bin/ccache sloppiness=time_macros /Users/runner/work/GTASanAndreas3DS/GTASanAndreas3DS/toolchains/llvm-mingw-20260616-ucrt-macos-universal/bin/arm64ec-w64-mingw32-clang -DARCHITECTURE_arm64=1 -DARCHITECTURE_arm64ec=1 -DFEXCORE_HAS_PRESERVE_ALL_ATTR=0 -DFEXCORE_PRESERVE_ALL_ATTR="" -DFEX_HAS_PRESERVE_ALL_ATTR=0 -DFEX_PRESERVE_ALL_ATTR="" -DGLOBAL_DATA_DIRECTORY=\"/usr/local/share/fex-emu/\" -DHAS_PROGRAM_INVOCATION_NAME="" -DINLINE="static inline" -DINLINE_LEVEL=4 -DSOFTFLOAT_BUILTIN_CLZ=1 -DSOFTFLOAT_FAST_DIV32TO16=1 -DSOFTFLOAT_FAST_DIV64TO32=1 -DSOFTFLOAT_FAST_INT64=1 -D_LARGEFILE64_SOURCE @CMakeFiles/softfloat_3e.dir/includes_C.rsp -DFEX_IOS_HOST -O3 -DNDEBUG -flto=thin -Wno-trigraphs -fdiagnostics-color=always -fcolor-diagnostics -Wno-deprecated-enum-enum-conversion -Wall -MD -MT External/SoftFloat-3e/CMakeFiles/softfloat_3e.dir/src/softfloat_raiseFlags.c.obj -MF CMakeFiles/softfloat_3e.dir/src/softfloat_raiseFlags.c.obj.d -o CMakeFiles/softfloat_3e.dir/src/softfloat_raiseFlags.c.obj -c /Users/runner/work/GTASanAndreas3DS/GTASanAndreas3DS/FEX/External/SoftFloat-3e/src/softfloat_raiseFlags.c
[ 37%] Building C object External/SoftFloat-3e/CMakeFiles/softfloat_3e.dir/src/f64_to_extF80.c.obj
cd /Users/runner/work/GTASanAndreas3DS/GTASanAndreas3DS/FEX/build-arm64ec/External/SoftFloat-3e && /opt/homebrew/bin/ccache sloppiness=time_macros /Users/runner/work/GTASanAndreas3DS/GTASanAndreas3DS/toolchains/llvm-mingw-20260616-ucrt-macos-universal/bin/arm64ec-w64-mingw32-clang -DARCHITECTURE_arm64=1 -DARCHITECTURE_arm64ec=1 -DFEXCORE_HAS_PRESERVE_ALL_ATTR=0 -DFEXCORE_PRESERVE_ALL_ATTR="" -DFEX_HAS_PRESERVE_ALL_ATTR=0 -DFEX_PRESERVE_ALL_ATTR="" -DGLOBAL_DATA_DIRECTORY=\"/usr/local/share/fex-emu/\" -DHAS_PROGRAM_INVOCATION_NAME="" -DINLINE="static inline" -DINLINE_LEVEL=4 -DSOFTFLOAT_BUILTIN_CLZ=1 -DSOFTFLOAT_FAST_DIV32TO16=1 -DSOFTFLOAT_FAST_DIV64TO32=1 -DSOFTFLOAT_FAST_INT64=1 -D_LARGEFILE64_SOURCE @CMakeFiles/softfloat_3e.dir/includes_C.rsp -DFEX_IOS_HOST -O3 -DNDEBUG -flto=thin -Wno-trigraphs -fdiagnostics-color=always -fcolor-diagnostics -Wno-deprecated-enum-enum-conversion -Wall -MD -MT External/SoftFloat-3e/CMakeFiles/softfloat_3e.dir/src/f64_to_extF80.c.obj -MF CMakeFiles/softfloat_3e.dir/src/f64_to_extF80.c.obj.d -o CMakeFiles/softfloat_3e.dir/src/f64_to_extF80.c.obj -c /Users/runner/work/GTASanAndreas3DS/GTASanAndreas3DS/FEX/External/SoftFloat-3e/src/f64_to_extF80.c
[ 38%] Building C object External/SoftFloat-3e/CMakeFiles/softfloat_3e.dir/src/s_commonNaNToExtF80UI.c.obj
cd /Users/runner/work/GTASanAndreas3DS/GTASanAndreas3DS/FEX/build-arm64ec/External/SoftFloat-3e && /opt/homebrew/bin/ccache sloppiness=time_macros /Users/runner/work/GTASanAndreas3DS/GTASanAndreas3DS/toolchains/llvm-mingw-20260616-ucrt-macos-universal/bin/arm64ec-w64-mingw32-clang -DARCHITECTURE_arm64=1 -DARCHITECTURE_arm64ec=1 -DFEXCORE_HAS_PRESERVE_ALL_ATTR=0 -DFEXCORE_PRESERVE_ALL_ATTR="" -DFEX_HAS_PRESERVE_ALL_ATTR=0 -DFEX_PRESERVE_ALL_ATTR="" -DGLOBAL_DATA_DIRECTORY=\"/usr/local/share/fex-emu/\" -DHAS_PROGRAM_INVOCATION_NAME="" -DINLINE="static inline" -DINLINE_LEVEL=4 -DSOFTFLOAT_BUILTIN_CLZ=1 -DSOFTFLOAT_FAST_DIV32TO16=1 -DSOFTFLOAT_FAST_DIV64TO32=1 -DSOFTFLOAT_FAST_INT64=1 -D_LARGEFILE64_SOURCE @CMakeFiles/softfloat_3e.dir/includes_C.rsp -DFEX_IOS_HOST -O3 -DNDEBUG -flto=thin -Wno-trigraphs -fdiagnostics-color=always -fcolor-diagnostics -Wno-deprecated-enum-enum-conversion -Wall -MD -MT External/SoftFloat-3e/CMakeFiles/softfloat_3e.dir/src/s_commonNaNToExtF80UI.c.obj -MF CMakeFiles/softfloat_3e.dir/src/s_commonNaNToExtF80UI.c.obj.d -o CMakeFiles/softfloat_3e.dir/src/s_commonNaNToExtF80UI.c.obj -c /Users/runner/work/GTASanAndreas3DS/GTASanAndreas3DS/FEX/External/SoftFloat-3e/src/s_commonNaNToExtF80UI.c
[ 38%] Building C object External/SoftFloat-3e/CMakeFiles/softfloat_3e.dir/src/s_normSubnormalF64Sig.c.obj
cd /Users/runner/work/GTASanAndreas3DS/GTASanAndreas3DS/FEX/build-arm64ec/External/SoftFloat-3e && /opt/homebrew/bin/ccache sloppiness=time_macros /Users/runner/work/GTASanAndreas3DS/GTASanAndreas3DS/toolchains/llvm-mingw-20260616-ucrt-macos-universal/bin/arm64ec-w64-mingw32-clang -DARCHITECTURE_arm64=1 -DARCHITECTURE_arm64ec=1 -DFEXCORE_HAS_PRESERVE_ALL_ATTR=0 -DFEXCORE_PRESERVE_ALL_ATTR="" -DFEX_HAS_PRESERVE_ALL_ATTR=0 -DFEX_PRESERVE_ALL_ATTR="" -DGLOBAL_DATA_DIRECTORY=\"/usr/local/share/fex-emu/\" -DHAS_PROGRAM_INVOCATION_NAME="" -DINLINE="static inline" -DINLINE_LEVEL=4 -DSOFTFLOAT_BUILTIN_CLZ=1 -DSOFTFLOAT_FAST_DIV32TO16=1 -DSOFTFLOAT_FAST_DIV64TO32=1 -DSOFTFLOAT_FAST_INT64=1 -D_LARGEFILE64_SOURCE @CMakeFiles/softfloat_3e.dir/includes_C.rsp -DFEX_IOS_HOST -O3 -DNDEBUG -flto=thin -Wno-trigraphs -fdiagnostics-color=always -fcolor-diagnostics -Wno-deprecated-enum-enum-conversion -Wall -MD -MT External/SoftFloat-3e/CMakeFiles/softfloat_3e.dir/src/s_normSubnormalF64Sig.c.obj -MF CMakeFiles/softfloat_3e.dir/src/s_normSubnormalF64Sig.c.obj.d -o CMakeFiles/softfloat_3e.dir/src/s_normSubnormalF64Sig.c.obj -c /Users/runner/work/GTASanAndreas3DS/GTASanAndreas3DS/FEX/External/SoftFloat-3e/src/s_normSubnormalF64Sig.c
[ 39%] Building C object External/SoftFloat-3e/CMakeFiles/softfloat_3e.dir/src/s_f64UIToCommonNaN.c.obj
cd /Users/runner/work/GTASanAndreas3DS/GTASanAndreas3DS/FEX/build-arm64ec/External/SoftFloat-3e && /opt/homebrew/bin/ccache sloppiness=time_macros /Users/runner/work/GTASanAndreas3DS/GTASanAndreas3DS/toolchains/llvm-mingw-20260616-ucrt-macos-universal/bin/arm64ec-w64-mingw32-clang -DARCHITECTURE_arm64=1 -DARCHITECTURE_arm64ec=1 -DFEXCORE_HAS_PRESERVE_ALL_ATTR=0 -DFEXCORE_PRESERVE_ALL_ATTR="" -DFEX_HAS_PRESERVE_ALL_ATTR=0 -DFEX_PRESERVE_ALL_ATTR="" -DGLOBAL_DATA_DIRECTORY=\"/usr/local/share/fex-emu/\" -DHAS_PROGRAM_INVOCATION_NAME="" -DINLINE="static inline" -DINLINE_LEVEL=4 -DSOFTFLOAT_BUILTIN_CLZ=1 -DSOFTFLOAT_FAST_DIV32TO16=1 -DSOFTFLOAT_FAST_DIV64TO32=1 -DSOFTFLOAT_FAST_INT64=1 -D_LARGEFILE64_SOURCE @CMakeFiles/softfloat_3e.dir/includes_C.rsp -DFEX_IOS_HOST -O3 -DNDEBUG -flto=thin -Wno-trigraphs -fdiagnostics-color=always -fcolor-diagnostics -Wno-deprecated-enum-enum-conversion -Wall -MD -MT External/SoftFloat-3e/CMakeFiles/softfloat_3e.dir/src/s_f64UIToCommonNaN.c.obj -MF CMakeFiles/softfloat_3e.dir/src/s_f64UIToCommonNaN.c.obj.d -o CMakeFiles/softfloat_3e.dir/src/s_f64UIToCommonNaN.c.obj -c /Users/runner/work/GTASanAndreas3DS/GTASanAndreas3DS/FEX/External/SoftFloat-3e/src/s_f64UIToCommonNaN.c
[ 39%] Building C object External/SoftFloat-3e/CMakeFiles/softfloat_3e.dir/src/extF80_roundToInt.c.obj
cd /Users/runner/work/GTASanAndreas3DS/GTASanAndreas3DS/FEX/build-arm64ec/External/SoftFloat-3e && /opt/homebrew/bin/ccache sloppiness=time_macros /Users/runner/work/GTASanAndreas3DS/GTASanAndreas3DS/toolchains/llvm-mingw-20260616-ucrt-macos-universal/bin/arm64ec-w64-mingw32-clang -DARCHITECTURE_arm64=1 -DARCHITECTURE_arm64ec=1 -DFEXCORE_HAS_PRESERVE_ALL_ATTR=0 -DFEXCORE_PRESERVE_ALL_ATTR="" -DFEX_HAS_PRESERVE_ALL_ATTR=0 -DFEX_PRESERVE_ALL_ATTR="" -DGLOBAL_DATA_DIRECTORY=\"/usr/local/share/fex-emu/\" -DHAS_PROGRAM_INVOCATION_NAME="" -DINLINE="static inline" -DINLINE_LEVEL=4 -DSOFTFLOAT_BUILTIN_CLZ=1 -DSOFTFLOAT_FAST_DIV32TO16=1 -DSOFTFLOAT_FAST_DIV64TO32=1 -DSOFTFLOAT_FAST_INT64=1 -D_LARGEFILE64_SOURCE @CMakeFiles/softfloat_3e.dir/includes_C.rsp -DFEX_IOS_HOST -O3 -DNDEBUG -flto=thin -Wno-trigraphs -fdiagnostics-color=always -fcolor-diagnostics -Wno-deprecated-enum-enum-conversion -Wall -MD -MT External/SoftFloat-3e/CMakeFiles/softfloat_3e.dir/src/extF80_roundToInt.c.obj -MF CMakeFiles/softfloat_3e.dir/src/extF80_roundToInt.c.obj.d -o CMakeFiles/softfloat_3e.dir/src/extF80_roundToInt.c.obj -c /Users/runner/work/GTASanAndreas3DS/GTASanAndreas3DS/FEX/External/SoftFloat-3e/src/extF80_roundToInt.c
[ 40%] Building C object External/SoftFloat-3e/CMakeFiles/softfloat_3e.dir/src/extF80_eq.c.obj
cd /Users/runner/work/GTASanAndreas3DS/GTASanAndreas3DS/FEX/build-arm64ec/External/SoftFloat-3e && /opt/homebrew/bin/ccache sloppiness=time_macros /Users/runner/work/GTASanAndreas3DS/GTASanAndreas3DS/toolchains/llvm-mingw-20260616-ucrt-macos-universal/bin/arm64ec-w64-mingw32-clang -DARCHITECTURE_arm64=1 -DARCHITECTURE_arm64ec=1 -DFEXCORE_HAS_PRESERVE_ALL_ATTR=0 -DFEXCORE_PRESERVE_ALL_ATTR="" -DFEX_HAS_PRESERVE_ALL_ATTR=0 -DFEX_PRESERVE_ALL_ATTR="" -DGLOBAL_DATA_DIRECTORY=\"/usr/local/share/fex-emu/\" -DHAS_PROGRAM_INVOCATION_NAME="" -DINLINE="static inline" -DINLINE_LEVEL=4 -DSOFTFLOAT_BUILTIN_CLZ=1 -DSOFTFLOAT_FAST_DIV32TO16=1 -DSOFTFLOAT_FAST_DIV64TO32=1 -DSOFTFLOAT_FAST_INT64=1 -D_LARGEFILE64_SOURCE @CMakeFiles/softfloat_3e.dir/includes_C.rsp -DFEX_IOS_HOST -O3 -DNDEBUG -flto=thin -Wno-trigraphs -fdiagnostics-color=always -fcolor-diagnostics -Wno-deprecated-enum-enum-conversion -Wall -MD -MT External/SoftFloat-3e/CMakeFiles/softfloat_3e.dir/src/extF80_eq.c.obj -MF CMakeFiles/softfloat_3e.dir/src/extF80_eq.c.obj.d -o CMakeFiles/softfloat_3e.dir/src/extF80_eq.c.obj -c /Users/runner/work/GTASanAndreas3DS/GTASanAndreas3DS/FEX/External/SoftFloat-3e/src/extF80_eq.c
[ 40%] Building C object External/SoftFloat-3e/CMakeFiles/softfloat_3e.dir/src/extF80_lt.c.obj
cd /Users/runner/work/GTASanAndreas3DS/GTASanAndreas3DS/FEX/build-arm64ec/External/SoftFloat-3e && /opt/homebrew/bin/ccache sloppiness=time_macros /Users/runner/work/GTASanAndreas3DS/GTASanAndreas3DS/toolchains/llvm-mingw-20260616-ucrt-macos-universal/bin/arm64ec-w64-mingw32-clang -DARCHITECTURE_arm64=1 -DARCHITECTURE_arm64ec=1 -DFEXCORE_HAS_PRESERVE_ALL_ATTR=0 -DFEXCORE_PRESERVE_ALL_ATTR="" -DFEX_HAS_PRESERVE_ALL_ATTR=0 -DFEX_PRESERVE_ALL_ATTR="" -DGLOBAL_DATA_DIRECTORY=\"/usr/local/share/fex-emu/\" -DHAS_PROGRAM_INVOCATION_NAME="" -DINLINE="static inline" -DINLINE_LEVEL=4 -DSOFTFLOAT_BUILTIN_CLZ=1 -DSOFTFLOAT_FAST_DIV32TO16=1 -DSOFTFLOAT_FAST_DIV64TO32=1 -DSOFTFLOAT_FAST_INT64=1 -D_LARGEFILE64_SOURCE @CMakeFiles/softfloat_3e.dir/includes_C.rsp -DFEX_IOS_HOST -O3 -DNDEBUG -flto=thin -Wno-trigraphs -fdiagnostics-color=always -fcolor-diagnostics -Wno-deprecated-enum-enum-conversion -Wall -MD -MT External/SoftFloat-3e/CMakeFiles/softfloat_3e.dir/src/extF80_lt.c.obj -MF CMakeFiles/softfloat_3e.dir/src/extF80_lt.c.obj.d -o CMakeFiles/softfloat_3e.dir/src/extF80_lt.c.obj -c /Users/runner/work/GTASanAndreas3DS/GTASanAndreas3DS/FEX/External/SoftFloat-3e/src/extF80_lt.c
[ 41%] Building C object External/SoftFloat-3e/CMakeFiles/softfloat_3e.dir/src/f32_to_extF80.c.obj
cd /Users/runner/work/GTASanAndreas3DS/GTASanAndreas3DS/FEX/build-arm64ec/External/SoftFloat-3e && /opt/homebrew/bin/ccache sloppiness=time_macros /Users/runner/work/GTASanAndreas3DS/GTASanAndreas3DS/toolchains/llvm-mingw-20260616-ucrt-macos-universal/bin/arm64ec-w64-mingw32-clang -DARCHITECTURE_arm64=1 -DARCHITECTURE_arm64ec=1 -DFEXCORE_HAS_PRESERVE_ALL_ATTR=0 -DFEXCORE_PRESERVE_ALL_ATTR="" -DFEX_HAS_PRESERVE_ALL_ATTR=0 -DFEX_PRESERVE_ALL_ATTR="" -DGLOBAL_DATA_DIRECTORY=\"/usr/local/share/fex-emu/\" -DHAS_PROGRAM_INVOCATION_NAME="" -DINLINE="static inline" -DINLINE_LEVEL=4 -DSOFTFLOAT_BUILTIN_CLZ=1 -DSOFTFLOAT_FAST_DIV32TO16=1 -DSOFTFLOAT_FAST_DIV64TO32=1 -DSOFTFLOAT_FAST_INT64=1 -D_LARGEFILE64_SOURCE @CMakeFiles/softfloat_3e.dir/includes_C.rsp -DFEX_IOS_HOST -O3 -DNDEBUG -flto=thin -Wno-trigraphs -fdiagnostics-color=always -fcolor-diagnostics -Wno-deprecated-enum-enum-conversion -Wall -MD -MT External/SoftFloat-3e/CMakeFiles/softfloat_3e.dir/src/f32_to_extF80.c.obj -MF CMakeFiles/softfloat_3e.dir/src/f32_to_extF80.c.obj.d -o CMakeFiles/softfloat_3e.dir/src/f32_to_extF80.c.obj -c /Users/runner/work/GTASanAndreas3DS/GTASanAndreas3DS/FEX/External/SoftFloat-3e/src/f32_to_extF80.c
[ 41%] Building C object External/SoftFloat-3e/CMakeFiles/softfloat_3e.dir/src/s_normSubnormalF32Sig.c.obj
cd /Users/runner/work/GTASanAndreas3DS/GTASanAndreas3DS/FEX/build-arm64ec/External/SoftFloat-3e && /opt/homebrew/bin/ccache sloppiness=time_macros /Users/runner/work/GTASanAndreas3DS/GTASanAndreas3DS/toolchains/llvm-mingw-20260616-ucrt-macos-universal/bin/arm64ec-w64-mingw32-clang -DARCHITECTURE_arm64=1 -DARCHITECTURE_arm64ec=1 -DFEXCORE_HAS_PRESERVE_ALL_ATTR=0 -DFEXCORE_PRESERVE_ALL_ATTR="" -DFEX_HAS_PRESERVE_ALL_ATTR=0 -DFEX_PRESERVE_ALL_ATTR="" -DGLOBAL_DATA_DIRECTORY=\"/usr/local/share/fex-emu/\" -DHAS_PROGRAM_INVOCATION_NAME="" -DINLINE="static inline" -DINLINE_LEVEL=4 -DSOFTFLOAT_BUILTIN_CLZ=1 -DSOFTFLOAT_FAST_DIV32TO16=1 -DSOFTFLOAT_FAST_DIV64TO32=1 -DSOFTFLOAT_FAST_INT64=1 -D_LARGEFILE64_SOURCE @CMakeFiles/softfloat_3e.dir/includes_C.rsp -DFEX_IOS_HOST -O3 -DNDEBUG -flto=thin -Wno-trigraphs -fdiagnostics-color=always -fcolor-diagnostics -Wno-deprecated-enum-enum-conversion -Wall -MD -MT External/SoftFloat-3e/CMakeFiles/softfloat_3e.dir/src/s_normSubnormalF32Sig.c.obj -MF CMakeFiles/softfloat_3e.dir/src/s_normSubnormalF32Sig.c.obj.d -o CMakeFiles/softfloat_3e.dir/src/s_normSubnormalF32Sig.c.obj -c /Users/runner/work/GTASanAndreas3DS/GTASanAndreas3DS/FEX/External/SoftFloat-3e/src/s_normSubnormalF32Sig.c
[ 42%] Building C object External/SoftFloat-3e/CMakeFiles/softfloat_3e.dir/src/s_f32UIToCommonNaN.c.obj
cd /Users/runner/work/GTASanAndreas3DS/GTASanAndreas3DS/FEX/build-arm64ec/External/SoftFloat-3e && /opt/homebrew/bin/ccache sloppiness=time_macros /Users/runner/work/GTASanAndreas3DS/GTASanAndreas3DS/toolchains/llvm-mingw-20260616-ucrt-macos-universal/bin/arm64ec-w64-mingw32-clang -DARCHITECTURE_arm64=1 -DARCHITECTURE_arm64ec=1 -DFEXCORE_HAS_PRESERVE_ALL_ATTR=0 -DFEXCORE_PRESERVE_ALL_ATTR="" -DFEX_HAS_PRESERVE_ALL_ATTR=0 -DFEX_PRESERVE_ALL_ATTR="" -DGLOBAL_DATA_DIRECTORY=\"/usr/local/share/fex-emu/\" -DHAS_PROGRAM_INVOCATION_NAME="" -DINLINE="static inline" -DINLINE_LEVEL=4 -DSOFTFLOAT_BUILTIN_CLZ=1 -DSOFTFLOAT_FAST_DIV32TO16=1 -DSOFTFLOAT_FAST_DIV64TO32=1 -DSOFTFLOAT_FAST_INT64=1 -D_LARGEFILE64_SOURCE @CMakeFiles/softfloat_3e.dir/includes_C.rsp -DFEX_IOS_HOST -O3 -DNDEBUG -flto=thin -Wno-trigraphs -fdiagnostics-color=always -fcolor-diagnostics -Wno-deprecated-enum-enum-conversion -Wall -MD -MT External/SoftFloat-3e/CMakeFiles/softfloat_3e.dir/src/s_f32UIToCommonNaN.c.obj -MF CMakeFiles/softfloat_3e.dir/src/s_f32UIToCommonNaN.c.obj.d -o CMakeFiles/softfloat_3e.dir/src/s_f32UIToCommonNaN.c.obj -c /Users/runner/work/GTASanAndreas3DS/GTASanAndreas3DS/FEX/External/SoftFloat-3e/src/s_f32UIToCommonNaN.c
[ 42%] Linking C static library libsoftfloat_3e.a
cd /Users/runner/work/GTASanAndreas3DS/GTASanAndreas3DS/FEX/build-arm64ec/External/SoftFloat-3e && /opt/homebrew/bin/cmake -P CMakeFiles/softfloat_3e.dir/cmake_clean_target.cmake
cd /Users/runner/work/GTASanAndreas3DS/GTASanAndreas3DS/FEX/build-arm64ec/External/SoftFloat-3e && /opt/homebrew/bin/cmake -E cmake_link_script CMakeFiles/softfloat_3e.dir/link.txt --verbose=1
"/Users/runner/work/GTASanAndreas3DS/GTASanAndreas3DS/toolchains/llvm-mingw-20260616-ucrt-macos-universal/bin/arm64ec-w64-mingw32-llvm-ar" qc libsoftfloat_3e.a CMakeFiles/softfloat_3e.dir/src/extF80_add.c.obj CMakeFiles/softfloat_3e.dir/src/extF80_div.c.obj CMakeFiles/softfloat_3e.dir/src/extF80_sub.c.obj CMakeFiles/softfloat_3e.dir/src/extF80_mul.c.obj CMakeFiles/softfloat_3e.dir/src/extF80_rem.c.obj CMakeFiles/softfloat_3e.dir/src/extF80_sqrt.c.obj CMakeFiles/softfloat_3e.dir/src/extF80_le.c.obj CMakeFiles/softfloat_3e.dir/src/extF80_to_i32.c.obj CMakeFiles/softfloat_3e.dir/src/extF80_to_i64.c.obj CMakeFiles/softfloat_3e.dir/src/extF80_to_ui64.c.obj CMakeFiles/softfloat_3e.dir/src/extF80_to_f32.c.obj CMakeFiles/softfloat_3e.dir/src/extF80_to_f64.c.obj CMakeFiles/softfloat_3e.dir/src/i32_to_extF80.c.obj CMakeFiles/softfloat_3e.dir/src/ui64_to_extF80.c.obj CMakeFiles/softfloat_3e.dir/src/extF80_to_f128.c.obj CMakeFiles/softfloat_3e.dir/src/f128_to_extF80.c.obj CMakeFiles/softfloat_3e.dir/src/f128_add.c.obj CMakeFiles/softfloat_3e.dir/src/f128_div.c.obj CMakeFiles/softfloat_3e.dir/src/f128_eq.c.obj CMakeFiles/softfloat_3e.dir/src/f128_eq_signaling.c.obj CMakeFiles/softfloat_3e.dir/src/f128_isSignalingNaN.c.obj CMakeFiles/softfloat_3e.dir/src/f128_le.c.obj CMakeFiles/softfloat_3e.dir/src/f128_le_quiet.c.obj CMakeFiles/softfloat_3e.dir/src/f128_lt.c.obj CMakeFiles/softfloat_3e.dir/src/f128_lt_quiet.c.obj CMakeFiles/softfloat_3e.dir/src/f128_mulAdd.c.obj CMakeFiles/softfloat_3e.dir/src/f128_mul.c.obj CMakeFiles/softfloat_3e.dir/src/f128_rem.c.obj CMakeFiles/softfloat_3e.dir/src/f128_sqrt.c.obj CMakeFiles/softfloat_3e.dir/src/f128_sub.c.obj CMakeFiles/softfloat_3e.dir/src/f128_to_f16.c.obj CMakeFiles/softfloat_3e.dir/src/f128_to_f32.c.obj CMakeFiles/softfloat_3e.dir/src/f128_to_f64.c.obj CMakeFiles/softfloat_3e.dir/src/f128_to_i32.c.obj CMakeFiles/softfloat_3e.dir/src/f128_to_i64.c.obj CMakeFiles/softfloat_3e.dir/src/f128_to_ui32.c.obj CMakeFiles/softfloat_3e.dir/src/f128_to_ui64.c.obj CMakeFiles/softfloat_3e.dir/src/s_addMagsF128.c.obj CMakeFiles/softfloat_3e.dir/src/s_subMagsF128.c.obj CMakeFiles/softfloat_3e.dir/src/s_normRoundPackToF128.c.obj CMakeFiles/softfloat_3e.dir/src/s_roundPackToF128.c.obj CMakeFiles/softfloat_3e.dir/src/s_propagateNaNF128UI.c.obj CMakeFiles/softfloat_3e.dir/src/f32_to_f128.c.obj CMakeFiles/softfloat_3e.dir/src/i32_to_f128.c.obj CMakeFiles/softfloat_3e.dir/src/s_roundToUI64.c.obj CMakeFiles/softfloat_3e.dir/src/s_f128UIToCommonNaN.c.obj CMakeFiles/softfloat_3e.dir/src/s_commonNaNToF128UI.c.obj CMakeFiles/softfloat_3e.dir/src/s_normSubnormalF128Sig.c.obj CMakeFiles/softfloat_3e.dir/src/s_roundToI32.c.obj CMakeFiles/softfloat_3e.dir/src/s_roundToI64.c.obj CMakeFiles/softfloat_3e.dir/src/s_roundPackToF32.c.obj CMakeFiles/softfloat_3e.dir/src/s_addMagsExtF80.c.obj CMakeFiles/softfloat_3e.dir/src/s_extF80UIToCommonNaN.c.obj CMakeFiles/softfloat_3e.dir/src/s_commonNaNToF32UI.c.obj CMakeFiles/softfloat_3e.dir/src/s_commonNaNToF64UI.c.obj CMakeFiles/softfloat_3e.dir/src/s_roundPackToF64.c.obj CMakeFiles/softfloat_3e.dir/src/s_propagateNaNExtF80UI.c.obj CMakeFiles/softfloat_3e.dir/src/s_roundPackToExtF80.c.obj CMakeFiles/softfloat_3e.dir/src/s_normSubnormalExtF80Sig.c.obj CMakeFiles/softfloat_3e.dir/src/s_subMagsExtF80.c.obj CMakeFiles/softfloat_3e.dir/src/s_shiftRightJam128.c.obj CMakeFiles/softfloat_3e.dir/src/s_shiftRightJam128Extra.c.obj CMakeFiles/softfloat_3e.dir/src/s_normRoundPackToExtF80.c.obj CMakeFiles/softfloat_3e.dir/src/s_approxRecip_1Ks.c.obj CMakeFiles/softfloat_3e.dir/src/s_approxRecipSqrt32_1.c.obj CMakeFiles/softfloat_3e.dir/src/s_approxRecipSqrt_1Ks.c.obj CMakeFiles/softfloat_3e.dir/src/softfloat_raiseFlags.c.obj CMakeFiles/softfloat_3e.dir/src/f64_to_extF80.c.obj CMakeFiles/softfloat_3e.dir/src/s_commonNaNToExtF80UI.c.obj CMakeFiles/softfloat_3e.dir/src/s_normSubnormalF64Sig.c.obj CMakeFiles/softfloat_3e.dir/src/s_f64UIToCommonNaN.c.obj CMakeFiles/softfloat_3e.dir/src/extF80_roundToInt.c.obj CMakeFiles/softfloat_3e.dir/src/extF80_eq.c.obj CMakeFiles/softfloat_3e.dir/src/extF80_lt.c.obj CMakeFiles/softfloat_3e.dir/src/f32_to_extF80.c.obj CMakeFiles/softfloat_3e.dir/src/s_normSubnormalF32Sig.c.obj CMakeFiles/softfloat_3e.dir/src/s_f32UIToCommonNaN.c.obj
"/Users/runner/work/GTASanAndreas3DS/GTASanAndreas3DS/toolchains/llvm-mingw-20260616-ucrt-macos-universal/bin/arm64ec-w64-mingw32-llvm-ranlib" libsoftfloat_3e.a
[ 42%] Built target softfloat_3e
/Applications/Xcode_16.4.app/Contents/Developer/usr/bin/make  -f External/cephes/CMakeFiles/cephes_128bit.dir/build.make External/cephes/CMakeFiles/cephes_128bit.dir/depend
cd /Users/runner/work/GTASanAndreas3DS/GTASanAndreas3DS/FEX/build-arm64ec && /opt/homebrew/bin/cmake -E cmake_depends "Unix Makefiles" /Users/runner/work/GTASanAndreas3DS/GTASanAndreas3DS/FEX /Users/runner/work/GTASanAndreas3DS/GTASanAndreas3DS/FEX/External/cephes /Users/runner/work/GTASanAndreas3DS/GTASanAndreas3DS/FEX/build-arm64ec /Users/runner/work/GTASanAndreas3DS/GTASanAndreas3DS/FEX/build-arm64ec/External/cephes /Users/runner/work/GTASanAndreas3DS/GTASanAndreas3DS/FEX/build-arm64ec/External/cephes/CMakeFiles/cephes_128bit.dir/DependInfo.cmake "--color=" cephes_128bit
/Applications/Xcode_16.4.app/Contents/Developer/usr/bin/make  -f External/cephes/CMakeFiles/cephes_128bit.dir/build.make External/cephes/CMakeFiles/cephes_128bit.dir/build
[ 42%] Building CXX object External/cephes/CMakeFiles/cephes_128bit.dir/src/128bit/Impl.cpp.obj
cd /Users/runner/work/GTASanAndreas3DS/GTASanAndreas3DS/FEX/build-arm64ec/External/cephes && /opt/homebrew/bin/ccache sloppiness=time_macros /Users/runner/work/GTASanAndreas3DS/GTASanAndreas3DS/toolchains/llvm-mingw-20260616-ucrt-macos-universal/bin/arm64ec-w64-mingw32-clang++ -DARCHITECTURE_arm64=1 -DARCHITECTURE_arm64ec=1 -DFEXCORE_HAS_PRESERVE_ALL_ATTR=0 -DFEXCORE_PRESERVE_ALL_ATTR="" -DFEX_HAS_PRESERVE_ALL_ATTR=0 -DFEX_PRESERVE_ALL_ATTR="" -DGLOBAL_DATA_DIRECTORY=\"/usr/local/share/fex-emu/\" -DHAS_PROGRAM_INVOCATION_NAME="" -DINLINE="static inline" -DINLINE_LEVEL=4 -DSOFTFLOAT_BUILTIN_CLZ=1 -DSOFTFLOAT_FAST_DIV32TO16=1 -DSOFTFLOAT_FAST_DIV64TO32=1 -DSOFTFLOAT_FAST_INT64=1 -D_LARGEFILE64_SOURCE @CMakeFiles/cephes_128bit.dir/includes_CXX.rsp -DFEX_IOS_HOST -O3 -DNDEBUG -fomit-frame-pointer -std=gnu++20 -flto=thin -Wno-trigraphs -fdiagnostics-color=always -fcolor-diagnostics -Wno-deprecated-enum-enum-conversion -Wall -fno-builtin -MD -MT External/cephes/CMakeFiles/cephes_128bit.dir/src/128bit/Impl.cpp.obj -MF CMakeFiles/cephes_128bit.dir/src/128bit/Impl.cpp.obj.d -o CMakeFiles/cephes_128bit.dir/src/128bit/Impl.cpp.obj -c /Users/runner/work/GTASanAndreas3DS/GTASanAndreas3DS/FEX/External/cephes/src/128bit/Impl.cpp
[ 43%] Building C object External/cephes/CMakeFiles/cephes_128bit.dir/src/128bit/atanll.c.obj
cd /Users/runner/work/GTASanAndreas3DS/GTASanAndreas3DS/FEX/build-arm64ec/External/cephes && /opt/homebrew/bin/ccache sloppiness=time_macros /Users/runner/work/GTASanAndreas3DS/GTASanAndreas3DS/toolchains/llvm-mingw-20260616-ucrt-macos-universal/bin/arm64ec-w64-mingw32-clang -DARCHITECTURE_arm64=1 -DARCHITECTURE_arm64ec=1 -DFEXCORE_HAS_PRESERVE_ALL_ATTR=0 -DFEXCORE_PRESERVE_ALL_ATTR="" -DFEX_HAS_PRESERVE_ALL_ATTR=0 -DFEX_PRESERVE_ALL_ATTR="" -DGLOBAL_DATA_DIRECTORY=\"/usr/local/share/fex-emu/\" -DHAS_PROGRAM_INVOCATION_NAME="" -DINLINE="static inline" -DINLINE_LEVEL=4 -DSOFTFLOAT_BUILTIN_CLZ=1 -DSOFTFLOAT_FAST_DIV32TO16=1 -DSOFTFLOAT_FAST_DIV64TO32=1 -DSOFTFLOAT_FAST_INT64=1 -D_LARGEFILE64_SOURCE @CMakeFiles/cephes_128bit.dir/includes_C.rsp -DFEX_IOS_HOST -O3 -DNDEBUG -flto=thin -Wno-trigraphs -fdiagnostics-color=always -fcolor-diagnostics -Wno-deprecated-enum-enum-conversion -Wall -fno-builtin -MD -MT External/cephes/CMakeFiles/cephes_128bit.dir/src/128bit/atanll.c.obj -MF CMakeFiles/cephes_128bit.dir/src/128bit/atanll.c.obj.d -o CMakeFiles/cephes_128bit.dir/src/128bit/atanll.c.obj -c /Users/runner/work/GTASanAndreas3DS/GTASanAndreas3DS/FEX/External/cephes/src/128bit/atanll.c
[ 43%] Building C object External/cephes/CMakeFiles/cephes_128bit.dir/src/128bit/constll.c.obj
cd /Users/runner/work/GTASanAndreas3DS/GTASanAndreas3DS/FEX/build-arm64ec/External/cephes && /opt/homebrew/bin/ccache sloppiness=time_macros /Users/runner/work/GTASanAndreas3DS/GTASanAndreas3DS/toolchains/llvm-mingw-20260616-ucrt-macos-universal/bin/arm64ec-w64-mingw32-clang -DARCHITECTURE_arm64=1 -DARCHITECTURE_arm64ec=1 -DFEXCORE_HAS_PRESERVE_ALL_ATTR=0 -DFEXCORE_PRESERVE_ALL_ATTR="" -DFEX_HAS_PRESERVE_ALL_ATTR=0 -DFEX_PRESERVE_ALL_ATTR="" -DGLOBAL_DATA_DIRECTORY=\"/usr/local/share/fex-emu/\" -DHAS_PROGRAM_INVOCATION_NAME="" -DINLINE="static inline" -DINLINE_LEVEL=4 -DSOFTFLOAT_BUILTIN_CLZ=1 -DSOFTFLOAT_FAST_DIV32TO16=1 -DSOFTFLOAT_FAST_DIV64TO32=1 -DSOFTFLOAT_FAST_INT64=1 -D_LARGEFILE64_SOURCE @CMakeFiles/cephes_128bit.dir/includes_C.rsp -DFEX_IOS_HOST -O3 -DNDEBUG -flto=thin -Wno-trigraphs -fdiagnostics-color=always -fcolor-diagnostics -Wno-deprecated-enum-enum-conversion -Wall -fno-builtin -MD -MT External/cephes/CMakeFiles/cephes_128bit.dir/src/128bit/constll.c.obj -MF CMakeFiles/cephes_128bit.dir/src/128bit/constll.c.obj.d -o CMakeFiles/cephes_128bit.dir/src/128bit/constll.c.obj -c /Users/runner/work/GTASanAndreas3DS/GTASanAndreas3DS/FEX/External/cephes/src/128bit/constll.c
[ 44%] Building C object External/cephes/CMakeFiles/cephes_128bit.dir/src/128bit/exp2ll.c.obj
cd /Users/runner/work/GTASanAndreas3DS/GTASanAndreas3DS/FEX/build-arm64ec/External/cephes && /opt/homebrew/bin/ccache sloppiness=time_macros /Users/runner/work/GTASanAndreas3DS/GTASanAndreas3DS/toolchains/llvm-mingw-20260616-ucrt-macos-universal/bin/arm64ec-w64-mingw32-clang -DARCHITECTURE_arm64=1 -DARCHITECTURE_arm64ec=1 -DFEXCORE_HAS_PRESERVE_ALL_ATTR=0 -DFEXCORE_PRESERVE_ALL_ATTR="" -DFEX_HAS_PRESERVE_ALL_ATTR=0 -DFEX_PRESERVE_ALL_ATTR="" -DGLOBAL_DATA_DIRECTORY=\"/usr/local/share/fex-emu/\" -DHAS_PROGRAM_INVOCATION_NAME="" -DINLINE="static inline" -DINLINE_LEVEL=4 -DSOFTFLOAT_BUILTIN_CLZ=1 -DSOFTFLOAT_FAST_DIV32TO16=1 -DSOFTFLOAT_FAST_DIV64TO32=1 -DSOFTFLOAT_FAST_INT64=1 -D_LARGEFILE64_SOURCE @CMakeFiles/cephes_128bit.dir/includes_C.rsp -DFEX_IOS_HOST -O3 -DNDEBUG -flto=thin -Wno-trigraphs -fdiagnostics-color=always -fcolor-diagnostics -Wno-deprecated-enum-enum-conversion -Wall -fno-builtin -MD -MT External/cephes/CMakeFiles/cephes_128bit.dir/src/128bit/exp2ll.c.obj -MF CMakeFiles/cephes_128bit.dir/src/128bit/exp2ll.c.obj.d -o CMakeFiles/cephes_128bit.dir/src/128bit/exp2ll.c.obj -c /Users/runner/work/GTASanAndreas3DS/GTASanAndreas3DS/FEX/External/cephes/src/128bit/exp2ll.c
[ 44%] Building C object External/cephes/CMakeFiles/cephes_128bit.dir/src/128bit/floorll.c.obj
cd /Users/runner/work/GTASanAndreas3DS/GTASanAndreas3DS/FEX/build-arm64ec/External/cephes && /opt/homebrew/bin/ccache sloppiness=time_macros /Users/runner/work/GTASanAndreas3DS/GTASanAndreas3DS/toolchains/llvm-mingw-20260616-ucrt-macos-universal/bin/arm64ec-w64-mingw32-clang -DARCHITECTURE_arm64=1 -DARCHITECTURE_arm64ec=1 -DFEXCORE_HAS_PRESERVE_ALL_ATTR=0 -DFEXCORE_PRESERVE_ALL_ATTR="" -DFEX_HAS_PRESERVE_ALL_ATTR=0 -DFEX_PRESERVE_ALL_ATTR="" -DGLOBAL_DATA_DIRECTORY=\"/usr/local/share/fex-emu/\" -DHAS_PROGRAM_INVOCATION_NAME="" -DINLINE="static inline" -DINLINE_LEVEL=4 -DSOFTFLOAT_BUILTIN_CLZ=1 -DSOFTFLOAT_FAST_DIV32TO16=1 -DSOFTFLOAT_FAST_DIV64TO32=1 -DSOFTFLOAT_FAST_INT64=1 -D_LARGEFILE64_SOURCE @CMakeFiles/cephes_128bit.dir/includes_C.rsp -DFEX_IOS_HOST -O3 -DNDEBUG -flto=thin -Wno-trigraphs -fdiagnostics-color=always -fcolor-diagnostics -Wno-deprecated-enum-enum-conversion -Wall -fno-builtin -MD -MT External/cephes/CMakeFiles/cephes_128bit.dir/src/128bit/floorll.c.obj -MF CMakeFiles/cephes_128bit.dir/src/128bit/floorll.c.obj.d -o CMakeFiles/cephes_128bit.dir/src/128bit/floorll.c.obj -c /Users/runner/work/GTASanAndreas3DS/GTASanAndreas3DS/FEX/External/cephes/src/128bit/floorll.c
[ 45%] Building C object External/cephes/CMakeFiles/cephes_128bit.dir/src/128bit/log2ll.c.obj
cd /Users/runner/work/GTASanAndreas3DS/GTASanAndreas3DS/FEX/build-arm64ec/External/cephes && /opt/homebrew/bin/ccache sloppiness=time_macros /Users/runner/work/GTASanAndreas3DS/GTASanAndreas3DS/toolchains/llvm-mingw-20260616-ucrt-macos-universal/bin/arm64ec-w64-mingw32-clang -DARCHITECTURE_arm64=1 -DARCHITECTURE_arm64ec=1 -DFEXCORE_HAS_PRESERVE_ALL_ATTR=0 -DFEXCORE_PRESERVE_ALL_ATTR="" -DFEX_HAS_PRESERVE_ALL_ATTR=0 -DFEX_PRESERVE_ALL_ATTR="" -DGLOBAL_DATA_DIRECTORY=\"/usr/local/share/fex-emu/\" -DHAS_PROGRAM_INVOCATION_NAME="" -DINLINE="static inline" -DINLINE_LEVEL=4 -DSOFTFLOAT_BUILTIN_CLZ=1 -DSOFTFLOAT_FAST_DIV32TO16=1 -DSOFTFLOAT_FAST_DIV64TO32=1 -DSOFTFLOAT_FAST_INT64=1 -D_LARGEFILE64_SOURCE @CMakeFiles/cephes_128bit.dir/includes_C.rsp -DFEX_IOS_HOST -O3 -DNDEBUG -flto=thin -Wno-trigraphs -fdiagnostics-color=always -fcolor-diagnostics -Wno-deprecated-enum-enum-conversion -Wall -fno-builtin -MD -MT External/cephes/CMakeFiles/cephes_128bit.dir/src/128bit/log2ll.c.obj -MF CMakeFiles/cephes_128bit.dir/src/128bit/log2ll.c.obj.d -o CMakeFiles/cephes_128bit.dir/src/128bit/log2ll.c.obj -c /Users/runner/work/GTASanAndreas3DS/GTASanAndreas3DS/FEX/External/cephes/src/128bit/log2ll.c
[ 45%] Building C object External/cephes/CMakeFiles/cephes_128bit.dir/src/128bit/mtherr.c.obj
cd /Users/runner/work/GTASanAndreas3DS/GTASanAndreas3DS/FEX/build-arm64ec/External/cephes && /opt/homebrew/bin/ccache sloppiness=time_macros /Users/runner/work/GTASanAndreas3DS/GTASanAndreas3DS/toolchains/llvm-mingw-20260616-ucrt-macos-universal/bin/arm64ec-w64-mingw32-clang -DARCHITECTURE_arm64=1 -DARCHITECTURE_arm64ec=1 -DFEXCORE_HAS_PRESERVE_ALL_ATTR=0 -DFEXCORE_PRESERVE_ALL_ATTR="" -DFEX_HAS_PRESERVE_ALL_ATTR=0 -DFEX_PRESERVE_ALL_ATTR="" -DGLOBAL_DATA_DIRECTORY=\"/usr/local/share/fex-emu/\" -DHAS_PROGRAM_INVOCATION_NAME="" -DINLINE="static inline" -DINLINE_LEVEL=4 -DSOFTFLOAT_BUILTIN_CLZ=1 -DSOFTFLOAT_FAST_DIV32TO16=1 -DSOFTFLOAT_FAST_DIV64TO32=1 -DSOFTFLOAT_FAST_INT64=1 -D_LARGEFILE64_SOURCE @CMakeFiles/cephes_128bit.dir/includes_C.rsp -DFEX_IOS_HOST -O3 -DNDEBUG -flto=thin -Wno-trigraphs -fdiagnostics-color=always -fcolor-diagnostics -Wno-deprecated-enum-enum-conversion -Wall -fno-builtin -MD -MT External/cephes/CMakeFiles/cephes_128bit.dir/src/128bit/mtherr.c.obj -MF CMakeFiles/cephes_128bit.dir/src/128bit/mtherr.c.obj.d -o CMakeFiles/cephes_128bit.dir/src/128bit/mtherr.c.obj -c /Users/runner/work/GTASanAndreas3DS/GTASanAndreas3DS/FEX/External/cephes/src/128bit/mtherr.c
[ 46%] Building C object External/cephes/CMakeFiles/cephes_128bit.dir/src/128bit/polevll.c.obj
cd /Users/runner/work/GTASanAndreas3DS/GTASanAndreas3DS/FEX/build-arm64ec/External/cephes && /opt/homebrew/bin/ccache sloppiness=time_macros /Users/runner/work/GTASanAndreas3DS/GTASanAndreas3DS/toolchains/llvm-mingw-20260616-ucrt-macos-universal/bin/arm64ec-w64-mingw32-clang -DARCHITECTURE_arm64=1 -DARCHITECTURE_arm64ec=1 -DFEXCORE_HAS_PRESERVE_ALL_ATTR=0 -DFEXCORE_PRESERVE_ALL_ATTR="" -DFEX_HAS_PRESERVE_ALL_ATTR=0 -DFEX_PRESERVE_ALL_ATTR="" -DGLOBAL_DATA_DIRECTORY=\"/usr/local/share/fex-emu/\" -DHAS_PROGRAM_INVOCATION_NAME="" -DINLINE="static inline" -DINLINE_LEVEL=4 -DSOFTFLOAT_BUILTIN_CLZ=1 -DSOFTFLOAT_FAST_DIV32TO16=1 -DSOFTFLOAT_FAST_DIV64TO32=1 -DSOFTFLOAT_FAST_INT64=1 -D_LARGEFILE64_SOURCE @CMakeFiles/cephes_128bit.dir/includes_C.rsp -DFEX_IOS_HOST -O3 -DNDEBUG -flto=thin -Wno-trigraphs -fdiagnostics-color=always -fcolor-diagnostics -Wno-deprecated-enum-enum-conversion -Wall -fno-builtin -MD -MT External/cephes/CMakeFiles/cephes_128bit.dir/src/128bit/polevll.c.obj -MF CMakeFiles/cephes_128bit.dir/src/128bit/polevll.c.obj.d -o CMakeFiles/cephes_128bit.dir/src/128bit/polevll.c.obj -c /Users/runner/work/GTASanAndreas3DS/GTASanAndreas3DS/FEX/External/cephes/src/128bit/polevll.c
[ 46%] Building C object External/cephes/CMakeFiles/cephes_128bit.dir/src/128bit/sinll.c.obj
cd /Users/runner/work/GTASanAndreas3DS/GTASanAndreas3DS/FEX/build-arm64ec/External/cephes && /opt/homebrew/bin/ccache sloppiness=time_macros /Users/runner/work/GTASanAndreas3DS/GTASanAndreas3DS/toolchains/llvm-mingw-20260616-ucrt-macos-universal/bin/arm64ec-w64-mingw32-clang -DARCHITECTURE_arm64=1 -DARCHITECTURE_arm64ec=1 -DFEXCORE_HAS_PRESERVE_ALL_ATTR=0 -DFEXCORE_PRESERVE_ALL_ATTR="" -DFEX_HAS_PRESERVE_ALL_ATTR=0 -DFEX_PRESERVE_ALL_ATTR="" -DGLOBAL_DATA_DIRECTORY=\"/usr/local/share/fex-emu/\" -DHAS_PROGRAM_INVOCATION_NAME="" -DINLINE="static inline" -DINLINE_LEVEL=4 -DSOFTFLOAT_BUILTIN_CLZ=1 -DSOFTFLOAT_FAST_DIV32TO16=1 -DSOFTFLOAT_FAST_DIV64TO32=1 -DSOFTFLOAT_FAST_INT64=1 -D_LARGEFILE64_SOURCE @CMakeFiles/cephes_128bit.dir/includes_C.rsp -DFEX_IOS_HOST -O3 -DNDEBUG -flto=thin -Wno-trigraphs -fdiagnostics-color=always -fcolor-diagnostics -Wno-deprecated-enum-enum-conversion -Wall -fno-builtin -MD -MT External/cephes/CMakeFiles/cephes_128bit.dir/src/128bit/sinll.c.obj -MF CMakeFiles/cephes_128bit.dir/src/128bit/sinll.c.obj.d -o CMakeFiles/cephes_128bit.dir/src/128bit/sinll.c.obj -c /Users/runner/work/GTASanAndreas3DS/GTASanAndreas3DS/FEX/External/cephes/src/128bit/sinll.c
[ 47%] Building C object External/cephes/CMakeFiles/cephes_128bit.dir/src/128bit/tanll.c.obj
cd /Users/runner/work/GTASanAndreas3DS/GTASanAndreas3DS/FEX/build-arm64ec/External/cephes && /opt/homebrew/bin/ccache sloppiness=time_macros /Users/runner/work/GTASanAndreas3DS/GTASanAndreas3DS/toolchains/llvm-mingw-20260616-ucrt-macos-universal/bin/arm64ec-w64-mingw32-clang -DARCHITECTURE_arm64=1 -DARCHITECTURE_arm64ec=1 -DFEXCORE_HAS_PRESERVE_ALL_ATTR=0 -DFEXCORE_PRESERVE_ALL_ATTR="" -DFEX_HAS_PRESERVE_ALL_ATTR=0 -DFEX_PRESERVE_ALL_ATTR="" -DGLOBAL_DATA_DIRECTORY=\"/usr/local/share/fex-emu/\" -DHAS_PROGRAM_INVOCATION_NAME="" -DINLINE="static inline" -DINLINE_LEVEL=4 -DSOFTFLOAT_BUILTIN_CLZ=1 -DSOFTFLOAT_FAST_DIV32TO16=1 -DSOFTFLOAT_FAST_DIV64TO32=1 -DSOFTFLOAT_FAST_INT64=1 -D_LARGEFILE64_SOURCE @CMakeFiles/cephes_128bit.dir/includes_C.rsp -DFEX_IOS_HOST -O3 -DNDEBUG -flto=thin -Wno-trigraphs -fdiagnostics-color=always -fcolor-diagnostics -Wno-deprecated-enum-enum-conversion -Wall -fno-builtin -MD -MT External/cephes/CMakeFiles/cephes_128bit.dir/src/128bit/tanll.c.obj -MF CMakeFiles/cephes_128bit.dir/src/128bit/tanll.c.obj.d -o CMakeFiles/cephes_128bit.dir/src/128bit/tanll.c.obj -c /Users/runner/work/GTASanAndreas3DS/GTASanAndreas3DS/FEX/External/cephes/src/128bit/tanll.c
[ 47%] Linking CXX static library libcephes_128bit.a
cd /Users/runner/work/GTASanAndreas3DS/GTASanAndreas3DS/FEX/build-arm64ec/External/cephes && /opt/homebrew/bin/cmake -P CMakeFiles/cephes_128bit.dir/cmake_clean_target.cmake
cd /Users/runner/work/GTASanAndreas3DS/GTASanAndreas3DS/FEX/build-arm64ec/External/cephes && /opt/homebrew/bin/cmake -E cmake_link_script CMakeFiles/cephes_128bit.dir/link.txt --verbose=1
"/Users/runner/work/GTASanAndreas3DS/GTASanAndreas3DS/toolchains/llvm-mingw-20260616-ucrt-macos-universal/bin/arm64ec-w64-mingw32-llvm-ar" qc libcephes_128bit.a CMakeFiles/cephes_128bit.dir/src/128bit/Impl.cpp.obj CMakeFiles/cephes_128bit.dir/src/128bit/atanll.c.obj CMakeFiles/cephes_128bit.dir/src/128bit/constll.c.obj CMakeFiles/cephes_128bit.dir/src/128bit/exp2ll.c.obj CMakeFiles/cephes_128bit.dir/src/128bit/floorll.c.obj CMakeFiles/cephes_128bit.dir/src/128bit/log2ll.c.obj CMakeFiles/cephes_128bit.dir/src/128bit/mtherr.c.obj CMakeFiles/cephes_128bit.dir/src/128bit/polevll.c.obj CMakeFiles/cephes_128bit.dir/src/128bit/sinll.c.obj CMakeFiles/cephes_128bit.dir/src/128bit/tanll.c.obj
"/Users/runner/work/GTASanAndreas3DS/GTASanAndreas3DS/toolchains/llvm-mingw-20260616-ucrt-macos-universal/bin/arm64ec-w64-mingw32-llvm-ranlib" libcephes_128bit.a
[ 47%] Built target cephes_128bit
/Applications/Xcode_16.4.app/Contents/Developer/usr/bin/make  -f FEXCore/Source/CMakeFiles/IR_INC.dir/build.make FEXCore/Source/CMakeFiles/IR_INC.dir/depend
cd /Users/runner/work/GTASanAndreas3DS/GTASanAndreas3DS/FEX/build-arm64ec && /opt/homebrew/bin/cmake -E cmake_depends "Unix Makefiles" /Users/runner/work/GTASanAndreas3DS/GTASanAndreas3DS/FEX /Users/runner/work/GTASanAndreas3DS/GTASanAndreas3DS/FEX/FEXCore/Source /Users/runner/work/GTASanAndreas3DS/GTASanAndreas3DS/FEX/build-arm64ec /Users/runner/work/GTASanAndreas3DS/GTASanAndreas3DS/FEX/build-arm64ec/FEXCore/Source /Users/runner/work/GTASanAndreas3DS/GTASanAndreas3DS/FEX/build-arm64ec/FEXCore/Source/CMakeFiles/IR_INC.dir/DependInfo.cmake "--color=" IR_INC
/Applications/Xcode_16.4.app/Contents/Developer/usr/bin/make  -f FEXCore/Source/CMakeFiles/IR_INC.dir/build.make FEXCore/Source/CMakeFiles/IR_INC.dir/build
[ 47%] Generating ../../include/FEXCore/IR/IRDefines.inc, ../../include/FEXCore/IR/IRDefines_Dispatch.inc
cd /Users/runner/work/GTASanAndreas3DS/GTASanAndreas3DS/FEX/build-arm64ec/FEXCore/Source && python3 /Users/runner/work/GTASanAndreas3DS/GTASanAndreas3DS/FEX/FEXCore/Source/../Scripts/json_ir_generator.py /Users/runner/work/GTASanAndreas3DS/GTASanAndreas3DS/FEX/FEXCore/Source/Interface/IR/IR.json /Users/runner/work/GTASanAndreas3DS/GTASanAndreas3DS/FEX/build-arm64ec/include/FEXCore/IR/IRDefines.inc /Users/runner/work/GTASanAndreas3DS/GTASanAndreas3DS/FEX/build-arm64ec/include/FEXCore/IR/IRDefines_Dispatch.inc
[ 48%] Generating ../../IR.md
cd /Users/runner/work/GTASanAndreas3DS/GTASanAndreas3DS/FEX/build-arm64ec/FEXCore/Source && python3 /Users/runner/work/GTASanAndreas3DS/GTASanAndreas3DS/FEX/FEXCore/Source/../Scripts/json_ir_doc_generator.py /Users/runner/work/GTASanAndreas3DS/GTASanAndreas3DS/FEX/FEXCore/Source/Interface/IR/IR.json /Users/runner/work/GTASanAndreas3DS/GTASanAndreas3DS/FEX/build-arm64ec/IR.md
[ 48%] Built target IR_INC
/Applications/Xcode_16.4.app/Contents/Developer/usr/bin/make  -f FEXCore/Source/CMakeFiles/FEXCore_Base.dir/build.make FEXCore/Source/CMakeFiles/FEXCore_Base.dir/depend
cd /Users/runner/work/GTASanAndreas3DS/GTASanAndreas3DS/FEX/build-arm64ec && /opt/homebrew/bin/cmake -E cmake_depends "Unix Makefiles" /Users/runner/work/GTASanAndreas3DS/GTASanAndreas3DS/FEX /Users/runner/work/GTASanAndreas3DS/GTASanAndreas3DS/FEX/FEXCore/Source /Users/runner/work/GTASanAndreas3DS/GTASanAndreas3DS/FEX/build-arm64ec /Users/runner/work/GTASanAndreas3DS/GTASanAndreas3DS/FEX/build-arm64ec/FEXCore/Source /Users/runner/work/GTASanAndreas3DS/GTASanAndreas3DS/FEX/build-arm64ec/FEXCore/Source/CMakeFiles/FEXCore_Base.dir/DependInfo.cmake "--color=" FEXCore_Base
/Applications/Xcode_16.4.app/Contents/Developer/usr/bin/make  -f FEXCore/Source/CMakeFiles/FEXCore_Base.dir/build.make FEXCore/Source/CMakeFiles/FEXCore_Base.dir/build
[ 48%] Building CXX object FEXCore/Source/CMakeFiles/FEXCore_Base.dir/Interface/Config/Config.cpp.obj
cd /Users/runner/work/GTASanAndreas3DS/GTASanAndreas3DS/FEX/build-arm64ec/FEXCore/Source && /opt/homebrew/bin/ccache sloppiness=time_macros /Users/runner/work/GTASanAndreas3DS/GTASanAndreas3DS/toolchains/llvm-mingw-20260616-ucrt-macos-universal/bin/arm64ec-w64-mingw32-clang++ -DARCHITECTURE_arm64=1 -DARCHITECTURE_arm64ec=1 -DFEXCORE_HAS_PRESERVE_ALL_ATTR=0 -DFEXCORE_PRESERVE_ALL_ATTR="" -DFEX_HAS_PRESERVE_ALL_ATTR=0 -DFEX_PRESERVE_ALL_ATTR="" -DGLOBAL_DATA_DIRECTORY=\"/usr/local/share/fex-emu/\" -DHAS_PROGRAM_INVOCATION_NAME="" -DINLINE="static inline" -DINLINE_LEVEL=4 -DJIT_ARM64 -DSOFTFLOAT_BUILTIN_CLZ=1 -DSOFTFLOAT_FAST_DIV32TO16=1 -DSOFTFLOAT_FAST_DIV64TO32=1 -DSOFTFLOAT_FAST_INT64=1 -D_LARGEFILE64_SOURCE @CMakeFiles/FEXCore_Base.dir/includes_CXX.rsp -DFEX_IOS_HOST -O3 -DNDEBUG -fomit-frame-pointer -std=gnu++20 -flto=thin -fvisibility=hidden -fvisibility-inlines-hidden -Wno-trigraphs -fdiagnostics-color=always -fcolor-diagnostics -Wno-deprecated-enum-enum-conversion -Wall -fno-strict-aliasing -fno-exceptions -Werror=cast-qual -Werror=ignored-qualifiers -Werror=implicit-fallthrough -ffunction-sections -fwrapv -MD -MT FEXCore/Source/CMakeFiles/FEXCore_Base.dir/Interface/Config/Config.cpp.obj -MF CMakeFiles/FEXCore_Base.dir/Interface/Config/Config.cpp.obj.d -o CMakeFiles/FEXCore_Base.dir/Interface/Config/Config.cpp.obj -c /Users/runner/work/GTASanAndreas3DS/GTASanAndreas3DS/FEX/FEXCore/Source/Interface/Config/Config.cpp
[ 49%] Building CXX object FEXCore/Source/CMakeFiles/FEXCore_Base.dir/Utils/Allocator.cpp.obj
cd /Users/runner/work/GTASanAndreas3DS/GTASanAndreas3DS/FEX/build-arm64ec/FEXCore/Source && /opt/homebrew/bin/ccache sloppiness=time_macros /Users/runner/work/GTASanAndreas3DS/GTASanAndreas3DS/toolchains/llvm-mingw-20260616-ucrt-macos-universal/bin/arm64ec-w64-mingw32-clang++ -DARCHITECTURE_arm64=1 -DARCHITECTURE_arm64ec=1 -DFEXCORE_HAS_PRESERVE_ALL_ATTR=0 -DFEXCORE_PRESERVE_ALL_ATTR="" -DFEX_HAS_PRESERVE_ALL_ATTR=0 -DFEX_PRESERVE_ALL_ATTR="" -DGLOBAL_DATA_DIRECTORY=\"/usr/local/share/fex-emu/\" -DHAS_PROGRAM_INVOCATION_NAME="" -DINLINE="static inline" -DINLINE_LEVEL=4 -DJIT_ARM64 -DSOFTFLOAT_BUILTIN_CLZ=1 -DSOFTFLOAT_FAST_DIV32TO16=1 -DSOFTFLOAT_FAST_DIV64TO32=1 -DSOFTFLOAT_FAST_INT64=1 -D_LARGEFILE64_SOURCE @CMakeFiles/FEXCore_Base.dir/includes_CXX.rsp -DFEX_IOS_HOST -O3 -DNDEBUG -fomit-frame-pointer -std=gnu++20 -flto=thin -fvisibility=hidden -fvisibility-inlines-hidden -Wno-trigraphs -fdiagnostics-color=always -fcolor-diagnostics -Wno-deprecated-enum-enum-conversion -Wall -fno-strict-aliasing -fno-exceptions -Werror=cast-qual -Werror=ignored-qualifiers -Werror=implicit-fallthrough -ffunction-sections -fwrapv -MD -MT FEXCore/Source/CMakeFiles/FEXCore_Base.dir/Utils/Allocator.cpp.obj -MF CMakeFiles/FEXCore_Base.dir/Utils/Allocator.cpp.obj.d -o CMakeFiles/FEXCore_Base.dir/Utils/Allocator.cpp.obj -c /Users/runner/work/GTASanAndreas3DS/GTASanAndreas3DS/FEX/FEXCore/Source/Utils/Allocator.cpp
[ 49%] Building CXX object FEXCore/Source/CMakeFiles/FEXCore_Base.dir/Utils/FileLoading.cpp.obj
cd /Users/runner/work/GTASanAndreas3DS/GTASanAndreas3DS/FEX/build-arm64ec/FEXCore/Source && /opt/homebrew/bin/ccache sloppiness=time_macros /Users/runner/work/GTASanAndreas3DS/GTASanAndreas3DS/toolchains/llvm-mingw-20260616-ucrt-macos-universal/bin/arm64ec-w64-mingw32-clang++ -DARCHITECTURE_arm64=1 -DARCHITECTURE_arm64ec=1 -DFEXCORE_HAS_PRESERVE_ALL_ATTR=0 -DFEXCORE_PRESERVE_ALL_ATTR="" -DFEX_HAS_PRESERVE_ALL_ATTR=0 -DFEX_PRESERVE_ALL_ATTR="" -DGLOBAL_DATA_DIRECTORY=\"/usr/local/share/fex-emu/\" -DHAS_PROGRAM_INVOCATION_NAME="" -DINLINE="static inline" -DINLINE_LEVEL=4 -DJIT_ARM64 -DSOFTFLOAT_BUILTIN_CLZ=1 -DSOFTFLOAT_FAST_DIV32TO16=1 -DSOFTFLOAT_FAST_DIV64TO32=1 -DSOFTFLOAT_FAST_INT64=1 -D_LARGEFILE64_SOURCE @CMakeFiles/FEXCore_Base.dir/includes_CXX.rsp -DFEX_IOS_HOST -O3 -DNDEBUG -fomit-frame-pointer -std=gnu++20 -flto=thin -fvisibility=hidden -fvisibility-inlines-hidden -Wno-trigraphs -fdiagnostics-color=always -fcolor-diagnostics -Wno-deprecated-enum-enum-conversion -Wall -fno-strict-aliasing -fno-exceptions -Werror=cast-qual -Werror=ignored-qualifiers -Werror=implicit-fallthrough -ffunction-sections -fwrapv -MD -MT FEXCore/Source/CMakeFiles/FEXCore_Base.dir/Utils/FileLoading.cpp.obj -MF CMakeFiles/FEXCore_Base.dir/Utils/FileLoading.cpp.obj.d -o CMakeFiles/FEXCore_Base.dir/Utils/FileLoading.cpp.obj -c /Users/runner/work/GTASanAndreas3DS/GTASanAndreas3DS/FEX/FEXCore/Source/Utils/FileLoading.cpp
[ 50%] Building CXX object FEXCore/Source/CMakeFiles/FEXCore_Base.dir/Utils/ForcedAssert.cpp.obj
cd /Users/runner/work/GTASanAndreas3DS/GTASanAndreas3DS/FEX/build-arm64ec/FEXCore/Source && /opt/homebrew/bin/ccache sloppiness=time_macros /Users/runner/work/GTASanAndreas3DS/GTASanAndreas3DS/toolchains/llvm-mingw-20260616-ucrt-macos-universal/bin/arm64ec-w64-mingw32-clang++ -DARCHITECTURE_arm64=1 -DARCHITECTURE_arm64ec=1 -DFEXCORE_HAS_PRESERVE_ALL_ATTR=0 -DFEXCORE_PRESERVE_ALL_ATTR="" -DFEX_HAS_PRESERVE_ALL_ATTR=0 -DFEX_PRESERVE_ALL_ATTR="" -DGLOBAL_DATA_DIRECTORY=\"/usr/local/share/fex-emu/\" -DHAS_PROGRAM_INVOCATION_NAME="" -DINLINE="static inline" -DINLINE_LEVEL=4 -DJIT_ARM64 -DSOFTFLOAT_BUILTIN_CLZ=1 -DSOFTFLOAT_FAST_DIV32TO16=1 -DSOFTFLOAT_FAST_DIV64TO32=1 -DSOFTFLOAT_FAST_INT64=1 -D_LARGEFILE64_SOURCE @CMakeFiles/FEXCore_Base.dir/includes_CXX.rsp -DFEX_IOS_HOST -O3 -DNDEBUG -fomit-frame-pointer -std=gnu++20 -flto=thin -fvisibility=hidden -fvisibility-inlines-hidden -Wno-trigraphs -fdiagnostics-color=always -fcolor-diagnostics -Wno-deprecated-enum-enum-conversion -Wall -fno-strict-aliasing -fno-exceptions -Werror=cast-qual -Werror=ignored-qualifiers -Werror=implicit-fallthrough -ffunction-sections -fwrapv -MD -MT FEXCore/Source/CMakeFiles/FEXCore_Base.dir/Utils/ForcedAssert.cpp.obj -MF CMakeFiles/FEXCore_Base.dir/Utils/ForcedAssert.cpp.obj.d -o CMakeFiles/FEXCore_Base.dir/Utils/ForcedAssert.cpp.obj -c /Users/runner/work/GTASanAndreas3DS/GTASanAndreas3DS/FEX/FEXCore/Source/Utils/ForcedAssert.cpp
[ 50%] Building CXX object FEXCore/Source/CMakeFiles/FEXCore_Base.dir/Utils/LogManager.cpp.obj
cd /Users/runner/work/GTASanAndreas3DS/GTASanAndreas3DS/FEX/build-arm64ec/FEXCore/Source && /opt/homebrew/bin/ccache sloppiness=time_macros /Users/runner/work/GTASanAndreas3DS/GTASanAndreas3DS/toolchains/llvm-mingw-20260616-ucrt-macos-universal/bin/arm64ec-w64-mingw32-clang++ -DARCHITECTURE_arm64=1 -DARCHITECTURE_arm64ec=1 -DFEXCORE_HAS_PRESERVE_ALL_ATTR=0 -DFEXCORE_PRESERVE_ALL_ATTR="" -DFEX_HAS_PRESERVE_ALL_ATTR=0 -DFEX_PRESERVE_ALL_ATTR="" -DGLOBAL_DATA_DIRECTORY=\"/usr/local/share/fex-emu/\" -DHAS_PROGRAM_INVOCATION_NAME="" -DINLINE="static inline" -DINLINE_LEVEL=4 -DJIT_ARM64 -DSOFTFLOAT_BUILTIN_CLZ=1 -DSOFTFLOAT_FAST_DIV32TO16=1 -DSOFTFLOAT_FAST_DIV64TO32=1 -DSOFTFLOAT_FAST_INT64=1 -D_LARGEFILE64_SOURCE @CMakeFiles/FEXCore_Base.dir/includes_CXX.rsp -DFEX_IOS_HOST -O3 -DNDEBUG -fomit-frame-pointer -std=gnu++20 -flto=thin -fvisibility=hidden -fvisibility-inlines-hidden -Wno-trigraphs -fdiagnostics-color=always -fcolor-diagnostics -Wno-deprecated-enum-enum-conversion -Wall -fno-strict-aliasing -fno-exceptions -Werror=cast-qual -Werror=ignored-qualifiers -Werror=implicit-fallthrough -ffunction-sections -fwrapv -MD -MT FEXCore/Source/CMakeFiles/FEXCore_Base.dir/Utils/LogManager.cpp.obj -MF CMakeFiles/FEXCore_Base.dir/Utils/LogManager.cpp.obj.d -o CMakeFiles/FEXCore_Base.dir/Utils/LogManager.cpp.obj -c /Users/runner/work/GTASanAndreas3DS/GTASanAndreas3DS/FEX/FEXCore/Source/Utils/LogManager.cpp
[ 50%] Building CXX object FEXCore/Source/CMakeFiles/FEXCore_Base.dir/Utils/SpinWaitLock.cpp.obj
cd /Users/runner/work/GTASanAndreas3DS/GTASanAndreas3DS/FEX/build-arm64ec/FEXCore/Source && /opt/homebrew/bin/ccache sloppiness=time_macros /Users/runner/work/GTASanAndreas3DS/GTASanAndreas3DS/toolchains/llvm-mingw-20260616-ucrt-macos-universal/bin/arm64ec-w64-mingw32-clang++ -DARCHITECTURE_arm64=1 -DARCHITECTURE_arm64ec=1 -DFEXCORE_HAS_PRESERVE_ALL_ATTR=0 -DFEXCORE_PRESERVE_ALL_ATTR="" -DFEX_HAS_PRESERVE_ALL_ATTR=0 -DFEX_PRESERVE_ALL_ATTR="" -DGLOBAL_DATA_DIRECTORY=\"/usr/local/share/fex-emu/\" -DHAS_PROGRAM_INVOCATION_NAME="" -DINLINE="static inline" -DINLINE_LEVEL=4 -DJIT_ARM64 -DSOFTFLOAT_BUILTIN_CLZ=1 -DSOFTFLOAT_FAST_DIV32TO16=1 -DSOFTFLOAT_FAST_DIV64TO32=1 -DSOFTFLOAT_FAST_INT64=1 -D_LARGEFILE64_SOURCE @CMakeFiles/FEXCore_Base.dir/includes_CXX.rsp -DFEX_IOS_HOST -O3 -DNDEBUG -fomit-frame-pointer -std=gnu++20 -flto=thin -fvisibility=hidden -fvisibility-inlines-hidden -Wno-trigraphs -fdiagnostics-color=always -fcolor-diagnostics -Wno-deprecated-enum-enum-conversion -Wall -fno-strict-aliasing -fno-exceptions -Werror=cast-qual -Werror=ignored-qualifiers -Werror=implicit-fallthrough -ffunction-sections -fwrapv -MD -MT FEXCore/Source/CMakeFiles/FEXCore_Base.dir/Utils/SpinWaitLock.cpp.obj -MF CMakeFiles/FEXCore_Base.dir/Utils/SpinWaitLock.cpp.obj.d -o CMakeFiles/FEXCore_Base.dir/Utils/SpinWaitLock.cpp.obj -c /Users/runner/work/GTASanAndreas3DS/GTASanAndreas3DS/FEX/FEXCore/Source/Utils/SpinWaitLock.cpp
[ 51%] Building CXX object FEXCore/Source/CMakeFiles/FEXCore_Base.dir/Utils/WildcardMatcher.cpp.obj
cd /Users/runner/work/GTASanAndreas3DS/GTASanAndreas3DS/FEX/build-arm64ec/FEXCore/Source && /opt/homebrew/bin/ccache sloppiness=time_macros /Users/runner/work/GTASanAndreas3DS/GTASanAndreas3DS/toolchains/llvm-mingw-20260616-ucrt-macos-universal/bin/arm64ec-w64-mingw32-clang++ -DARCHITECTURE_arm64=1 -DARCHITECTURE_arm64ec=1 -DFEXCORE_HAS_PRESERVE_ALL_ATTR=0 -DFEXCORE_PRESERVE_ALL_ATTR="" -DFEX_HAS_PRESERVE_ALL_ATTR=0 -DFEX_PRESERVE_ALL_ATTR="" -DGLOBAL_DATA_DIRECTORY=\"/usr/local/share/fex-emu/\" -DHAS_PROGRAM_INVOCATION_NAME="" -DINLINE="static inline" -DINLINE_LEVEL=4 -DJIT_ARM64 -DSOFTFLOAT_BUILTIN_CLZ=1 -DSOFTFLOAT_FAST_DIV32TO16=1 -DSOFTFLOAT_FAST_DIV64TO32=1 -DSOFTFLOAT_FAST_INT64=1 -D_LARGEFILE64_SOURCE @CMakeFiles/FEXCore_Base.dir/includes_CXX.rsp -DFEX_IOS_HOST -O3 -DNDEBUG -fomit-frame-pointer -std=gnu++20 -flto=thin -fvisibility=hidden -fvisibility-inlines-hidden -Wno-trigraphs -fdiagnostics-color=always -fcolor-diagnostics -Wno-deprecated-enum-enum-conversion -Wall -fno-strict-aliasing -fno-exceptions -Werror=cast-qual -Werror=ignored-qualifiers -Werror=implicit-fallthrough -ffunction-sections -fwrapv -MD -MT FEXCore/Source/CMakeFiles/FEXCore_Base.dir/Utils/WildcardMatcher.cpp.obj -MF CMakeFiles/FEXCore_Base.dir/Utils/WildcardMatcher.cpp.obj.d -o CMakeFiles/FEXCore_Base.dir/Utils/WildcardMatcher.cpp.obj -c /Users/runner/work/GTASanAndreas3DS/GTASanAndreas3DS/FEX/FEXCore/Source/Utils/WildcardMatcher.cpp
[ 51%] Linking CXX static library libFEXCore_Base.a
cd /Users/runner/work/GTASanAndreas3DS/GTASanAndreas3DS/FEX/build-arm64ec/FEXCore/Source && /opt/homebrew/bin/cmake -P CMakeFiles/FEXCore_Base.dir/cmake_clean_target.cmake
cd /Users/runner/work/GTASanAndreas3DS/GTASanAndreas3DS/FEX/build-arm64ec/FEXCore/Source && /opt/homebrew/bin/cmake -E cmake_link_script CMakeFiles/FEXCore_Base.dir/link.txt --verbose=1
"/Users/runner/work/GTASanAndreas3DS/GTASanAndreas3DS/toolchains/llvm-mingw-20260616-ucrt-macos-universal/bin/arm64ec-w64-mingw32-llvm-ar" qc libFEXCore_Base.a CMakeFiles/FEXCore_Base.dir/Interface/Config/Config.cpp.obj CMakeFiles/FEXCore_Base.dir/Utils/Allocator.cpp.obj CMakeFiles/FEXCore_Base.dir/Utils/FileLoading.cpp.obj CMakeFiles/FEXCore_Base.dir/Utils/ForcedAssert.cpp.obj CMakeFiles/FEXCore_Base.dir/Utils/LogManager.cpp.obj CMakeFiles/FEXCore_Base.dir/Utils/SpinWaitLock.cpp.obj CMakeFiles/FEXCore_Base.dir/Utils/WildcardMatcher.cpp.obj
"/Users/runner/work/GTASanAndreas3DS/GTASanAndreas3DS/toolchains/llvm-mingw-20260616-ucrt-macos-universal/bin/arm64ec-w64-mingw32-llvm-ranlib" libFEXCore_Base.a
[ 51%] Built target FEXCore_Base
/Applications/Xcode_16.4.app/Contents/Developer/usr/bin/make  -f Source/Windows/Common/CMakeFiles/CommonWindows.dir/build.make Source/Windows/Common/CMakeFiles/CommonWindows.dir/depend
cd /Users/runner/work/GTASanAndreas3DS/GTASanAndreas3DS/FEX/build-arm64ec && /opt/homebrew/bin/cmake -E cmake_depends "Unix Makefiles" /Users/runner/work/GTASanAndreas3DS/GTASanAndreas3DS/FEX /Users/runner/work/GTASanAndreas3DS/GTASanAndreas3DS/FEX/Source/Windows/Common /Users/runner/work/GTASanAndreas3DS/GTASanAndreas3DS/FEX/build-arm64ec /Users/runner/work/GTASanAndreas3DS/GTASanAndreas3DS/FEX/build-arm64ec/Source/Windows/Common /Users/runner/work/GTASanAndreas3DS/GTASanAndreas3DS/FEX/build-arm64ec/Source/Windows/Common/CMakeFiles/CommonWindows.dir/DependInfo.cmake "--color=" CommonWindows
/Applications/Xcode_16.4.app/Contents/Developer/usr/bin/make  -f Source/Windows/Common/CMakeFiles/CommonWindows.dir/build.make Source/Windows/Common/CMakeFiles/CommonWindows.dir/build
[ 52%] Building CXX object Source/Windows/Common/CMakeFiles/CommonWindows.dir/Allocator.cpp.obj
cd /Users/runner/work/GTASanAndreas3DS/GTASanAndreas3DS/FEX/build-arm64ec/Source/Windows/Common && /opt/homebrew/bin/ccache sloppiness=time_macros /Users/runner/work/GTASanAndreas3DS/GTASanAndreas3DS/toolchains/llvm-mingw-20260616-ucrt-macos-universal/bin/arm64ec-w64-mingw32-clang++ -DARCHITECTURE_arm64=1 -DARCHITECTURE_arm64ec=1 -DFEXCORE_HAS_PRESERVE_ALL_ATTR=0 -DFEXCORE_PRESERVE_ALL_ATTR="" -DFEX_HAS_PRESERVE_ALL_ATTR=0 -DFEX_PRESERVE_ALL_ATTR="" -DGLOBAL_DATA_DIRECTORY=\"/usr/local/share/fex-emu/\" -DHAS_PROGRAM_INVOCATION_NAME="" -DINLINE="static inline" -DINLINE_LEVEL=4 -DSOFTFLOAT_BUILTIN_CLZ=1 -DSOFTFLOAT_FAST_DIV32TO16=1 -DSOFTFLOAT_FAST_DIV64TO32=1 -DSOFTFLOAT_FAST_INT64=1 -D_LARGEFILE64_SOURCE @CMakeFiles/CommonWindows.dir/includes_CXX.rsp -DFEX_IOS_HOST -O3 -DNDEBUG -fomit-frame-pointer -std=gnu++20 -flto=thin -Wno-trigraphs -fdiagnostics-color=always -fcolor-diagnostics -Wno-deprecated-enum-enum-conversion -Wall -fno-strict-aliasing -MD -MT Source/Windows/Common/CMakeFiles/CommonWindows.dir/Allocator.cpp.obj -MF CMakeFiles/CommonWindows.dir/Allocator.cpp.obj.d -o CMakeFiles/CommonWindows.dir/Allocator.cpp.obj -c /Users/runner/work/GTASanAndreas3DS/GTASanAndreas3DS/FEX/Source/Windows/Common/Allocator.cpp
[ 52%] Building CXX object Source/Windows/Common/CMakeFiles/CommonWindows.dir/CPUFeatures.cpp.obj
cd /Users/runner/work/GTASanAndreas3DS/GTASanAndreas3DS/FEX/build-arm64ec/Source/Windows/Common && /opt/homebrew/bin/ccache sloppiness=time_macros /Users/runner/work/GTASanAndreas3DS/GTASanAndreas3DS/toolchains/llvm-mingw-20260616-ucrt-macos-universal/bin/arm64ec-w64-mingw32-clang++ -DARCHITECTURE_arm64=1 -DARCHITECTURE_arm64ec=1 -DFEXCORE_HAS_PRESERVE_ALL_ATTR=0 -DFEXCORE_PRESERVE_ALL_ATTR="" -DFEX_HAS_PRESERVE_ALL_ATTR=0 -DFEX_PRESERVE_ALL_ATTR="" -DGLOBAL_DATA_DIRECTORY=\"/usr/local/share/fex-emu/\" -DHAS_PROGRAM_INVOCATION_NAME="" -DINLINE="static inline" -DINLINE_LEVEL=4 -DSOFTFLOAT_BUILTIN_CLZ=1 -DSOFTFLOAT_FAST_DIV32TO16=1 -DSOFTFLOAT_FAST_DIV64TO32=1 -DSOFTFLOAT_FAST_INT64=1 -D_LARGEFILE64_SOURCE @CMakeFiles/CommonWindows.dir/includes_CXX.rsp -DFEX_IOS_HOST -O3 -DNDEBUG -fomit-frame-pointer -std=gnu++20 -flto=thin -Wno-trigraphs -fdiagnostics-color=always -fcolor-diagnostics -Wno-deprecated-enum-enum-conversion -Wall -fno-strict-aliasing -MD -MT Source/Windows/Common/CMakeFiles/CommonWindows.dir/CPUFeatures.cpp.obj -MF CMakeFiles/CommonWindows.dir/CPUFeatures.cpp.obj.d -o CMakeFiles/CommonWindows.dir/CPUFeatures.cpp.obj -c /Users/runner/work/GTASanAndreas3DS/GTASanAndreas3DS/FEX/Source/Windows/Common/CPUFeatures.cpp
[1m/Users/runner/work/GTASanAndreas3DS/GTASanAndreas3DS/FEX/Source/Windows/Common/CPUFeatures.cpp:18:6: [0m[0;1;35mwarning: [0m[1munused function 'OpenProcessorKey' [-Wunused-function][0m
   18 | HKEY OpenProcessorKey(uint32_t Idx) {[0m
      | [0;1;32m     ^~~~~~~~~~~~~~~~
[0m1 warning generated.
[ 53%] Building CXX object Source/Windows/Common/CMakeFiles/CommonWindows.dir/EnvironmentVariablesHandling.cpp.obj
cd /Users/runner/work/GTASanAndreas3DS/GTASanAndreas3DS/FEX/build-arm64ec/Source/Windows/Common && /opt/homebrew/bin/ccache sloppiness=time_macros /Users/runner/work/GTASanAndreas3DS/GTASanAndreas3DS/toolchains/llvm-mingw-20260616-ucrt-macos-universal/bin/arm64ec-w64-mingw32-clang++ -DARCHITECTURE_arm64=1 -DARCHITECTURE_arm64ec=1 -DFEXCORE_HAS_PRESERVE_ALL_ATTR=0 -DFEXCORE_PRESERVE_ALL_ATTR="" -DFEX_HAS_PRESERVE_ALL_ATTR=0 -DFEX_PRESERVE_ALL_ATTR="" -DGLOBAL_DATA_DIRECTORY=\"/usr/local/share/fex-emu/\" -DHAS_PROGRAM_INVOCATION_NAME="" -DINLINE="static inline" -DINLINE_LEVEL=4 -DSOFTFLOAT_BUILTIN_CLZ=1 -DSOFTFLOAT_FAST_DIV32TO16=1 -DSOFTFLOAT_FAST_DIV64TO32=1 -DSOFTFLOAT_FAST_INT64=1 -D_LARGEFILE64_SOURCE @CMakeFiles/CommonWindows.dir/includes_CXX.rsp -DFEX_IOS_HOST -O3 -DNDEBUG -fomit-frame-pointer -std=gnu++20 -flto=thin -Wno-trigraphs -fdiagnostics-color=always -fcolor-diagnostics -Wno-deprecated-enum-enum-conversion -Wall -fno-strict-aliasing -MD -MT Source/Windows/Common/CMakeFiles/CommonWindows.dir/EnvironmentVariablesHandling.cpp.obj -MF CMakeFiles/CommonWindows.dir/EnvironmentVariablesHandling.cpp.obj.d -o CMakeFiles/CommonWindows.dir/EnvironmentVariablesHandling.cpp.obj -c /Users/runner/work/GTASanAndreas3DS/GTASanAndreas3DS/FEX/Source/Windows/Common/EnvironmentVariablesHandling.cpp
[ 53%] Building CXX object Source/Windows/Common/CMakeFiles/CommonWindows.dir/FEXUnixLib.cpp.obj
cd /Users/runner/work/GTASanAndreas3DS/GTASanAndreas3DS/FEX/build-arm64ec/Source/Windows/Common && /opt/homebrew/bin/ccache sloppiness=time_macros /Users/runner/work/GTASanAndreas3DS/GTASanAndreas3DS/toolchains/llvm-mingw-20260616-ucrt-macos-universal/bin/arm64ec-w64-mingw32-clang++ -DARCHITECTURE_arm64=1 -DARCHITECTURE_arm64ec=1 -DFEXCORE_HAS_PRESERVE_ALL_ATTR=0 -DFEXCORE_PRESERVE_ALL_ATTR="" -DFEX_HAS_PRESERVE_ALL_ATTR=0 -DFEX_PRESERVE_ALL_ATTR="" -DGLOBAL_DATA_DIRECTORY=\"/usr/local/share/fex-emu/\" -DHAS_PROGRAM_INVOCATION_NAME="" -DINLINE="static inline" -DINLINE_LEVEL=4 -DSOFTFLOAT_BUILTIN_CLZ=1 -DSOFTFLOAT_FAST_DIV32TO16=1 -DSOFTFLOAT_FAST_DIV64TO32=1 -DSOFTFLOAT_FAST_INT64=1 -D_LARGEFILE64_SOURCE @CMakeFiles/CommonWindows.dir/includes_CXX.rsp -DFEX_IOS_HOST -O3 -DNDEBUG -fomit-frame-pointer -std=gnu++20 -flto=thin -Wno-trigraphs -fdiagnostics-color=always -fcolor-diagnostics -Wno-deprecated-enum-enum-conversion -Wall -fno-strict-aliasing -MD -MT Source/Windows/Common/CMakeFiles/CommonWindows.dir/FEXUnixLib.cpp.obj -MF CMakeFiles/CommonWindows.dir/FEXUnixLib.cpp.obj.d -o CMakeFiles/CommonWindows.dir/FEXUnixLib.cpp.obj -c /Users/runner/work/GTASanAndreas3DS/GTASanAndreas3DS/FEX/Source/Windows/Common/FEXUnixLib.cpp
[ 54%] Building CXX object Source/Windows/Common/CMakeFiles/CommonWindows.dir/SHMStats.cpp.obj
cd /Users/runner/work/GTASanAndreas3DS/GTASanAndreas3DS/FEX/build-arm64ec/Source/Windows/Common && /opt/homebrew/bin/ccache sloppiness=time_macros /Users/runner/work/GTASanAndreas3DS/GTASanAndreas3DS/toolchains/llvm-mingw-20260616-ucrt-macos-universal/bin/arm64ec-w64-mingw32-clang++ -DARCHITECTURE_arm64=1 -DARCHITECTURE_arm64ec=1 -DFEXCORE_HAS_PRESERVE_ALL_ATTR=0 -DFEXCORE_PRESERVE_ALL_ATTR="" -DFEX_HAS_PRESERVE_ALL_ATTR=0 -DFEX_PRESERVE_ALL_ATTR="" -DGLOBAL_DATA_DIRECTORY=\"/usr/local/share/fex-emu/\" -DHAS_PROGRAM_INVOCATION_NAME="" -DINLINE="static inline" -DINLINE_LEVEL=4 -DSOFTFLOAT_BUILTIN_CLZ=1 -DSOFTFLOAT_FAST_DIV32TO16=1 -DSOFTFLOAT_FAST_DIV64TO32=1 -DSOFTFLOAT_FAST_INT64=1 -D_LARGEFILE64_SOURCE @CMakeFiles/CommonWindows.dir/includes_CXX.rsp -DFEX_IOS_HOST -O3 -DNDEBUG -fomit-frame-pointer -std=gnu++20 -flto=thin -Wno-trigraphs -fdiagnostics-color=always -fcolor-diagnostics -Wno-deprecated-enum-enum-conversion -Wall -fno-strict-aliasing -MD -MT Source/Windows/Common/CMakeFiles/CommonWindows.dir/SHMStats.cpp.obj -MF CMakeFiles/CommonWindows.dir/SHMStats.cpp.obj.d -o CMakeFiles/CommonWindows.dir/SHMStats.cpp.obj -c /Users/runner/work/GTASanAndreas3DS/GTASanAndreas3DS/FEX/Source/Windows/Common/SHMStats.cpp
[ 54%] Building CXX object Source/Windows/Common/CMakeFiles/CommonWindows.dir/InvalidationTracker.cpp.obj
cd /Users/runner/work/GTASanAndreas3DS/GTASanAndreas3DS/FEX/build-arm64ec/Source/Windows/Common && /opt/homebrew/bin/ccache sloppiness=time_macros /Users/runner/work/GTASanAndreas3DS/GTASanAndreas3DS/toolchains/llvm-mingw-20260616-ucrt-macos-universal/bin/arm64ec-w64-mingw32-clang++ -DARCHITECTURE_arm64=1 -DARCHITECTURE_arm64ec=1 -DFEXCORE_HAS_PRESERVE_ALL_ATTR=0 -DFEXCORE_PRESERVE_ALL_ATTR="" -DFEX_HAS_PRESERVE_ALL_ATTR=0 -DFEX_PRESERVE_ALL_ATTR="" -DGLOBAL_DATA_DIRECTORY=\"/usr/local/share/fex-emu/\" -DHAS_PROGRAM_INVOCATION_NAME="" -DINLINE="static inline" -DINLINE_LEVEL=4 -DSOFTFLOAT_BUILTIN_CLZ=1 -DSOFTFLOAT_FAST_DIV32TO16=1 -DSOFTFLOAT_FAST_DIV64TO32=1 -DSOFTFLOAT_FAST_INT64=1 -D_LARGEFILE64_SOURCE @CMakeFiles/CommonWindows.dir/includes_CXX.rsp -DFEX_IOS_HOST -O3 -DNDEBUG -fomit-frame-pointer -std=gnu++20 -flto=thin -Wno-trigraphs -fdiagnostics-color=always -fcolor-diagnostics -Wno-deprecated-enum-enum-conversion -Wall -fno-strict-aliasing -MD -MT Source/Windows/Common/CMakeFiles/CommonWindows.dir/InvalidationTracker.cpp.obj -MF CMakeFiles/CommonWindows.dir/InvalidationTracker.cpp.obj.d -o CMakeFiles/CommonWindows.dir/InvalidationTracker.cpp.obj -c /Users/runner/work/GTASanAndreas3DS/GTASanAndreas3DS/FEX/Source/Windows/Common/InvalidationTracker.cpp
[ 55%] Building CXX object Source/Windows/Common/CMakeFiles/CommonWindows.dir/ImageTracker.cpp.obj
cd /Users/runner/work/GTASanAndreas3DS/GTASanAndreas3DS/FEX/build-arm64ec/Source/Windows/Common && /opt/homebrew/bin/ccache sloppiness=time_macros /Users/runner/work/GTASanAndreas3DS/GTASanAndreas3DS/toolchains/llvm-mingw-20260616-ucrt-macos-universal/bin/arm64ec-w64-mingw32-clang++ -DARCHITECTURE_arm64=1 -DARCHITECTURE_arm64ec=1 -DFEXCORE_HAS_PRESERVE_ALL_ATTR=0 -DFEXCORE_PRESERVE_ALL_ATTR="" -DFEX_HAS_PRESERVE_ALL_ATTR=0 -DFEX_PRESERVE_ALL_ATTR="" -DGLOBAL_DATA_DIRECTORY=\"/usr/local/share/fex-emu/\" -DHAS_PROGRAM_INVOCATION_NAME="" -DINLINE="static inline" -DINLINE_LEVEL=4 -DSOFTFLOAT_BUILTIN_CLZ=1 -DSOFTFLOAT_FAST_DIV32TO16=1 -DSOFTFLOAT_FAST_DIV64TO32=1 -DSOFTFLOAT_FAST_INT64=1 -D_LARGEFILE64_SOURCE @CMakeFiles/CommonWindows.dir/includes_CXX.rsp -DFEX_IOS_HOST -O3 -DNDEBUG -fomit-frame-pointer -std=gnu++20 -flto=thin -Wno-trigraphs -fdiagnostics-color=always -fcolor-diagnostics -Wno-deprecated-enum-enum-conversion -Wall -fno-strict-aliasing -MD -MT Source/Windows/Common/CMakeFiles/CommonWindows.dir/ImageTracker.cpp.obj -MF CMakeFiles/CommonWindows.dir/ImageTracker.cpp.obj.d -o CMakeFiles/CommonWindows.dir/ImageTracker.cpp.obj -c /Users/runner/work/GTASanAndreas3DS/GTASanAndreas3DS/FEX/Source/Windows/Common/ImageTracker.cpp
[1m/Users/runner/work/GTASanAndreas3DS/GTASanAndreas3DS/FEX/Source/Windows/Common/ImageTracker.cpp:261:77: [0m[0;1;35mwarning: [0m[1marray index 1 is past the end of the array (that has type 'WCHAR[1]' (aka 'wchar_t[1]')) [-Warray-bounds][0m
  261 |                   (Info->FileNameLength == [0;32m4[0m && Info->FileName[[0;32m0[0m] == [0;32m'.'[0m && Info->FileName[[0;32m1[0m] == [0;32m'.'[0m);[0m
      | [0;1;32m                                                                            ^              ~
[0m[1m/Users/runner/work/GTASanAndreas3DS/GTASanAndreas3DS/toolchains/llvm-mingw-20260616-ucrt-macos-universal/arm64ec-w64-mingw32/include/winternl.h:389:5: [0m[0;1;36mnote: [0marray 'FileName' declared here[0m
  389 |     WCHAR FileName[ANYSIZE_ARRAY];[0m
      | [0;1;32m    ^
[0m1 warning generated.
[ 55%] Building CXX object Source/Windows/Common/CMakeFiles/CommonWindows.dir/Logging.cpp.obj
cd /Users/runner/work/GTASanAndreas3DS/GTASanAndreas3DS/FEX/build-arm64ec/Source/Windows/Common && /opt/homebrew/bin/ccache sloppiness=time_macros /Users/runner/work/GTASanAndreas3DS/GTASanAndreas3DS/toolchains/llvm-mingw-20260616-ucrt-macos-universal/bin/arm64ec-w64-mingw32-clang++ -DARCHITECTURE_arm64=1 -DARCHITECTURE_arm64ec=1 -DFEXCORE_HAS_PRESERVE_ALL_ATTR=0 -DFEXCORE_PRESERVE_ALL_ATTR="" -DFEX_HAS_PRESERVE_ALL_ATTR=0 -DFEX_PRESERVE_ALL_ATTR="" -DGLOBAL_DATA_DIRECTORY=\"/usr/local/share/fex-emu/\" -DHAS_PROGRAM_INVOCATION_NAME="" -DINLINE="static inline" -DINLINE_LEVEL=4 -DSOFTFLOAT_BUILTIN_CLZ=1 -DSOFTFLOAT_FAST_DIV32TO16=1 -DSOFTFLOAT_FAST_DIV64TO32=1 -DSOFTFLOAT_FAST_INT64=1 -D_LARGEFILE64_SOURCE @CMakeFiles/CommonWindows.dir/includes_CXX.rsp -DFEX_IOS_HOST -O3 -DNDEBUG -fomit-frame-pointer -std=gnu++20 -flto=thin -Wno-trigraphs -fdiagnostics-color=always -fcolor-diagnostics -Wno-deprecated-enum-enum-conversion -Wall -fno-strict-aliasing -MD -MT Source/Windows/Common/CMakeFiles/CommonWindows.dir/Logging.cpp.obj -MF CMakeFiles/CommonWindows.dir/Logging.cpp.obj.d -o CMakeFiles/CommonWindows.dir/Logging.cpp.obj -c /Users/runner/work/GTASanAndreas3DS/GTASanAndreas3DS/FEX/Source/Windows/Common/Logging.cpp
[ 56%] Linking CXX static library libCommonWindows.a
cd /Users/runner/work/GTASanAndreas3DS/GTASanAndreas3DS/FEX/build-arm64ec/Source/Windows/Common && /opt/homebrew/bin/cmake -P CMakeFiles/CommonWindows.dir/cmake_clean_target.cmake
cd /Users/runner/work/GTASanAndreas3DS/GTASanAndreas3DS/FEX/build-arm64ec/Source/Windows/Common && /opt/homebrew/bin/cmake -E cmake_link_script CMakeFiles/CommonWindows.dir/link.txt --verbose=1
"/Users/runner/work/GTASanAndreas3DS/GTASanAndreas3DS/toolchains/llvm-mingw-20260616-ucrt-macos-universal/bin/arm64ec-w64-mingw32-llvm-ar" qc libCommonWindows.a CMakeFiles/CommonWindows.dir/Allocator.cpp.obj CMakeFiles/CommonWindows.dir/CPUFeatures.cpp.obj CMakeFiles/CommonWindows.dir/EnvironmentVariablesHandling.cpp.obj CMakeFiles/CommonWindows.dir/FEXUnixLib.cpp.obj CMakeFiles/CommonWindows.dir/SHMStats.cpp.obj CMakeFiles/CommonWindows.dir/InvalidationTracker.cpp.obj CMakeFiles/CommonWindows.dir/ImageTracker.cpp.obj CMakeFiles/CommonWindows.dir/Logging.cpp.obj
"/Users/runner/work/GTASanAndreas3DS/GTASanAndreas3DS/toolchains/llvm-mingw-20260616-ucrt-macos-universal/bin/arm64ec-w64-mingw32-llvm-ranlib" libCommonWindows.a
[ 56%] Built target CommonWindows
/Applications/Xcode_16.4.app/Contents/Developer/usr/bin/make  -f External/rpmalloc/CMakeFiles/rpmalloc.dir/build.make External/rpmalloc/CMakeFiles/rpmalloc.dir/depend
cd /Users/runner/work/GTASanAndreas3DS/GTASanAndreas3DS/FEX/build-arm64ec && /opt/homebrew/bin/cmake -E cmake_depends "Unix Makefiles" /Users/runner/work/GTASanAndreas3DS/GTASanAndreas3DS/FEX /Users/runner/work/GTASanAndreas3DS/GTASanAndreas3DS/FEX/External/rpmalloc /Users/runner/work/GTASanAndreas3DS/GTASanAndreas3DS/FEX/build-arm64ec /Users/runner/work/GTASanAndreas3DS/GTASanAndreas3DS/FEX/build-arm64ec/External/rpmalloc /Users/runner/work/GTASanAndreas3DS/GTASanAndreas3DS/FEX/build-arm64ec/External/rpmalloc/CMakeFiles/rpmalloc.dir/DependInfo.cmake "--color=" rpmalloc
/Applications/Xcode_16.4.app/Contents/Developer/usr/bin/make  -f External/rpmalloc/CMakeFiles/rpmalloc.dir/build.make External/rpmalloc/CMakeFiles/rpmalloc.dir/build
[ 57%] Building C object External/rpmalloc/CMakeFiles/rpmalloc.dir/rpmalloc/rpmalloc.c.obj
cd /Users/runner/work/GTASanAndreas3DS/GTASanAndreas3DS/FEX/build-arm64ec/External/rpmalloc && /opt/homebrew/bin/ccache sloppiness=time_macros /Users/runner/work/GTASanAndreas3DS/GTASanAndreas3DS/toolchains/llvm-mingw-20260616-ucrt-macos-universal/bin/arm64ec-w64-mingw32-clang -DARCHITECTURE_arm64=1 -DARCHITECTURE_arm64ec=1 -DDYNAMIC_TLS_NO_FLS=1 -DENABLE_ASSERTS=0 -DENABLE_DECOMMIT=1 -DENABLE_DYNAMIC_LINK=0 -DENABLE_OVERRIDE=0 -DENABLE_STATISTICS=0 -DFEX_HAS_PRESERVE_ALL_ATTR=0 -DFEX_PRESERVE_ALL_ATTR="" -DHAS_PROGRAM_INVOCATION_NAME="" -D_LARGEFILE64_SOURCE @CMakeFiles/rpmalloc.dir/includes_C.rsp -DFEX_IOS_HOST -O3 -DNDEBUG -flto=thin -fvisibility=hidden -MD -MT External/rpmalloc/CMakeFiles/rpmalloc.dir/rpmalloc/rpmalloc.c.obj -MF CMakeFiles/rpmalloc.dir/rpmalloc/rpmalloc.c.obj.d -o CMakeFiles/rpmalloc.dir/rpmalloc/rpmalloc.c.obj -c /Users/runner/work/GTASanAndreas3DS/GTASanAndreas3DS/FEX/External/rpmalloc/rpmalloc/rpmalloc.c
[ 57%] Linking C static library librpmalloc.a
cd /Users/runner/work/GTASanAndreas3DS/GTASanAndreas3DS/FEX/build-arm64ec/External/rpmalloc && /opt/homebrew/bin/cmake -P CMakeFiles/rpmalloc.dir/cmake_clean_target.cmake
cd /Users/runner/work/GTASanAndreas3DS/GTASanAndreas3DS/FEX/build-arm64ec/External/rpmalloc && /opt/homebrew/bin/cmake -E cmake_link_script CMakeFiles/rpmalloc.dir/link.txt --verbose=1
"/Users/runner/work/GTASanAndreas3DS/GTASanAndreas3DS/toolchains/llvm-mingw-20260616-ucrt-macos-universal/bin/arm64ec-w64-mingw32-llvm-ar" qc librpmalloc.a CMakeFiles/rpmalloc.dir/rpmalloc/rpmalloc.c.obj
"/Users/runner/work/GTASanAndreas3DS/GTASanAndreas3DS/toolchains/llvm-mingw-20260616-ucrt-macos-universal/bin/arm64ec-w64-mingw32-llvm-ranlib" librpmalloc.a
[ 57%] Built target rpmalloc
/Applications/Xcode_16.4.app/Contents/Developer/usr/bin/make  -f External/tiny-json/CMakeFiles/tiny-json.dir/build.make External/tiny-json/CMakeFiles/tiny-json.dir/depend
cd /Users/runner/work/GTASanAndreas3DS/GTASanAndreas3DS/FEX/build-arm64ec && /opt/homebrew/bin/cmake -E cmake_depends "Unix Makefiles" /Users/runner/work/GTASanAndreas3DS/GTASanAndreas3DS/FEX /Users/runner/work/GTASanAndreas3DS/GTASanAndreas3DS/FEX/External/tiny-json /Users/runner/work/GTASanAndreas3DS/GTASanAndreas3DS/FEX/build-arm64ec /Users/runner/work/GTASanAndreas3DS/GTASanAndreas3DS/FEX/build-arm64ec/External/tiny-json /Users/runner/work/GTASanAndreas3DS/GTASanAndreas3DS/FEX/build-arm64ec/External/tiny-json/CMakeFiles/tiny-json.dir/DependInfo.cmake "--color=" tiny-json
/Applications/Xcode_16.4.app/Contents/Developer/usr/bin/make  -f External/tiny-json/CMakeFiles/tiny-json.dir/build.make External/tiny-json/CMakeFiles/tiny-json.dir/build
[ 58%] Building C object External/tiny-json/CMakeFiles/tiny-json.dir/tiny-json.c.obj
cd /Users/runner/work/GTASanAndreas3DS/GTASanAndreas3DS/FEX/build-arm64ec/External/tiny-json && /opt/homebrew/bin/ccache sloppiness=time_macros /Users/runner/work/GTASanAndreas3DS/GTASanAndreas3DS/toolchains/llvm-mingw-20260616-ucrt-macos-universal/bin/arm64ec-w64-mingw32-clang -DARCHITECTURE_arm64=1 -DARCHITECTURE_arm64ec=1 -DFEX_HAS_PRESERVE_ALL_ATTR=0 -DFEX_PRESERVE_ALL_ATTR="" -DGLOBAL_DATA_DIRECTORY=\"/usr/local/share/fex-emu/\" -DHAS_PROGRAM_INVOCATION_NAME="" -D_LARGEFILE64_SOURCE @CMakeFiles/tiny-json.dir/includes_C.rsp -DFEX_IOS_HOST -O3 -DNDEBUG -flto=thin -Wno-trigraphs -MD -MT External/tiny-json/CMakeFiles/tiny-json.dir/tiny-json.c.obj -MF CMakeFiles/tiny-json.dir/tiny-json.c.obj.d -o CMakeFiles/tiny-json.dir/tiny-json.c.obj -c /Users/runner/work/GTASanAndreas3DS/GTASanAndreas3DS/FEX/External/tiny-json/tiny-json.c
[ 58%] Linking C static library libtiny-json.a
cd /Users/runner/work/GTASanAndreas3DS/GTASanAndreas3DS/FEX/build-arm64ec/External/tiny-json && /opt/homebrew/bin/cmake -P CMakeFiles/tiny-json.dir/cmake_clean_target.cmake
cd /Users/runner/work/GTASanAndreas3DS/GTASanAndreas3DS/FEX/build-arm64ec/External/tiny-json && /opt/homebrew/bin/cmake -E cmake_link_script CMakeFiles/tiny-json.dir/link.txt --verbose=1
"/Users/runner/work/GTASanAndreas3DS/GTASanAndreas3DS/toolchains/llvm-mingw-20260616-ucrt-macos-universal/bin/arm64ec-w64-mingw32-llvm-ar" qc libtiny-json.a "CMakeFiles/tiny-json.dir/tiny-json.c.obj"
"/Users/runner/work/GTASanAndreas3DS/GTASanAndreas3DS/toolchains/llvm-mingw-20260616-ucrt-macos-universal/bin/arm64ec-w64-mingw32-llvm-ranlib" libtiny-json.a
[ 58%] Built target tiny-json
/Applications/Xcode_16.4.app/Contents/Developer/usr/bin/make  -f FEXCore/Source/CMakeFiles/FEXCore_object.dir/build.make FEXCore/Source/CMakeFiles/FEXCore_object.dir/depend
cd /Users/runner/work/GTASanAndreas3DS/GTASanAndreas3DS/FEX/build-arm64ec && /opt/homebrew/bin/cmake -E cmake_depends "Unix Makefiles" /Users/runner/work/GTASanAndreas3DS/GTASanAndreas3DS/FEX /Users/runner/work/GTASanAndreas3DS/GTASanAndreas3DS/FEX/FEXCore/Source /Users/runner/work/GTASanAndreas3DS/GTASanAndreas3DS/FEX/build-arm64ec /Users/runner/work/GTASanAndreas3DS/GTASanAndreas3DS/FEX/build-arm64ec/FEXCore/Source /Users/runner/work/GTASanAndreas3DS/GTASanAndreas3DS/FEX/build-arm64ec/FEXCore/Source/CMakeFiles/FEXCore_object.dir/DependInfo.cmake "--color=" FEXCore_object
/Applications/Xcode_16.4.app/Contents/Developer/usr/bin/make  -f FEXCore/Source/CMakeFiles/FEXCore_object.dir/build.make FEXCore/Source/CMakeFiles/FEXCore_object.dir/build
[ 59%] Building CXX object FEXCore/Source/CMakeFiles/FEXCore_object.dir/Common/JitSymbols.cpp.obj
cd /Users/runner/work/GTASanAndreas3DS/GTASanAndreas3DS/FEX/build-arm64ec/FEXCore/Source && /opt/homebrew/bin/ccache sloppiness=time_macros /Users/runner/work/GTASanAndreas3DS/GTASanAndreas3DS/toolchains/llvm-mingw-20260616-ucrt-macos-universal/bin/arm64ec-w64-mingw32-clang++ -DARCHITECTURE_arm64=1 -DARCHITECTURE_arm64ec=1 -DFEXCORE_HAS_PRESERVE_ALL_ATTR=0 -DFEXCORE_PRESERVE_ALL_ATTR="" -DFEX_HAS_PRESERVE_ALL_ATTR=0 -DFEX_PRESERVE_ALL_ATTR="" -DGLOBAL_DATA_DIRECTORY=\"/usr/local/share/fex-emu/\" -DHAS_PROGRAM_INVOCATION_NAME="" -DINLINE="static inline" -DINLINE_LEVEL=4 -DJIT_ARM64 -DSOFTFLOAT_BUILTIN_CLZ=1 -DSOFTFLOAT_FAST_DIV32TO16=1 -DSOFTFLOAT_FAST_DIV64TO32=1 -DSOFTFLOAT_FAST_INT64=1 -D_LARGEFILE64_SOURCE @CMakeFiles/FEXCore_object.dir/includes_CXX.rsp -DFEX_IOS_HOST -O3 -DNDEBUG -fomit-frame-pointer -std=gnu++20 -flto=thin -fvisibility=hidden -fvisibility-inlines-hidden -Wno-trigraphs -fdiagnostics-color=always -fcolor-diagnostics -Wno-deprecated-enum-enum-conversion -Wall -fno-strict-aliasing -fno-exceptions -mcpu=generic -Werror=cast-qual -Werror=ignored-qualifiers -Werror=implicit-fallthrough -ffunction-sections -fwrapv -MD -MT FEXCore/Source/CMakeFiles/FEXCore_object.dir/Common/JitSymbols.cpp.obj -MF CMakeFiles/FEXCore_object.dir/Common/JitSymbols.cpp.obj.d -o CMakeFiles/FEXCore_object.dir/Common/JitSymbols.cpp.obj -c /Users/runner/work/GTASanAndreas3DS/GTASanAndreas3DS/FEX/FEXCore/Source/Common/JitSymbols.cpp
[ 59%] Building CXX object FEXCore/Source/CMakeFiles/FEXCore_object.dir/Interface/Context/Context.cpp.obj
cd /Users/runner/work/GTASanAndreas3DS/GTASanAndreas3DS/FEX/build-arm64ec/FEXCore/Source && /opt/homebrew/bin/ccache sloppiness=time_macros /Users/runner/work/GTASanAndreas3DS/GTASanAndreas3DS/toolchains/llvm-mingw-20260616-ucrt-macos-universal/bin/arm64ec-w64-mingw32-clang++ -DARCHITECTURE_arm64=1 -DARCHITECTURE_arm64ec=1 -DFEXCORE_HAS_PRESERVE_ALL_ATTR=0 -DFEXCORE_PRESERVE_ALL_ATTR="" -DFEX_HAS_PRESERVE_ALL_ATTR=0 -DFEX_PRESERVE_ALL_ATTR="" -DGLOBAL_DATA_DIRECTORY=\"/usr/local/share/fex-emu/\" -DHAS_PROGRAM_INVOCATION_NAME="" -DINLINE="static inline" -DINLINE_LEVEL=4 -DJIT_ARM64 -DSOFTFLOAT_BUILTIN_CLZ=1 -DSOFTFLOAT_FAST_DIV32TO16=1 -DSOFTFLOAT_FAST_DIV64TO32=1 -DSOFTFLOAT_FAST_INT64=1 -D_LARGEFILE64_SOURCE @CMakeFiles/FEXCore_object.dir/includes_CXX.rsp -DFEX_IOS_HOST -O3 -DNDEBUG -fomit-frame-pointer -std=gnu++20 -flto=thin -fvisibility=hidden -fvisibility-inlines-hidden -Wno-trigraphs -fdiagnostics-color=always -fcolor-diagnostics -Wno-deprecated-enum-enum-conversion -Wall -fno-strict-aliasing -fno-exceptions -mcpu=generic -Werror=cast-qual -Werror=ignored-qualifiers -Werror=implicit-fallthrough -ffunction-sections -fwrapv -MD -MT FEXCore/Source/CMakeFiles/FEXCore_object.dir/Interface/Context/Context.cpp.obj -MF CMakeFiles/FEXCore_object.dir/Interface/Context/Context.cpp.obj.d -o CMakeFiles/FEXCore_object.dir/Interface/Context/Context.cpp.obj -c /Users/runner/work/GTASanAndreas3DS/GTASanAndreas3DS/FEX/FEXCore/Source/Interface/Context/Context.cpp
[ 60%] Building CXX object FEXCore/Source/CMakeFiles/FEXCore_object.dir/Interface/Core/LookupCache.cpp.obj
cd /Users/runner/work/GTASanAndreas3DS/GTASanAndreas3DS/FEX/build-arm64ec/FEXCore/Source && /opt/homebrew/bin/ccache sloppiness=time_macros /Users/runner/work/GTASanAndreas3DS/GTASanAndreas3DS/toolchains/llvm-mingw-20260616-ucrt-macos-universal/bin/arm64ec-w64-mingw32-clang++ -DARCHITECTURE_arm64=1 -DARCHITECTURE_arm64ec=1 -DFEXCORE_HAS_PRESERVE_ALL_ATTR=0 -DFEXCORE_PRESERVE_ALL_ATTR="" -DFEX_HAS_PRESERVE_ALL_ATTR=0 -DFEX_PRESERVE_ALL_ATTR="" -DGLOBAL_DATA_DIRECTORY=\"/usr/local/share/fex-emu/\" -DHAS_PROGRAM_INVOCATION_NAME="" -DINLINE="static inline" -DINLINE_LEVEL=4 -DJIT_ARM64 -DSOFTFLOAT_BUILTIN_CLZ=1 -DSOFTFLOAT_FAST_DIV32TO16=1 -DSOFTFLOAT_FAST_DIV64TO32=1 -DSOFTFLOAT_FAST_INT64=1 -D_LARGEFILE64_SOURCE @CMakeFiles/FEXCore_object.dir/includes_CXX.rsp -DFEX_IOS_HOST -O3 -DNDEBUG -fomit-frame-pointer -std=gnu++20 -flto=thin -fvisibility=hidden -fvisibility-inlines-hidden -Wno-trigraphs -fdiagnostics-color=always -fcolor-diagnostics -Wno-deprecated-enum-enum-conversion -Wall -fno-strict-aliasing -fno-exceptions -mcpu=generic -Werror=cast-qual -Werror=ignored-qualifiers -Werror=implicit-fallthrough -ffunction-sections -fwrapv -MD -MT FEXCore/Source/CMakeFiles/FEXCore_object.dir/Interface/Core/LookupCache.cpp.obj -MF CMakeFiles/FEXCore_object.dir/Interface/Core/LookupCache.cpp.obj.d -o CMakeFiles/FEXCore_object.dir/Interface/Core/LookupCache.cpp.obj -c /Users/runner/work/GTASanAndreas3DS/GTASanAndreas3DS/FEX/FEXCore/Source/Interface/Core/LookupCache.cpp
[ 60%] Building CXX object FEXCore/Source/CMakeFiles/FEXCore_object.dir/Interface/Core/CodeCache.cpp.obj
cd /Users/runner/work/GTASanAndreas3DS/GTASanAndreas3DS/FEX/build-arm64ec/FEXCore/Source && /opt/homebrew/bin/ccache sloppiness=time_macros /Users/runner/work/GTASanAndreas3DS/GTASanAndreas3DS/toolchains/llvm-mingw-20260616-ucrt-macos-universal/bin/arm64ec-w64-mingw32-clang++ -DARCHITECTURE_arm64=1 -DARCHITECTURE_arm64ec=1 -DFEXCORE_HAS_PRESERVE_ALL_ATTR=0 -DFEXCORE_PRESERVE_ALL_ATTR="" -DFEX_HAS_PRESERVE_ALL_ATTR=0 -DFEX_PRESERVE_ALL_ATTR="" -DGLOBAL_DATA_DIRECTORY=\"/usr/local/share/fex-emu/\" -DHAS_PROGRAM_INVOCATION_NAME="" -DINLINE="static inline" -DINLINE_LEVEL=4 -DJIT_ARM64 -DSOFTFLOAT_BUILTIN_CLZ=1 -DSOFTFLOAT_FAST_DIV32TO16=1 -DSOFTFLOAT_FAST_DIV64TO32=1 -DSOFTFLOAT_FAST_INT64=1 -D_LARGEFILE64_SOURCE @CMakeFiles/FEXCore_object.dir/includes_CXX.rsp -DFEX_IOS_HOST -O3 -DNDEBUG -fomit-frame-pointer -std=gnu++20 -flto=thin -fvisibility=hidden -fvisibility-inlines-hidden -Wno-trigraphs -fdiagnostics-color=always -fcolor-diagnostics -Wno-deprecated-enum-enum-conversion -Wall -fno-strict-aliasing -fno-exceptions -mcpu=generic -Werror=cast-qual -Werror=ignored-qualifiers -Werror=implicit-fallthrough -ffunction-sections -fwrapv -MD -MT FEXCore/Source/CMakeFiles/FEXCore_object.dir/Interface/Core/CodeCache.cpp.obj -MF CMakeFiles/FEXCore_object.dir/Interface/Core/CodeCache.cpp.obj.d -o CMakeFiles/FEXCore_object.dir/Interface/Core/CodeCache.cpp.obj -c /Users/runner/work/GTASanAndreas3DS/GTASanAndreas3DS/FEX/FEXCore/Source/Interface/Core/CodeCache.cpp
[ 61%] Building CXX object FEXCore/Source/CMakeFiles/FEXCore_object.dir/Interface/Core/Core.cpp.obj
cd /Users/runner/work/GTASanAndreas3DS/GTASanAndreas3DS/FEX/build-arm64ec/FEXCore/Source && /opt/homebrew/bin/ccache sloppiness=time_macros /Users/runner/work/GTASanAndreas3DS/GTASanAndreas3DS/toolchains/llvm-mingw-20260616-ucrt-macos-universal/bin/arm64ec-w64-mingw32-clang++ -DARCHITECTURE_arm64=1 -DARCHITECTURE_arm64ec=1 -DFEXCORE_HAS_PRESERVE_ALL_ATTR=0 -DFEXCORE_PRESERVE_ALL_ATTR="" -DFEX_HAS_PRESERVE_ALL_ATTR=0 -DFEX_PRESERVE_ALL_ATTR="" -DGLOBAL_DATA_DIRECTORY=\"/usr/local/share/fex-emu/\" -DHAS_PROGRAM_INVOCATION_NAME="" -DINLINE="static inline" -DINLINE_LEVEL=4 -DJIT_ARM64 -DSOFTFLOAT_BUILTIN_CLZ=1 -DSOFTFLOAT_FAST_DIV32TO16=1 -DSOFTFLOAT_FAST_DIV64TO32=1 -DSOFTFLOAT_FAST_INT64=1 -D_LARGEFILE64_SOURCE @CMakeFiles/FEXCore_object.dir/includes_CXX.rsp -DFEX_IOS_HOST -O3 -DNDEBUG -fomit-frame-pointer -std=gnu++20 -flto=thin -fvisibility=hidden -fvisibility-inlines-hidden -Wno-trigraphs -fdiagnostics-color=always -fcolor-diagnostics -Wno-deprecated-enum-enum-conversion -Wall -fno-strict-aliasing -fno-exceptions -mcpu=generic -Werror=cast-qual -Werror=ignored-qualifiers -Werror=implicit-fallthrough -ffunction-sections -fwrapv -MD -MT FEXCore/Source/CMakeFiles/FEXCore_object.dir/Interface/Core/Core.cpp.obj -MF CMakeFiles/FEXCore_object.dir/Interface/Core/Core.cpp.obj.d -o CMakeFiles/FEXCore_object.dir/Interface/Core/Core.cpp.obj -c /Users/runner/work/GTASanAndreas3DS/GTASanAndreas3DS/FEX/FEXCore/Source/Interface/Core/Core.cpp
[1m/Users/runner/work/GTASanAndreas3DS/GTASanAndreas3DS/FEX/FEXCore/Source/Interface/Core/Core.cpp:2526:32: [0m[0;1;35mwarning: [0m[1mincrement of object of volatile-qualified type 'volatile uint64_t' (aka 'volatile unsigned long long') is deprecated [-Wdeprecated-volatile][0m
 2526 |       g_madeira_thr_count[slot]++;[0m
      | [0;1;32m                               ^
[0m[1m/Users/runner/work/GTASanAndreas3DS/GTASanAndreas3DS/FEX/FEXCore/Source/Interface/Core/Core.cpp:2570:20: [0m[0;1;35mwarning: [0m[1mincrement of object of volatile-qualified type 'volatile uint64_t' (aka 'volatile unsigned long long') is deprecated [-Wdeprecated-volatile][0m
 2570 |       uint64_t n = ++g_madeira_hot_count[idx];[0m
      | [0;1;32m                   ^
[0m2 warnings generated.
[ 61%] Building CXX object FEXCore/Source/CMakeFiles/FEXCore_object.dir/Interface/Core/CPUBackend.cpp.obj
cd /Users/runner/work/GTASanAndreas3DS/GTASanAndreas3DS/FEX/build-arm64ec/FEXCore/Source && /opt/homebrew/bin/ccache sloppiness=time_macros /Users/runner/work/GTASanAndreas3DS/GTASanAndreas3DS/toolchains/llvm-mingw-20260616-ucrt-macos-universal/bin/arm64ec-w64-mingw32-clang++ -DARCHITECTURE_arm64=1 -DARCHITECTURE_arm64ec=1 -DFEXCORE_HAS_PRESERVE_ALL_ATTR=0 -DFEXCORE_PRESERVE_ALL_ATTR="" -DFEX_HAS_PRESERVE_ALL_ATTR=0 -DFEX_PRESERVE_ALL_ATTR="" -DGLOBAL_DATA_DIRECTORY=\"/usr/local/share/fex-emu/\" -DHAS_PROGRAM_INVOCATION_NAME="" -DINLINE="static inline" -DINLINE_LEVEL=4 -DJIT_ARM64 -DSOFTFLOAT_BUILTIN_CLZ=1 -DSOFTFLOAT_FAST_DIV32TO16=1 -DSOFTFLOAT_FAST_DIV64TO32=1 -DSOFTFLOAT_FAST_INT64=1 -D_LARGEFILE64_SOURCE @CMakeFiles/FEXCore_object.dir/includes_CXX.rsp -DFEX_IOS_HOST -O3 -DNDEBUG -fomit-frame-pointer -std=gnu++20 -flto=thin -fvisibility=hidden -fvisibility-inlines-hidden -Wno-trigraphs -fdiagnostics-color=always -fcolor-diagnostics -Wno-deprecated-enum-enum-conversion -Wall -fno-strict-aliasing -fno-exceptions -mcpu=generic -Werror=cast-qual -Werror=ignored-qualifiers -Werror=implicit-fallthrough -ffunction-sections -fwrapv -MD -MT FEXCore/Source/CMakeFiles/FEXCore_object.dir/Interface/Core/CPUBackend.cpp.obj -MF CMakeFiles/FEXCore_object.dir/Interface/Core/CPUBackend.cpp.obj.d -o CMakeFiles/FEXCore_object.dir/Interface/Core/CPUBackend.cpp.obj -c /Users/runner/work/GTASanAndreas3DS/GTASanAndreas3DS/FEX/FEXCore/Source/Interface/Core/CPUBackend.cpp
[ 62%] Building CXX object FEXCore/Source/CMakeFiles/FEXCore_object.dir/Interface/Core/Addressing.cpp.obj
cd /Users/runner/work/GTASanAndreas3DS/GTASanAndreas3DS/FEX/build-arm64ec/FEXCore/Source && /opt/homebrew/bin/ccache sloppiness=time_macros /Users/runner/work/GTASanAndreas3DS/GTASanAndreas3DS/toolchains/llvm-mingw-20260616-ucrt-macos-universal/bin/arm64ec-w64-mingw32-clang++ -DARCHITECTURE_arm64=1 -DARCHITECTURE_arm64ec=1 -DFEXCORE_HAS_PRESERVE_ALL_ATTR=0 -DFEXCORE_PRESERVE_ALL_ATTR="" -DFEX_HAS_PRESERVE_ALL_ATTR=0 -DFEX_PRESERVE_ALL_ATTR="" -DGLOBAL_DATA_DIRECTORY=\"/usr/local/share/fex-emu/\" -DHAS_PROGRAM_INVOCATION_NAME="" -DINLINE="static inline" -DINLINE_LEVEL=4 -DJIT_ARM64 -DSOFTFLOAT_BUILTIN_CLZ=1 -DSOFTFLOAT_FAST_DIV32TO16=1 -DSOFTFLOAT_FAST_DIV64TO32=1 -DSOFTFLOAT_FAST_INT64=1 -D_LARGEFILE64_SOURCE @CMakeFiles/FEXCore_object.dir/includes_CXX.rsp -DFEX_IOS_HOST -O3 -DNDEBUG -fomit-frame-pointer -std=gnu++20 -flto=thin -fvisibility=hidden -fvisibility-inlines-hidden -Wno-trigraphs -fdiagnostics-color=always -fcolor-diagnostics -Wno-deprecated-enum-enum-conversion -Wall -fno-strict-aliasing -fno-exceptions -mcpu=generic -Werror=cast-qual -Werror=ignored-qualifiers -Werror=implicit-fallthrough -ffunction-sections -fwrapv -MD -MT FEXCore/Source/CMakeFiles/FEXCore_object.dir/Interface/Core/Addressing.cpp.obj -MF CMakeFiles/FEXCore_object.dir/Interface/Core/Addressing.cpp.obj.d -o CMakeFiles/FEXCore_object.dir/Interface/Core/Addressing.cpp.obj -c /Users/runner/work/GTASanAndreas3DS/GTASanAndreas3DS/FEX/FEXCore/Source/Interface/Core/Addressing.cpp
[ 62%] Building CXX object FEXCore/Source/CMakeFiles/FEXCore_object.dir/Interface/Core/CPUID.cpp.obj
cd /Users/runner/work/GTASanAndreas3DS/GTASanAndreas3DS/FEX/build-arm64ec/FEXCore/Source && /opt/homebrew/bin/ccache sloppiness=time_macros /Users/runner/work/GTASanAndreas3DS/GTASanAndreas3DS/toolchains/llvm-mingw-20260616-ucrt-macos-universal/bin/arm64ec-w64-mingw32-clang++ -DARCHITECTURE_arm64=1 -DARCHITECTURE_arm64ec=1 -DFEXCORE_HAS_PRESERVE_ALL_ATTR=0 -DFEXCORE_PRESERVE_ALL_ATTR="" -DFEX_HAS_PRESERVE_ALL_ATTR=0 -DFEX_PRESERVE_ALL_ATTR="" -DGLOBAL_DATA_DIRECTORY=\"/usr/local/share/fex-emu/\" -DHAS_PROGRAM_INVOCATION_NAME="" -DINLINE="static inline" -DINLINE_LEVEL=4 -DJIT_ARM64 -DSOFTFLOAT_BUILTIN_CLZ=1 -DSOFTFLOAT_FAST_DIV32TO16=1 -DSOFTFLOAT_FAST_DIV64TO32=1 -DSOFTFLOAT_FAST_INT64=1 -D_LARGEFILE64_SOURCE @CMakeFiles/FEXCore_object.dir/includes_CXX.rsp -DFEX_IOS_HOST -O3 -DNDEBUG -fomit-frame-pointer -std=gnu++20 -flto=thin -fvisibility=hidden -fvisibility-inlines-hidden -Wno-trigraphs -fdiagnostics-color=always -fcolor-diagnostics -Wno-deprecated-enum-enum-conversion -Wall -fno-strict-aliasing -fno-exceptions -mcpu=generic -Werror=cast-qual -Werror=ignored-qualifiers -Werror=implicit-fallthrough -ffunction-sections -fwrapv -MD -MT FEXCore/Source/CMakeFiles/FEXCore_object.dir/Interface/Core/CPUID.cpp.obj -MF CMakeFiles/FEXCore_object.dir/Interface/Core/CPUID.cpp.obj.d -o CMakeFiles/FEXCore_object.dir/Interface/Core/CPUID.cpp.obj -c /Users/runner/work/GTASanAndreas3DS/GTASanAndreas3DS/FEX/FEXCore/Source/Interface/Core/CPUID.cpp
[ 63%] Building CXX object FEXCore/Source/CMakeFiles/FEXCore_object.dir/Interface/Core/Frontend.cpp.obj
cd /Users/runner/work/GTASanAndreas3DS/GTASanAndreas3DS/FEX/build-arm64ec/FEXCore/Source && /opt/homebrew/bin/ccache sloppiness=time_macros /Users/runner/work/GTASanAndreas3DS/GTASanAndreas3DS/toolchains/llvm-mingw-20260616-ucrt-macos-universal/bin/arm64ec-w64-mingw32-clang++ -DARCHITECTURE_arm64=1 -DARCHITECTURE_arm64ec=1 -DFEXCORE_HAS_PRESERVE_ALL_ATTR=0 -DFEXCORE_PRESERVE_ALL_ATTR="" -DFEX_HAS_PRESERVE_ALL_ATTR=0 -DFEX_PRESERVE_ALL_ATTR="" -DGLOBAL_DATA_DIRECTORY=\"/usr/local/share/fex-emu/\" -DHAS_PROGRAM_INVOCATION_NAME="" -DINLINE="static inline" -DINLINE_LEVEL=4 -DJIT_ARM64 -DSOFTFLOAT_BUILTIN_CLZ=1 -DSOFTFLOAT_FAST_DIV32TO16=1 -DSOFTFLOAT_FAST_DIV64TO32=1 -DSOFTFLOAT_FAST_INT64=1 -D_LARGEFILE64_SOURCE @CMakeFiles/FEXCore_object.dir/includes_CXX.rsp -DFEX_IOS_HOST -O3 -DNDEBUG -fomit-frame-pointer -std=gnu++20 -flto=thin -fvisibility=hidden -fvisibility-inlines-hidden -Wno-trigraphs -fdiagnostics-color=always -fcolor-diagnostics -Wno-deprecated-enum-enum-conversion -Wall -fno-strict-aliasing -fno-exceptions -mcpu=generic -Werror=cast-qual -Werror=ignored-qualifiers -Werror=implicit-fallthrough -ffunction-sections -fwrapv -MD -MT FEXCore/Source/CMakeFiles/FEXCore_object.dir/Interface/Core/Frontend.cpp.obj -MF CMakeFiles/FEXCore_object.dir/Interface/Core/Frontend.cpp.obj.d -o CMakeFiles/FEXCore_object.dir/Interface/Core/Frontend.cpp.obj -c /Users/runner/work/GTASanAndreas3DS/GTASanAndreas3DS/FEX/FEXCore/Source/Interface/Core/Frontend.cpp
[ 63%] Building CXX object FEXCore/Source/CMakeFiles/FEXCore_object.dir/Interface/Core/OpcodeDispatcher/AVX_128.cpp.obj
cd /Users/runner/work/GTASanAndreas3DS/GTASanAndreas3DS/FEX/build-arm64ec/FEXCore/Source && /opt/homebrew/bin/ccache sloppiness=time_macros /Users/runner/work/GTASanAndreas3DS/GTASanAndreas3DS/toolchains/llvm-mingw-20260616-ucrt-macos-universal/bin/arm64ec-w64-mingw32-clang++ -DARCHITECTURE_arm64=1 -DARCHITECTURE_arm64ec=1 -DFEXCORE_HAS_PRESERVE_ALL_ATTR=0 -DFEXCORE_PRESERVE_ALL_ATTR="" -DFEX_HAS_PRESERVE_ALL_ATTR=0 -DFEX_PRESERVE_ALL_ATTR="" -DGLOBAL_DATA_DIRECTORY=\"/usr/local/share/fex-emu/\" -DHAS_PROGRAM_INVOCATION_NAME="" -DINLINE="static inline" -DINLINE_LEVEL=4 -DJIT_ARM64 -DSOFTFLOAT_BUILTIN_CLZ=1 -DSOFTFLOAT_FAST_DIV32TO16=1 -DSOFTFLOAT_FAST_DIV64TO32=1 -DSOFTFLOAT_FAST_INT64=1 -D_LARGEFILE64_SOURCE @CMakeFiles/FEXCore_object.dir/includes_CXX.rsp -DFEX_IOS_HOST -O3 -DNDEBUG -fomit-frame-pointer -std=gnu++20 -flto=thin -fvisibility=hidden -fvisibility-inlines-hidden -Wno-trigraphs -fdiagnostics-color=always -fcolor-diagnostics -Wno-deprecated-enum-enum-conversion -Wall -fno-strict-aliasing -fno-exceptions -mcpu=generic -Werror=cast-qual -Werror=ignored-qualifiers -Werror=implicit-fallthrough -ffunction-sections -fwrapv -MD -MT FEXCore/Source/CMakeFiles/FEXCore_object.dir/Interface/Core/OpcodeDispatcher/AVX_128.cpp.obj -MF CMakeFiles/FEXCore_object.dir/Interface/Core/OpcodeDispatcher/AVX_128.cpp.obj.d -o CMakeFiles/FEXCore_object.dir/Interface/Core/OpcodeDispatcher/AVX_128.cpp.obj -c /Users/runner/work/GTASanAndreas3DS/GTASanAndreas3DS/FEX/FEXCore/Source/Interface/Core/OpcodeDispatcher/AVX_128.cpp
[ 64%] Building CXX object FEXCore/Source/CMakeFiles/FEXCore_object.dir/Interface/Core/OpcodeDispatcher/Crypto.cpp.obj
cd /Users/runner/work/GTASanAndreas3DS/GTASanAndreas3DS/FEX/build-arm64ec/FEXCore/Source && /opt/homebrew/bin/ccache sloppiness=time_macros /Users/runner/work/GTASanAndreas3DS/GTASanAndreas3DS/toolchains/llvm-mingw-20260616-ucrt-macos-universal/bin/arm64ec-w64-mingw32-clang++ -DARCHITECTURE_arm64=1 -DARCHITECTURE_arm64ec=1 -DFEXCORE_HAS_PRESERVE_ALL_ATTR=0 -DFEXCORE_PRESERVE_ALL_ATTR="" -DFEX_HAS_PRESERVE_ALL_ATTR=0 -DFEX_PRESERVE_ALL_ATTR="" -DGLOBAL_DATA_DIRECTORY=\"/usr/local/share/fex-emu/\" -DHAS_PROGRAM_INVOCATION_NAME="" -DINLINE="static inline" -DINLINE_LEVEL=4 -DJIT_ARM64 -DSOFTFLOAT_BUILTIN_CLZ=1 -DSOFTFLOAT_FAST_DIV32TO16=1 -DSOFTFLOAT_FAST_DIV64TO32=1 -DSOFTFLOAT_FAST_INT64=1 -D_LARGEFILE64_SOURCE @CMakeFiles/FEXCore_object.dir/includes_CXX.rsp -DFEX_IOS_HOST -O3 -DNDEBUG -fomit-frame-pointer -std=gnu++20 -flto=thin -fvisibility=hidden -fvisibility-inlines-hidden -Wno-trigraphs -fdiagnostics-color=always -fcolor-diagnostics -Wno-deprecated-enum-enum-conversion -Wall -fno-strict-aliasing -fno-exceptions -mcpu=generic -Werror=cast-qual -Werror=ignored-qualifiers -Werror=implicit-fallthrough -ffunction-sections -fwrapv -MD -MT FEXCore/Source/CMakeFiles/FEXCore_object.dir/Interface/Core/OpcodeDispatcher/Crypto.cpp.obj -MF CMakeFiles/FEXCore_object.dir/Interface/Core/OpcodeDispatcher/Crypto.cpp.obj.d -o CMakeFiles/FEXCore_object.dir/Interface/Core/OpcodeDispatcher/Crypto.cpp.obj -c /Users/runner/work/GTASanAndreas3DS/GTASanAndreas3DS/FEX/FEXCore/Source/Interface/Core/OpcodeDispatcher/Crypto.cpp
[ 64%] Building CXX object FEXCore/Source/CMakeFiles/FEXCore_object.dir/Interface/Core/OpcodeDispatcher/Flags.cpp.obj
cd /Users/runner/work/GTASanAndreas3DS/GTASanAndreas3DS/FEX/build-arm64ec/FEXCore/Source && /opt/homebrew/bin/ccache sloppiness=time_macros /Users/runner/work/GTASanAndreas3DS/GTASanAndreas3DS/toolchains/llvm-mingw-20260616-ucrt-macos-universal/bin/arm64ec-w64-mingw32-clang++ -DARCHITECTURE_arm64=1 -DARCHITECTURE_arm64ec=1 -DFEXCORE_HAS_PRESERVE_ALL_ATTR=0 -DFEXCORE_PRESERVE_ALL_ATTR="" -DFEX_HAS_PRESERVE_ALL_ATTR=0 -DFEX_PRESERVE_ALL_ATTR="" -DGLOBAL_DATA_DIRECTORY=\"/usr/local/share/fex-emu/\" -DHAS_PROGRAM_INVOCATION_NAME="" -DINLINE="static inline" -DINLINE_LEVEL=4 -DJIT_ARM64 -DSOFTFLOAT_BUILTIN_CLZ=1 -DSOFTFLOAT_FAST_DIV32TO16=1 -DSOFTFLOAT_FAST_DIV64TO32=1 -DSOFTFLOAT_FAST_INT64=1 -D_LARGEFILE64_SOURCE @CMakeFiles/FEXCore_object.dir/includes_CXX.rsp -DFEX_IOS_HOST -O3 -DNDEBUG -fomit-frame-pointer -std=gnu++20 -flto=thin -fvisibility=hidden -fvisibility-inlines-hidden -Wno-trigraphs -fdiagnostics-color=always -fcolor-diagnostics -Wno-deprecated-enum-enum-conversion -Wall -fno-strict-aliasing -fno-exceptions -mcpu=generic -Werror=cast-qual -Werror=ignored-qualifiers -Werror=implicit-fallthrough -ffunction-sections -fwrapv -MD -MT FEXCore/Source/CMakeFiles/FEXCore_object.dir/Interface/Core/OpcodeDispatcher/Flags.cpp.obj -MF CMakeFiles/FEXCore_object.dir/Interface/Core/OpcodeDispatcher/Flags.cpp.obj.d -o CMakeFiles/FEXCore_object.dir/Interface/Core/OpcodeDispatcher/Flags.cpp.obj -c /Users/runner/work/GTASanAndreas3DS/GTASanAndreas3DS/FEX/FEXCore/Source/Interface/Core/OpcodeDispatcher/Flags.cpp
[ 65%] Building CXX object FEXCore/Source/CMakeFiles/FEXCore_object.dir/Interface/Core/OpcodeDispatcher/Vector.cpp.obj
cd /Users/runner/work/GTASanAndreas3DS/GTASanAndreas3DS/FEX/build-arm64ec/FEXCore/Source && /opt/homebrew/bin/ccache sloppiness=time_macros /Users/runner/work/GTASanAndreas3DS/GTASanAndreas3DS/toolchains/llvm-mingw-20260616-ucrt-macos-universal/bin/arm64ec-w64-mingw32-clang++ -DARCHITECTURE_arm64=1 -DARCHITECTURE_arm64ec=1 -DFEXCORE_HAS_PRESERVE_ALL_ATTR=0 -DFEXCORE_PRESERVE_ALL_ATTR="" -DFEX_HAS_PRESERVE_ALL_ATTR=0 -DFEX_PRESERVE_ALL_ATTR="" -DGLOBAL_DATA_DIRECTORY=\"/usr/local/share/fex-emu/\" -DHAS_PROGRAM_INVOCATION_NAME="" -DINLINE="static inline" -DINLINE_LEVEL=4 -DJIT_ARM64 -DSOFTFLOAT_BUILTIN_CLZ=1 -DSOFTFLOAT_FAST_DIV32TO16=1 -DSOFTFLOAT_FAST_DIV64TO32=1 -DSOFTFLOAT_FAST_INT64=1 -D_LARGEFILE64_SOURCE @CMakeFiles/FEXCore_object.dir/includes_CXX.rsp -DFEX_IOS_HOST -O3 -DNDEBUG -fomit-frame-pointer -std=gnu++20 -flto=thin -fvisibility=hidden -fvisibility-inlines-hidden -Wno-trigraphs -fdiagnostics-color=always -fcolor-diagnostics -Wno-deprecated-enum-enum-conversion -Wall -fno-strict-aliasing -fno-exceptions -mcpu=generic -Werror=cast-qual -Werror=ignored-qualifiers -Werror=implicit-fallthrough -ffunction-sections -fwrapv -MD -MT FEXCore/Source/CMakeFiles/FEXCore_object.dir/Interface/Core/OpcodeDispatcher/Vector.cpp.obj -MF CMakeFiles/FEXCore_object.dir/Interface/Core/OpcodeDispatcher/Vector.cpp.obj.d -o CMakeFiles/FEXCore_object.dir/Interface/Core/OpcodeDispatcher/Vector.cpp.obj -c /Users/runner/work/GTASanAndreas3DS/GTASanAndreas3DS/FEX/FEXCore/Source/Interface/Core/OpcodeDispatcher/Vector.cpp
[ 65%] Building CXX object FEXCore/Source/CMakeFiles/FEXCore_object.dir/Interface/Core/OpcodeDispatcher/X87.cpp.obj
cd /Users/runner/work/GTASanAndreas3DS/GTASanAndreas3DS/FEX/build-arm64ec/FEXCore/Source && /opt/homebrew/bin/ccache sloppiness=time_macros /Users/runner/work/GTASanAndreas3DS/GTASanAndreas3DS/toolchains/llvm-mingw-20260616-ucrt-macos-universal/bin/arm64ec-w64-mingw32-clang++ -DARCHITECTURE_arm64=1 -DARCHITECTURE_arm64ec=1 -DFEXCORE_HAS_PRESERVE_ALL_ATTR=0 -DFEXCORE_PRESERVE_ALL_ATTR="" -DFEX_HAS_PRESERVE_ALL_ATTR=0 -DFEX_PRESERVE_ALL_ATTR="" -DGLOBAL_DATA_DIRECTORY=\"/usr/local/share/fex-emu/\" -DHAS_PROGRAM_INVOCATION_NAME="" -DINLINE="static inline" -DINLINE_LEVEL=4 -DJIT_ARM64 -DSOFTFLOAT_BUILTIN_CLZ=1 -DSOFTFLOAT_FAST_DIV32TO16=1 -DSOFTFLOAT_FAST_DIV64TO32=1 -DSOFTFLOAT_FAST_INT64=1 -D_LARGEFILE64_SOURCE @CMakeFiles/FEXCore_object.dir/includes_CXX.rsp -DFEX_IOS_HOST -O3 -DNDEBUG -fomit-frame-pointer -std=gnu++20 -flto=thin -fvisibility=hidden -fvisibility-inlines-hidden -Wno-trigraphs -fdiagnostics-color=always -fcolor-diagnostics -Wno-deprecated-enum-enum-conversion -Wall -fno-strict-aliasing -fno-exceptions -mcpu=generic -Werror=cast-qual -Werror=ignored-qualifiers -Werror=implicit-fallthrough -ffunction-sections -fwrapv -MD -MT FEXCore/Source/CMakeFiles/FEXCore_object.dir/Interface/Core/OpcodeDispatcher/X87.cpp.obj -MF CMakeFiles/FEXCore_object.dir/Interface/Core/OpcodeDispatcher/X87.cpp.obj.d -o CMakeFiles/FEXCore_object.dir/Interface/Core/OpcodeDispatcher/X87.cpp.obj -c /Users/runner/work/GTASanAndreas3DS/GTASanAndreas3DS/FEX/FEXCore/Source/Interface/Core/OpcodeDispatcher/X87.cpp
[ 67%] Building CXX object FEXCore/Source/CMakeFiles/FEXCore_object.dir/Interface/Core/OpcodeDispatcher/X87F64.cpp.obj
cd /Users/runner/work/GTASanAndreas3DS/GTASanAndreas3DS/FEX/build-arm64ec/FEXCore/Source && /opt/homebrew/bin/ccache sloppiness=time_macros /Users/runner/work/GTASanAndreas3DS/GTASanAndreas3DS/toolchains/llvm-mingw-20260616-ucrt-macos-universal/bin/arm64ec-w64-mingw32-clang++ -DARCHITECTURE_arm64=1 -DARCHITECTURE_arm64ec=1 -DFEXCORE_HAS_PRESERVE_ALL_ATTR=0 -DFEXCORE_PRESERVE_ALL_ATTR="" -DFEX_HAS_PRESERVE_ALL_ATTR=0 -DFEX_PRESERVE_ALL_ATTR="" -DGLOBAL_DATA_DIRECTORY=\"/usr/local/share/fex-emu/\" -DHAS_PROGRAM_INVOCATION_NAME="" -DINLINE="static inline" -DINLINE_LEVEL=4 -DJIT_ARM64 -DSOFTFLOAT_BUILTIN_CLZ=1 -DSOFTFLOAT_FAST_DIV32TO16=1 -DSOFTFLOAT_FAST_DIV64TO32=1 -DSOFTFLOAT_FAST_INT64=1 -D_LARGEFILE64_SOURCE @CMakeFiles/FEXCore_object.dir/includes_CXX.rsp -DFEX_IOS_HOST -O3 -DNDEBUG -fomit-frame-pointer -std=gnu++20 -flto=thin -fvisibility=hidden -fvisibility-inlines-hidden -Wno-trigraphs -fdiagnostics-color=always -fcolor-diagnostics -Wno-deprecated-enum-enum-conversion -Wall -fno-strict-aliasing -fno-exceptions -mcpu=generic -Werror=cast-qual -Werror=ignored-qualifiers -Werror=implicit-fallthrough -ffunction-sections -fwrapv -MD -MT FEXCore/Source/CMakeFiles/FEXCore_object.dir/Interface/Core/OpcodeDispatcher/X87F64.cpp.obj -MF CMakeFiles/FEXCore_object.dir/Interface/Core/OpcodeDispatcher/X87F64.cpp.obj.d -o CMakeFiles/FEXCore_object.dir/Interface/Core/OpcodeDispatcher/X87F64.cpp.obj -c /Users/runner/work/GTASanAndreas3DS/GTASanAndreas3DS/FEX/FEXCore/Source/Interface/Core/OpcodeDispatcher/X87F64.cpp
[ 67%] Building CXX object FEXCore/Source/CMakeFiles/FEXCore_object.dir/Interface/Core/OpcodeDispatcher.cpp.obj
cd /Users/runner/work/GTASanAndreas3DS/GTASanAndreas3DS/FEX/build-arm64ec/FEXCore/Source && /opt/homebrew/bin/ccache sloppiness=time_macros /Users/runner/work/GTASanAndreas3DS/GTASanAndreas3DS/toolchains/llvm-mingw-20260616-ucrt-macos-universal/bin/arm64ec-w64-mingw32-clang++ -DARCHITECTURE_arm64=1 -DARCHITECTURE_arm64ec=1 -DFEXCORE_HAS_PRESERVE_ALL_ATTR=0 -DFEXCORE_PRESERVE_ALL_ATTR="" -DFEX_HAS_PRESERVE_ALL_ATTR=0 -DFEX_PRESERVE_ALL_ATTR="" -DGLOBAL_DATA_DIRECTORY=\"/usr/local/share/fex-emu/\" -DHAS_PROGRAM_INVOCATION_NAME="" -DINLINE="static inline" -DINLINE_LEVEL=4 -DJIT_ARM64 -DSOFTFLOAT_BUILTIN_CLZ=1 -DSOFTFLOAT_FAST_DIV32TO16=1 -DSOFTFLOAT_FAST_DIV64TO32=1 -DSOFTFLOAT_FAST_INT64=1 -D_LARGEFILE64_SOURCE @CMakeFiles/FEXCore_object.dir/includes_CXX.rsp -DFEX_IOS_HOST -O3 -DNDEBUG -fomit-frame-pointer -std=gnu++20 -flto=thin -fvisibility=hidden -fvisibility-inlines-hidden -Wno-trigraphs -fdiagnostics-color=always -fcolor-diagnostics -Wno-deprecated-enum-enum-conversion -Wall -fno-strict-aliasing -fno-exceptions -mcpu=generic -Werror=cast-qual -Werror=ignored-qualifiers -Werror=implicit-fallthrough -ffunction-sections -fwrapv -MD -MT FEXCore/Source/CMakeFiles/FEXCore_object.dir/Interface/Core/OpcodeDispatcher.cpp.obj -MF CMakeFiles/FEXCore_object.dir/Interface/Core/OpcodeDispatcher.cpp.obj.d -o CMakeFiles/FEXCore_object.dir/Interface/Core/OpcodeDispatcher.cpp.obj -c /Users/runner/work/GTASanAndreas3DS/GTASanAndreas3DS/FEX/FEXCore/Source/Interface/Core/OpcodeDispatcher.cpp
[ 68%] Building CXX object FEXCore/Source/CMakeFiles/FEXCore_object.dir/Interface/Core/ArchHelpers/Arm64Emitter.cpp.obj
cd /Users/runner/work/GTASanAndreas3DS/GTASanAndreas3DS/FEX/build-arm64ec/FEXCore/Source && /opt/homebrew/bin/ccache sloppiness=time_macros /Users/runner/work/GTASanAndreas3DS/GTASanAndreas3DS/toolchains/llvm-mingw-20260616-ucrt-macos-universal/bin/arm64ec-w64-mingw32-clang++ -DARCHITECTURE_arm64=1 -DARCHITECTURE_arm64ec=1 -DFEXCORE_HAS_PRESERVE_ALL_ATTR=0 -DFEXCORE_PRESERVE_ALL_ATTR="" -DFEX_HAS_PRESERVE_ALL_ATTR=0 -DFEX_PRESERVE_ALL_ATTR="" -DGLOBAL_DATA_DIRECTORY=\"/usr/local/share/fex-emu/\" -DHAS_PROGRAM_INVOCATION_NAME="" -DINLINE="static inline" -DINLINE_LEVEL=4 -DJIT_ARM64 -DSOFTFLOAT_BUILTIN_CLZ=1 -DSOFTFLOAT_FAST_DIV32TO16=1 -DSOFTFLOAT_FAST_DIV64TO32=1 -DSOFTFLOAT_FAST_INT64=1 -D_LARGEFILE64_SOURCE @CMakeFiles/FEXCore_object.dir/includes_CXX.rsp -DFEX_IOS_HOST -O3 -DNDEBUG -fomit-frame-pointer -std=gnu++20 -flto=thin -fvisibility=hidden -fvisibility-inlines-hidden -Wno-trigraphs -fdiagnostics-color=always -fcolor-diagnostics -Wno-deprecated-enum-enum-conversion -Wall -fno-strict-aliasing -fno-exceptions -mcpu=generic -Werror=cast-qual -Werror=ignored-qualifiers -Werror=implicit-fallthrough -ffunction-sections -fwrapv -MD -MT FEXCore/Source/CMakeFiles/FEXCore_object.dir/Interface/Core/ArchHelpers/Arm64Emitter.cpp.obj -MF CMakeFiles/FEXCore_object.dir/Interface/Core/ArchHelpers/Arm64Emitter.cpp.obj.d -o CMakeFiles/FEXCore_object.dir/Interface/Core/ArchHelpers/Arm64Emitter.cpp.obj -c /Users/runner/work/GTASanAndreas3DS/GTASanAndreas3DS/FEX/FEXCore/Source/Interface/Core/ArchHelpers/Arm64Emitter.cpp
[ 68%] Building CXX object FEXCore/Source/CMakeFiles/FEXCore_object.dir/Interface/Core/Dispatcher/Dispatcher.cpp.obj
cd /Users/runner/work/GTASanAndreas3DS/GTASanAndreas3DS/FEX/build-arm64ec/FEXCore/Source && /opt/homebrew/bin/ccache sloppiness=time_macros /Users/runner/work/GTASanAndreas3DS/GTASanAndreas3DS/toolchains/llvm-mingw-20260616-ucrt-macos-universal/bin/arm64ec-w64-mingw32-clang++ -DARCHITECTURE_arm64=1 -DARCHITECTURE_arm64ec=1 -DFEXCORE_HAS_PRESERVE_ALL_ATTR=0 -DFEXCORE_PRESERVE_ALL_ATTR="" -DFEX_HAS_PRESERVE_ALL_ATTR=0 -DFEX_PRESERVE_ALL_ATTR="" -DGLOBAL_DATA_DIRECTORY=\"/usr/local/share/fex-emu/\" -DHAS_PROGRAM_INVOCATION_NAME="" -DINLINE="static inline" -DINLINE_LEVEL=4 -DJIT_ARM64 -DSOFTFLOAT_BUILTIN_CLZ=1 -DSOFTFLOAT_FAST_DIV32TO16=1 -DSOFTFLOAT_FAST_DIV64TO32=1 -DSOFTFLOAT_FAST_INT64=1 -D_LARGEFILE64_SOURCE @CMakeFiles/FEXCore_object.dir/includes_CXX.rsp -DFEX_IOS_HOST -O3 -DNDEBUG -fomit-frame-pointer -std=gnu++20 -flto=thin -fvisibility=hidden -fvisibility-inlines-hidden -Wno-trigraphs -fdiagnostics-color=always -fcolor-diagnostics -Wno-deprecated-enum-enum-conversion -Wall -fno-strict-aliasing -fno-exceptions -mcpu=generic -Werror=cast-qual -Werror=ignored-qualifiers -Werror=implicit-fallthrough -ffunction-sections -fwrapv -MD -MT FEXCore/Source/CMakeFiles/FEXCore_object.dir/Interface/Core/Dispatcher/Dispatcher.cpp.obj -MF CMakeFiles/FEXCore_object.dir/Interface/Core/Dispatcher/Dispatcher.cpp.obj.d -o CMakeFiles/FEXCore_object.dir/Interface/Core/Dispatcher/Dispatcher.cpp.obj -c /Users/runner/work/GTASanAndreas3DS/GTASanAndreas3DS/FEX/FEXCore/Source/Interface/Core/Dispatcher/Dispatcher.cpp
[ 69%] Building CXX object FEXCore/Source/CMakeFiles/FEXCore_object.dir/Interface/Core/Interpreter/Fallbacks/InterpreterFallbacks.cpp.obj
cd /Users/runner/work/GTASanAndreas3DS/GTASanAndreas3DS/FEX/build-arm64ec/FEXCore/Source && /opt/homebrew/bin/ccache sloppiness=time_macros /Users/runner/work/GTASanAndreas3DS/GTASanAndreas3DS/toolchains/llvm-mingw-20260616-ucrt-macos-universal/bin/arm64ec-w64-mingw32-clang++ -DARCHITECTURE_arm64=1 -DARCHITECTURE_arm64ec=1 -DFEXCORE_HAS_PRESERVE_ALL_ATTR=0 -DFEXCORE_PRESERVE_ALL_ATTR="" -DFEX_HAS_PRESERVE_ALL_ATTR=0 -DFEX_PRESERVE_ALL_ATTR="" -DGLOBAL_DATA_DIRECTORY=\"/usr/local/share/fex-emu/\" -DHAS_PROGRAM_INVOCATION_NAME="" -DINLINE="static inline" -DINLINE_LEVEL=4 -DJIT_ARM64 -DSOFTFLOAT_BUILTIN_CLZ=1 -DSOFTFLOAT_FAST_DIV32TO16=1 -DSOFTFLOAT_FAST_DIV64TO32=1 -DSOFTFLOAT_FAST_INT64=1 -D_LARGEFILE64_SOURCE @CMakeFiles/FEXCore_object.dir/includes_CXX.rsp -DFEX_IOS_HOST -O3 -DNDEBUG -fomit-frame-pointer -std=gnu++20 -flto=thin -fvisibility=hidden -fvisibility-inlines-hidden -Wno-trigraphs -fdiagnostics-color=always -fcolor-diagnostics -Wno-deprecated-enum-enum-conversion -Wall -fno-strict-aliasing -fno-exceptions -mcpu=generic -Werror=cast-qual -Werror=ignored-qualifiers -Werror=implicit-fallthrough -ffunction-sections -fwrapv -MD -MT FEXCore/Source/CMakeFiles/FEXCore_object.dir/Interface/Core/Interpreter/Fallbacks/InterpreterFallbacks.cpp.obj -MF CMakeFiles/FEXCore_object.dir/Interface/Core/Interpreter/Fallbacks/InterpreterFallbacks.cpp.obj.d -o CMakeFiles/FEXCore_object.dir/Interface/Core/Interpreter/Fallbacks/InterpreterFallbacks.cpp.obj -c /Users/runner/work/GTASanAndreas3DS/GTASanAndreas3DS/FEX/FEXCore/Source/Interface/Core/Interpreter/Fallbacks/InterpreterFallbacks.cpp
[ 69%] Building CXX object FEXCore/Source/CMakeFiles/FEXCore_object.dir/Interface/Core/Interpreter/Fallbacks/StringCompareFallbacks.cpp.obj
cd /Users/runner/work/GTASanAndreas3DS/GTASanAndreas3DS/FEX/build-arm64ec/FEXCore/Source && /opt/homebrew/bin/ccache sloppiness=time_macros /Users/runner/work/GTASanAndreas3DS/GTASanAndreas3DS/toolchains/llvm-mingw-20260616-ucrt-macos-universal/bin/arm64ec-w64-mingw32-clang++ -DARCHITECTURE_arm64=1 -DARCHITECTURE_arm64ec=1 -DFEXCORE_HAS_PRESERVE_ALL_ATTR=0 -DFEXCORE_PRESERVE_ALL_ATTR="" -DFEX_HAS_PRESERVE_ALL_ATTR=0 -DFEX_PRESERVE_ALL_ATTR="" -DGLOBAL_DATA_DIRECTORY=\"/usr/local/share/fex-emu/\" -DHAS_PROGRAM_INVOCATION_NAME="" -DINLINE="static inline" -DINLINE_LEVEL=4 -DJIT_ARM64 -DSOFTFLOAT_BUILTIN_CLZ=1 -DSOFTFLOAT_FAST_DIV32TO16=1 -DSOFTFLOAT_FAST_DIV64TO32=1 -DSOFTFLOAT_FAST_INT64=1 -D_LARGEFILE64_SOURCE @CMakeFiles/FEXCore_object.dir/includes_CXX.rsp -DFEX_IOS_HOST -O3 -DNDEBUG -fomit-frame-pointer -std=gnu++20 -flto=thin -fvisibility=hidden -fvisibility-inlines-hidden -Wno-trigraphs -fdiagnostics-color=always -fcolor-diagnostics -Wno-deprecated-enum-enum-conversion -Wall -fno-strict-aliasing -fno-exceptions -mcpu=generic -Werror=cast-qual -Werror=ignored-qualifiers -Werror=implicit-fallthrough -ffunction-sections -fwrapv -MD -MT FEXCore/Source/CMakeFiles/FEXCore_object.dir/Interface/Core/Interpreter/Fallbacks/StringCompareFallbacks.cpp.obj -MF CMakeFiles/FEXCore_object.dir/Interface/Core/Interpreter/Fallbacks/StringCompareFallbacks.cpp.obj.d -o CMakeFiles/FEXCore_object.dir/Interface/Core/Interpreter/Fallbacks/StringCompareFallbacks.cpp.obj -c /Users/runner/work/GTASanAndreas3DS/GTASanAndreas3DS/FEX/FEXCore/Source/Interface/Core/Interpreter/Fallbacks/StringCompareFallbacks.cpp
[ 70%] Building CXX object FEXCore/Source/CMakeFiles/FEXCore_object.dir/Interface/Core/JIT/JIT.cpp.obj
cd /Users/runner/work/GTASanAndreas3DS/GTASanAndreas3DS/FEX/build-arm64ec/FEXCore/Source && /opt/homebrew/bin/ccache sloppiness=time_macros /Users/runner/work/GTASanAndreas3DS/GTASanAndreas3DS/toolchains/llvm-mingw-20260616-ucrt-macos-universal/bin/arm64ec-w64-mingw32-clang++ -DARCHITECTURE_arm64=1 -DARCHITECTURE_arm64ec=1 -DFEXCORE_HAS_PRESERVE_ALL_ATTR=0 -DFEXCORE_PRESERVE_ALL_ATTR="" -DFEX_HAS_PRESERVE_ALL_ATTR=0 -DFEX_PRESERVE_ALL_ATTR="" -DGLOBAL_DATA_DIRECTORY=\"/usr/local/share/fex-emu/\" -DHAS_PROGRAM_INVOCATION_NAME="" -DINLINE="static inline" -DINLINE_LEVEL=4 -DJIT_ARM64 -DSOFTFLOAT_BUILTIN_CLZ=1 -DSOFTFLOAT_FAST_DIV32TO16=1 -DSOFTFLOAT_FAST_DIV64TO32=1 -DSOFTFLOAT_FAST_INT64=1 -D_LARGEFILE64_SOURCE @CMakeFiles/FEXCore_object.dir/includes_CXX.rsp -DFEX_IOS_HOST -O3 -DNDEBUG -fomit-frame-pointer -std=gnu++20 -flto=thin -fvisibility=hidden -fvisibility-inlines-hidden -Wno-trigraphs -fdiagnostics-color=always -fcolor-diagnostics -Wno-deprecated-enum-enum-conversion -Wall -fno-strict-aliasing -fno-exceptions -mcpu=generic -Werror=cast-qual -Werror=ignored-qualifiers -Werror=implicit-fallthrough -ffunction-sections -fwrapv -MD -MT FEXCore/Source/CMakeFiles/FEXCore_object.dir/Interface/Core/JIT/JIT.cpp.obj -MF CMakeFiles/FEXCore_object.dir/Interface/Core/JIT/JIT.cpp.obj.d -o CMakeFiles/FEXCore_object.dir/Interface/Core/JIT/JIT.cpp.obj -c /Users/runner/work/GTASanAndreas3DS/GTASanAndreas3DS/FEX/FEXCore/Source/Interface/Core/JIT/JIT.cpp
[1m/Users/runner/work/GTASanAndreas3DS/GTASanAndreas3DS/FEX/FEXCore/Source/Interface/Core/JIT/JIT.cpp:1110:11: [0m[0;1;35mwarning: [0m[1mvariable 'OpIdx' set but not used [-Wunused-but-set-variable][0m
 1110 |       [0;34mint[0m OpIdx = [0;32m0[0m;[0m
      | [0;1;32m          ^
[0m1 warning generated.
[ 70%] Building CXX object FEXCore/Source/CMakeFiles/FEXCore_object.dir/Interface/Core/JIT/ALUOps.cpp.obj
cd /Users/runner/work/GTASanAndreas3DS/GTASanAndreas3DS/FEX/build-arm64ec/FEXCore/Source && /opt/homebrew/bin/ccache sloppiness=time_macros /Users/runner/work/GTASanAndreas3DS/GTASanAndreas3DS/toolchains/llvm-mingw-20260616-ucrt-macos-universal/bin/arm64ec-w64-mingw32-clang++ -DARCHITECTURE_arm64=1 -DARCHITECTURE_arm64ec=1 -DFEXCORE_HAS_PRESERVE_ALL_ATTR=0 -DFEXCORE_PRESERVE_ALL_ATTR="" -DFEX_HAS_PRESERVE_ALL_ATTR=0 -DFEX_PRESERVE_ALL_ATTR="" -DGLOBAL_DATA_DIRECTORY=\"/usr/local/share/fex-emu/\" -DHAS_PROGRAM_INVOCATION_NAME="" -DINLINE="static inline" -DINLINE_LEVEL=4 -DJIT_ARM64 -DSOFTFLOAT_BUILTIN_CLZ=1 -DSOFTFLOAT_FAST_DIV32TO16=1 -DSOFTFLOAT_FAST_DIV64TO32=1 -DSOFTFLOAT_FAST_INT64=1 -D_LARGEFILE64_SOURCE @CMakeFiles/FEXCore_object.dir/includes_CXX.rsp -DFEX_IOS_HOST -O3 -DNDEBUG -fomit-frame-pointer -std=gnu++20 -flto=thin -fvisibility=hidden -fvisibility-inlines-hidden -Wno-trigraphs -fdiagnostics-color=always -fcolor-diagnostics -Wno-deprecated-enum-enum-conversion -Wall -fno-strict-aliasing -fno-exceptions -mcpu=generic -Werror=cast-qual -Werror=ignored-qualifiers -Werror=implicit-fallthrough -ffunction-sections -fwrapv -MD -MT FEXCore/Source/CMakeFiles/FEXCore_object.dir/Interface/Core/JIT/ALUOps.cpp.obj -MF CMakeFiles/FEXCore_object.dir/Interface/Core/JIT/ALUOps.cpp.obj.d -o CMakeFiles/FEXCore_object.dir/Interface/Core/JIT/ALUOps.cpp.obj -c /Users/runner/work/GTASanAndreas3DS/GTASanAndreas3DS/FEX/FEXCore/Source/Interface/Core/JIT/ALUOps.cpp
[ 71%] Building CXX object FEXCore/Source/CMakeFiles/FEXCore_object.dir/Interface/Core/JIT/AtomicOps.cpp.obj
cd /Users/runner/work/GTASanAndreas3DS/GTASanAndreas3DS/FEX/build-arm64ec/FEXCore/Source && /opt/homebrew/bin/ccache sloppiness=time_macros /Users/runner/work/GTASanAndreas3DS/GTASanAndreas3DS/toolchains/llvm-mingw-20260616-ucrt-macos-universal/bin/arm64ec-w64-mingw32-clang++ -DARCHITECTURE_arm64=1 -DARCHITECTURE_arm64ec=1 -DFEXCORE_HAS_PRESERVE_ALL_ATTR=0 -DFEXCORE_PRESERVE_ALL_ATTR="" -DFEX_HAS_PRESERVE_ALL_ATTR=0 -DFEX_PRESERVE_ALL_ATTR="" -DGLOBAL_DATA_DIRECTORY=\"/usr/local/share/fex-emu/\" -DHAS_PROGRAM_INVOCATION_NAME="" -DINLINE="static inline" -DINLINE_LEVEL=4 -DJIT_ARM64 -DSOFTFLOAT_BUILTIN_CLZ=1 -DSOFTFLOAT_FAST_DIV32TO16=1 -DSOFTFLOAT_FAST_DIV64TO32=1 -DSOFTFLOAT_FAST_INT64=1 -D_LARGEFILE64_SOURCE @CMakeFiles/FEXCore_object.dir/includes_CXX.rsp -DFEX_IOS_HOST -O3 -DNDEBUG -fomit-frame-pointer -std=gnu++20 -flto=thin -fvisibility=hidden -fvisibility-inlines-hidden -Wno-trigraphs -fdiagnostics-color=always -fcolor-diagnostics -Wno-deprecated-enum-enum-conversion -Wall -fno-strict-aliasing -fno-exceptions -mcpu=generic -Werror=cast-qual -Werror=ignored-qualifiers -Werror=implicit-fallthrough -ffunction-sections -fwrapv -MD -MT FEXCore/Source/CMakeFiles/FEXCore_object.dir/Interface/Core/JIT/AtomicOps.cpp.obj -MF CMakeFiles/FEXCore_object.dir/Interface/Core/JIT/AtomicOps.cpp.obj.d -o CMakeFiles/FEXCore_object.dir/Interface/Core/JIT/AtomicOps.cpp.obj -c /Users/runner/work/GTASanAndreas3DS/GTASanAndreas3DS/FEX/FEXCore/Source/Interface/Core/JIT/AtomicOps.cpp
[ 71%] Building CXX object FEXCore/Source/CMakeFiles/FEXCore_object.dir/Interface/Core/JIT/BranchOps.cpp.obj
cd /Users/runner/work/GTASanAndreas3DS/GTASanAndreas3DS/FEX/build-arm64ec/FEXCore/Source && /opt/homebrew/bin/ccache sloppiness=time_macros /Users/runner/work/GTASanAndreas3DS/GTASanAndreas3DS/toolchains/llvm-mingw-20260616-ucrt-macos-universal/bin/arm64ec-w64-mingw32-clang++ -DARCHITECTURE_arm64=1 -DARCHITECTURE_arm64ec=1 -DFEXCORE_HAS_PRESERVE_ALL_ATTR=0 -DFEXCORE_PRESERVE_ALL_ATTR="" -DFEX_HAS_PRESERVE_ALL_ATTR=0 -DFEX_PRESERVE_ALL_ATTR="" -DGLOBAL_DATA_DIRECTORY=\"/usr/local/share/fex-emu/\" -DHAS_PROGRAM_INVOCATION_NAME="" -DINLINE="static inline" -DINLINE_LEVEL=4 -DJIT_ARM64 -DSOFTFLOAT_BUILTIN_CLZ=1 -DSOFTFLOAT_FAST_DIV32TO16=1 -DSOFTFLOAT_FAST_DIV64TO32=1 -DSOFTFLOAT_FAST_INT64=1 -D_LARGEFILE64_SOURCE @CMakeFiles/FEXCore_object.dir/includes_CXX.rsp -DFEX_IOS_HOST -O3 -DNDEBUG -fomit-frame-pointer -std=gnu++20 -flto=thin -fvisibility=hidden -fvisibility-inlines-hidden -Wno-trigraphs -fdiagnostics-color=always -fcolor-diagnostics -Wno-deprecated-enum-enum-conversion -Wall -fno-strict-aliasing -fno-exceptions -mcpu=generic -Werror=cast-qual -Werror=ignored-qualifiers -Werror=implicit-fallthrough -ffunction-sections -fwrapv -MD -MT FEXCore/Source/CMakeFiles/FEXCore_object.dir/Interface/Core/JIT/BranchOps.cpp.obj -MF CMakeFiles/FEXCore_object.dir/Interface/Core/JIT/BranchOps.cpp.obj.d -o CMakeFiles/FEXCore_object.dir/Interface/Core/JIT/BranchOps.cpp.obj -c /Users/runner/work/GTASanAndreas3DS/GTASanAndreas3DS/FEX/FEXCore/Source/Interface/Core/JIT/BranchOps.cpp
[ 72%] Building CXX object FEXCore/Source/CMakeFiles/FEXCore_object.dir/Interface/Core/JIT/ConversionOps.cpp.obj
cd /Users/runner/work/GTASanAndreas3DS/GTASanAndreas3DS/FEX/build-arm64ec/FEXCore/Source && /opt/homebrew/bin/ccache sloppiness=time_macros /Users/runner/work/GTASanAndreas3DS/GTASanAndreas3DS/toolchains/llvm-mingw-20260616-ucrt-macos-universal/bin/arm64ec-w64-mingw32-clang++ -DARCHITECTURE_arm64=1 -DARCHITECTURE_arm64ec=1 -DFEXCORE_HAS_PRESERVE_ALL_ATTR=0 -DFEXCORE_PRESERVE_ALL_ATTR="" -DFEX_HAS_PRESERVE_ALL_ATTR=0 -DFEX_PRESERVE_ALL_ATTR="" -DGLOBAL_DATA_DIRECTORY=\"/usr/local/share/fex-emu/\" -DHAS_PROGRAM_INVOCATION_NAME="" -DINLINE="static inline" -DINLINE_LEVEL=4 -DJIT_ARM64 -DSOFTFLOAT_BUILTIN_CLZ=1 -DSOFTFLOAT_FAST_DIV32TO16=1 -DSOFTFLOAT_FAST_DIV64TO32=1 -DSOFTFLOAT_FAST_INT64=1 -D_LARGEFILE64_SOURCE @CMakeFiles/FEXCore_object.dir/includes_CXX.rsp -DFEX_IOS_HOST -O3 -DNDEBUG -fomit-frame-pointer -std=gnu++20 -flto=thin -fvisibility=hidden -fvisibility-inlines-hidden -Wno-trigraphs -fdiagnostics-color=always -fcolor-diagnostics -Wno-deprecated-enum-enum-conversion -Wall -fno-strict-aliasing -fno-exceptions -mcpu=generic -Werror=cast-qual -Werror=ignored-qualifiers -Werror=implicit-fallthrough -ffunction-sections -fwrapv -MD -MT FEXCore/Source/CMakeFiles/FEXCore_object.dir/Interface/Core/JIT/ConversionOps.cpp.obj -MF CMakeFiles/FEXCore_object.dir/Interface/Core/JIT/ConversionOps.cpp.obj.d -o CMakeFiles/FEXCore_object.dir/Interface/Core/JIT/ConversionOps.cpp.obj -c /Users/runner/work/GTASanAndreas3DS/GTASanAndreas3DS/FEX/FEXCore/Source/Interface/Core/JIT/ConversionOps.cpp
[ 72%] Building CXX object FEXCore/Source/CMakeFiles/FEXCore_object.dir/Interface/Core/JIT/EncryptionOps.cpp.obj
cd /Users/runner/work/GTASanAndreas3DS/GTASanAndreas3DS/FEX/build-arm64ec/FEXCore/Source && /opt/homebrew/bin/ccache sloppiness=time_macros /Users/runner/work/GTASanAndreas3DS/GTASanAndreas3DS/toolchains/llvm-mingw-20260616-ucrt-macos-universal/bin/arm64ec-w64-mingw32-clang++ -DARCHITECTURE_arm64=1 -DARCHITECTURE_arm64ec=1 -DFEXCORE_HAS_PRESERVE_ALL_ATTR=0 -DFEXCORE_PRESERVE_ALL_ATTR="" -DFEX_HAS_PRESERVE_ALL_ATTR=0 -DFEX_PRESERVE_ALL_ATTR="" -DGLOBAL_DATA_DIRECTORY=\"/usr/local/share/fex-emu/\" -DHAS_PROGRAM_INVOCATION_NAME="" -DINLINE="static inline" -DINLINE_LEVEL=4 -DJIT_ARM64 -DSOFTFLOAT_BUILTIN_CLZ=1 -DSOFTFLOAT_FAST_DIV32TO16=1 -DSOFTFLOAT_FAST_DIV64TO32=1 -DSOFTFLOAT_FAST_INT64=1 -D_LARGEFILE64_SOURCE @CMakeFiles/FEXCore_object.dir/includes_CXX.rsp -DFEX_IOS_HOST -O3 -DNDEBUG -fomit-frame-pointer -std=gnu++20 -flto=thin -fvisibility=hidden -fvisibility-inlines-hidden -Wno-trigraphs -fdiagnostics-color=always -fcolor-diagnostics -Wno-deprecated-enum-enum-conversion -Wall -fno-strict-aliasing -fno-exceptions -mcpu=generic -Werror=cast-qual -Werror=ignored-qualifiers -Werror=implicit-fallthrough -ffunction-sections -fwrapv -MD -MT FEXCore/Source/CMakeFiles/FEXCore_object.dir/Interface/Core/JIT/EncryptionOps.cpp.obj -MF CMakeFiles/FEXCore_object.dir/Interface/Core/JIT/EncryptionOps.cpp.obj.d -o CMakeFiles/FEXCore_object.dir/Interface/Core/JIT/EncryptionOps.cpp.obj -c /Users/runner/work/GTASanAndreas3DS/GTASanAndreas3DS/FEX/FEXCore/Source/Interface/Core/JIT/EncryptionOps.cpp
[ 73%] Building CXX object FEXCore/Source/CMakeFiles/FEXCore_object.dir/Interface/Core/JIT/MemoryOps.cpp.obj
cd /Users/runner/work/GTASanAndreas3DS/GTASanAndreas3DS/FEX/build-arm64ec/FEXCore/Source && /opt/homebrew/bin/ccache sloppiness=time_macros /Users/runner/work/GTASanAndreas3DS/GTASanAndreas3DS/toolchains/llvm-mingw-20260616-ucrt-macos-universal/bin/arm64ec-w64-mingw32-clang++ -DARCHITECTURE_arm64=1 -DARCHITECTURE_arm64ec=1 -DFEXCORE_HAS_PRESERVE_ALL_ATTR=0 -DFEXCORE_PRESERVE_ALL_ATTR="" -DFEX_HAS_PRESERVE_ALL_ATTR=0 -DFEX_PRESERVE_ALL_ATTR="" -DGLOBAL_DATA_DIRECTORY=\"/usr/local/share/fex-emu/\" -DHAS_PROGRAM_INVOCATION_NAME="" -DINLINE="static inline" -DINLINE_LEVEL=4 -DJIT_ARM64 -DSOFTFLOAT_BUILTIN_CLZ=1 -DSOFTFLOAT_FAST_DIV32TO16=1 -DSOFTFLOAT_FAST_DIV64TO32=1 -DSOFTFLOAT_FAST_INT64=1 -D_LARGEFILE64_SOURCE @CMakeFiles/FEXCore_object.dir/includes_CXX.rsp -DFEX_IOS_HOST -O3 -DNDEBUG -fomit-frame-pointer -std=gnu++20 -flto=thin -fvisibility=hidden -fvisibility-inlines-hidden -Wno-trigraphs -fdiagnostics-color=always -fcolor-diagnostics -Wno-deprecated-enum-enum-conversion -Wall -fno-strict-aliasing -fno-exceptions -mcpu=generic -Werror=cast-qual -Werror=ignored-qualifiers -Werror=implicit-fallthrough -ffunction-sections -fwrapv -MD -MT FEXCore/Source/CMakeFiles/FEXCore_object.dir/Interface/Core/JIT/MemoryOps.cpp.obj -MF CMakeFiles/FEXCore_object.dir/Interface/Core/JIT/MemoryOps.cpp.obj.d -o CMakeFiles/FEXCore_object.dir/Interface/Core/JIT/MemoryOps.cpp.obj -c /Users/runner/work/GTASanAndreas3DS/GTASanAndreas3DS/FEX/FEXCore/Source/Interface/Core/JIT/MemoryOps.cpp
[ 73%] Building CXX object FEXCore/Source/CMakeFiles/FEXCore_object.dir/Interface/Core/JIT/MiscOps.cpp.obj
cd /Users/runner/work/GTASanAndreas3DS/GTASanAndreas3DS/FEX/build-arm64ec/FEXCore/Source && /opt/homebrew/bin/ccache sloppiness=time_macros /Users/runner/work/GTASanAndreas3DS/GTASanAndreas3DS/toolchains/llvm-mingw-20260616-ucrt-macos-universal/bin/arm64ec-w64-mingw32-clang++ -DARCHITECTURE_arm64=1 -DARCHITECTURE_arm64ec=1 -DFEXCORE_HAS_PRESERVE_ALL_ATTR=0 -DFEXCORE_PRESERVE_ALL_ATTR="" -DFEX_HAS_PRESERVE_ALL_ATTR=0 -DFEX_PRESERVE_ALL_ATTR="" -DGLOBAL_DATA_DIRECTORY=\"/usr/local/share/fex-emu/\" -DHAS_PROGRAM_INVOCATION_NAME="" -DINLINE="static inline" -DINLINE_LEVEL=4 -DJIT_ARM64 -DSOFTFLOAT_BUILTIN_CLZ=1 -DSOFTFLOAT_FAST_DIV32TO16=1 -DSOFTFLOAT_FAST_DIV64TO32=1 -DSOFTFLOAT_FAST_INT64=1 -D_LARGEFILE64_SOURCE @CMakeFiles/FEXCore_object.dir/includes_CXX.rsp -DFEX_IOS_HOST -O3 -DNDEBUG -fomit-frame-pointer -std=gnu++20 -flto=thin -fvisibility=hidden -fvisibility-inlines-hidden -Wno-trigraphs -fdiagnostics-color=always -fcolor-diagnostics -Wno-deprecated-enum-enum-conversion -Wall -fno-strict-aliasing -fno-exceptions -mcpu=generic -Werror=cast-qual -Werror=ignored-qualifiers -Werror=implicit-fallthrough -ffunction-sections -fwrapv -MD -MT FEXCore/Source/CMakeFiles/FEXCore_object.dir/Interface/Core/JIT/MiscOps.cpp.obj -MF CMakeFiles/FEXCore_object.dir/Interface/Core/JIT/MiscOps.cpp.obj.d -o CMakeFiles/FEXCore_object.dir/Interface/Core/JIT/MiscOps.cpp.obj -c /Users/runner/work/GTASanAndreas3DS/GTASanAndreas3DS/FEX/FEXCore/Source/Interface/Core/JIT/MiscOps.cpp
[ 74%] Building CXX object FEXCore/Source/CMakeFiles/FEXCore_object.dir/Interface/Core/JIT/MoveOps.cpp.obj
cd /Users/runner/work/GTASanAndreas3DS/GTASanAndreas3DS/FEX/build-arm64ec/FEXCore/Source && /opt/homebrew/bin/ccache sloppiness=time_macros /Users/runner/work/GTASanAndreas3DS/GTASanAndreas3DS/toolchains/llvm-mingw-20260616-ucrt-macos-universal/bin/arm64ec-w64-mingw32-clang++ -DARCHITECTURE_arm64=1 -DARCHITECTURE_arm64ec=1 -DFEXCORE_HAS_PRESERVE_ALL_ATTR=0 -DFEXCORE_PRESERVE_ALL_ATTR="" -DFEX_HAS_PRESERVE_ALL_ATTR=0 -DFEX_PRESERVE_ALL_ATTR="" -DGLOBAL_DATA_DIRECTORY=\"/usr/local/share/fex-emu/\" -DHAS_PROGRAM_INVOCATION_NAME="" -DINLINE="static inline" -DINLINE_LEVEL=4 -DJIT_ARM64 -DSOFTFLOAT_BUILTIN_CLZ=1 -DSOFTFLOAT_FAST_DIV32TO16=1 -DSOFTFLOAT_FAST_DIV64TO32=1 -DSOFTFLOAT_FAST_INT64=1 -D_LARGEFILE64_SOURCE @CMakeFiles/FEXCore_object.dir/includes_CXX.rsp -DFEX_IOS_HOST -O3 -DNDEBUG -fomit-frame-pointer -std=gnu++20 -flto=thin -fvisibility=hidden -fvisibility-inlines-hidden -Wno-trigraphs -fdiagnostics-color=always -fcolor-diagnostics -Wno-deprecated-enum-enum-conversion -Wall -fno-strict-aliasing -fno-exceptions -mcpu=generic -Werror=cast-qual -Werror=ignored-qualifiers -Werror=implicit-fallthrough -ffunction-sections -fwrapv -MD -MT FEXCore/Source/CMakeFiles/FEXCore_object.dir/Interface/Core/JIT/MoveOps.cpp.obj -MF CMakeFiles/FEXCore_object.dir/Interface/Core/JIT/MoveOps.cpp.obj.d -o CMakeFiles/FEXCore_object.dir/Interface/Core/JIT/MoveOps.cpp.obj -c /Users/runner/work/GTASanAndreas3DS/GTASanAndreas3DS/FEX/FEXCore/Source/Interface/Core/JIT/MoveOps.cpp
[ 74%] Building CXX object FEXCore/Source/CMakeFiles/FEXCore_object.dir/Interface/Core/JIT/VectorOps.cpp.obj
cd /Users/runner/work/GTASanAndreas3DS/GTASanAndreas3DS/FEX/build-arm64ec/FEXCore/Source && /opt/homebrew/bin/ccache sloppiness=time_macros /Users/runner/work/GTASanAndreas3DS/GTASanAndreas3DS/toolchains/llvm-mingw-20260616-ucrt-macos-universal/bin/arm64ec-w64-mingw32-clang++ -DARCHITECTURE_arm64=1 -DARCHITECTURE_arm64ec=1 -DFEXCORE_HAS_PRESERVE_ALL_ATTR=0 -DFEXCORE_PRESERVE_ALL_ATTR="" -DFEX_HAS_PRESERVE_ALL_ATTR=0 -DFEX_PRESERVE_ALL_ATTR="" -DGLOBAL_DATA_DIRECTORY=\"/usr/local/share/fex-emu/\" -DHAS_PROGRAM_INVOCATION_NAME="" -DINLINE="static inline" -DINLINE_LEVEL=4 -DJIT_ARM64 -DSOFTFLOAT_BUILTIN_CLZ=1 -DSOFTFLOAT_FAST_DIV32TO16=1 -DSOFTFLOAT_FAST_DIV64TO32=1 -DSOFTFLOAT_FAST_INT64=1 -D_LARGEFILE64_SOURCE @CMakeFiles/FEXCore_object.dir/includes_CXX.rsp -DFEX_IOS_HOST -O3 -DNDEBUG -fomit-frame-pointer -std=gnu++20 -flto=thin -fvisibility=hidden -fvisibility-inlines-hidden -Wno-trigraphs -fdiagnostics-color=always -fcolor-diagnostics -Wno-deprecated-enum-enum-conversion -Wall -fno-strict-aliasing -fno-exceptions -mcpu=generic -Werror=cast-qual -Werror=ignored-qualifiers -Werror=implicit-fallthrough -ffunction-sections -fwrapv -MD -MT FEXCore/Source/CMakeFiles/FEXCore_object.dir/Interface/Core/JIT/VectorOps.cpp.obj -MF CMakeFiles/FEXCore_object.dir/Interface/Core/JIT/VectorOps.cpp.obj.d -o CMakeFiles/FEXCore_object.dir/Interface/Core/JIT/VectorOps.cpp.obj -c /Users/runner/work/GTASanAndreas3DS/GTASanAndreas3DS/FEX/FEXCore/Source/Interface/Core/JIT/VectorOps.cpp
[ 75%] Building CXX object FEXCore/Source/CMakeFiles/FEXCore_object.dir/Interface/Core/JIT/Arm64Relocations.cpp.obj
cd /Users/runner/work/GTASanAndreas3DS/GTASanAndreas3DS/FEX/build-arm64ec/FEXCore/Source && /opt/homebrew/bin/ccache sloppiness=time_macros /Users/runner/work/GTASanAndreas3DS/GTASanAndreas3DS/toolchains/llvm-mingw-20260616-ucrt-macos-universal/bin/arm64ec-w64-mingw32-clang++ -DARCHITECTURE_arm64=1 -DARCHITECTURE_arm64ec=1 -DFEXCORE_HAS_PRESERVE_ALL_ATTR=0 -DFEXCORE_PRESERVE_ALL_ATTR="" -DFEX_HAS_PRESERVE_ALL_ATTR=0 -DFEX_PRESERVE_ALL_ATTR="" -DGLOBAL_DATA_DIRECTORY=\"/usr/local/share/fex-emu/\" -DHAS_PROGRAM_INVOCATION_NAME="" -DINLINE="static inline" -DINLINE_LEVEL=4 -DJIT_ARM64 -DSOFTFLOAT_BUILTIN_CLZ=1 -DSOFTFLOAT_FAST_DIV32TO16=1 -DSOFTFLOAT_FAST_DIV64TO32=1 -DSOFTFLOAT_FAST_INT64=1 -D_LARGEFILE64_SOURCE @CMakeFiles/FEXCore_object.dir/includes_CXX.rsp -DFEX_IOS_HOST -O3 -DNDEBUG -fomit-frame-pointer -std=gnu++20 -flto=thin -fvisibility=hidden -fvisibility-inlines-hidden -Wno-trigraphs -fdiagnostics-color=always -fcolor-diagnostics -Wno-deprecated-enum-enum-conversion -Wall -fno-strict-aliasing -fno-exceptions -mcpu=generic -Werror=cast-qual -Werror=ignored-qualifiers -Werror=implicit-fallthrough -ffunction-sections -fwrapv -MD -MT FEXCore/Source/CMakeFiles/FEXCore_object.dir/Interface/Core/JIT/Arm64Relocations.cpp.obj -MF CMakeFiles/FEXCore_object.dir/Interface/Core/JIT/Arm64Relocations.cpp.obj.d -o CMakeFiles/FEXCore_object.dir/Interface/Core/JIT/Arm64Relocations.cpp.obj -c /Users/runner/work/GTASanAndreas3DS/GTASanAndreas3DS/FEX/FEXCore/Source/Interface/Core/JIT/Arm64Relocations.cpp
[ 75%] Building CXX object FEXCore/Source/CMakeFiles/FEXCore_object.dir/Interface/Core/X86Tables/BaseTables.cpp.obj
cd /Users/runner/work/GTASanAndreas3DS/GTASanAndreas3DS/FEX/build-arm64ec/FEXCore/Source && /opt/homebrew/bin/ccache sloppiness=time_macros /Users/runner/work/GTASanAndreas3DS/GTASanAndreas3DS/toolchains/llvm-mingw-20260616-ucrt-macos-universal/bin/arm64ec-w64-mingw32-clang++ -DARCHITECTURE_arm64=1 -DARCHITECTURE_arm64ec=1 -DFEXCORE_HAS_PRESERVE_ALL_ATTR=0 -DFEXCORE_PRESERVE_ALL_ATTR="" -DFEX_HAS_PRESERVE_ALL_ATTR=0 -DFEX_PRESERVE_ALL_ATTR="" -DGLOBAL_DATA_DIRECTORY=\"/usr/local/share/fex-emu/\" -DHAS_PROGRAM_INVOCATION_NAME="" -DINLINE="static inline" -DINLINE_LEVEL=4 -DJIT_ARM64 -DSOFTFLOAT_BUILTIN_CLZ=1 -DSOFTFLOAT_FAST_DIV32TO16=1 -DSOFTFLOAT_FAST_DIV64TO32=1 -DSOFTFLOAT_FAST_INT64=1 -D_LARGEFILE64_SOURCE @CMakeFiles/FEXCore_object.dir/includes_CXX.rsp -DFEX_IOS_HOST -O3 -DNDEBUG -fomit-frame-pointer -std=gnu++20 -flto=thin -fvisibility=hidden -fvisibility-inlines-hidden -Wno-trigraphs -fdiagnostics-color=always -fcolor-diagnostics -Wno-deprecated-enum-enum-conversion -Wall -fno-strict-aliasing -fno-exceptions -mcpu=generic -Werror=cast-qual -Werror=ignored-qualifiers -Werror=implicit-fallthrough -ffunction-sections -fwrapv -MD -MT FEXCore/Source/CMakeFiles/FEXCore_object.dir/Interface/Core/X86Tables/BaseTables.cpp.obj -MF CMakeFiles/FEXCore_object.dir/Interface/Core/X86Tables/BaseTables.cpp.obj.d -o CMakeFiles/FEXCore_object.dir/Interface/Core/X86Tables/BaseTables.cpp.obj -c /Users/runner/work/GTASanAndreas3DS/GTASanAndreas3DS/FEX/FEXCore/Source/Interface/Core/X86Tables/BaseTables.cpp
[ 75%] Building CXX object FEXCore/Source/CMakeFiles/FEXCore_object.dir/Interface/Core/X86Tables/DDDTables.cpp.obj
cd /Users/runner/work/GTASanAndreas3DS/GTASanAndreas3DS/FEX/build-arm64ec/FEXCore/Source && /opt/homebrew/bin/ccache sloppiness=time_macros /Users/runner/work/GTASanAndreas3DS/GTASanAndreas3DS/toolchains/llvm-mingw-20260616-ucrt-macos-universal/bin/arm64ec-w64-mingw32-clang++ -DARCHITECTURE_arm64=1 -DARCHITECTURE_arm64ec=1 -DFEXCORE_HAS_PRESERVE_ALL_ATTR=0 -DFEXCORE_PRESERVE_ALL_ATTR="" -DFEX_HAS_PRESERVE_ALL_ATTR=0 -DFEX_PRESERVE_ALL_ATTR="" -DGLOBAL_DATA_DIRECTORY=\"/usr/local/share/fex-emu/\" -DHAS_PROGRAM_INVOCATION_NAME="" -DINLINE="static inline" -DINLINE_LEVEL=4 -DJIT_ARM64 -DSOFTFLOAT_BUILTIN_CLZ=1 -DSOFTFLOAT_FAST_DIV32TO16=1 -DSOFTFLOAT_FAST_DIV64TO32=1 -DSOFTFLOAT_FAST_INT64=1 -D_LARGEFILE64_SOURCE @CMakeFiles/FEXCore_object.dir/includes_CXX.rsp -DFEX_IOS_HOST -O3 -DNDEBUG -fomit-frame-pointer -std=gnu++20 -flto=thin -fvisibility=hidden -fvisibility-inlines-hidden -Wno-trigraphs -fdiagnostics-color=always -fcolor-diagnostics -Wno-deprecated-enum-enum-conversion -Wall -fno-strict-aliasing -fno-exceptions -mcpu=generic -Werror=cast-qual -Werror=ignored-qualifiers -Werror=implicit-fallthrough -ffunction-sections -fwrapv -MD -MT FEXCore/Source/CMakeFiles/FEXCore_object.dir/Interface/Core/X86Tables/DDDTables.cpp.obj -MF CMakeFiles/FEXCore_object.dir/Interface/Core/X86Tables/DDDTables.cpp.obj.d -o CMakeFiles/FEXCore_object.dir/Interface/Core/X86Tables/DDDTables.cpp.obj -c /Users/runner/work/GTASanAndreas3DS/GTASanAndreas3DS/FEX/FEXCore/Source/Interface/Core/X86Tables/DDDTables.cpp
[ 76%] Building CXX object FEXCore/Source/CMakeFiles/FEXCore_object.dir/Interface/Core/X86Tables/H0F38Tables.cpp.obj
cd /Users/runner/work/GTASanAndreas3DS/GTASanAndreas3DS/FEX/build-arm64ec/FEXCore/Source && /opt/homebrew/bin/ccache sloppiness=time_macros /Users/runner/work/GTASanAndreas3DS/GTASanAndreas3DS/toolchains/llvm-mingw-20260616-ucrt-macos-universal/bin/arm64ec-w64-mingw32-clang++ -DARCHITECTURE_arm64=1 -DARCHITECTURE_arm64ec=1 -DFEXCORE_HAS_PRESERVE_ALL_ATTR=0 -DFEXCORE_PRESERVE_ALL_ATTR="" -DFEX_HAS_PRESERVE_ALL_ATTR=0 -DFEX_PRESERVE_ALL_ATTR="" -DGLOBAL_DATA_DIRECTORY=\"/usr/local/share/fex-emu/\" -DHAS_PROGRAM_INVOCATION_NAME="" -DINLINE="static inline" -DINLINE_LEVEL=4 -DJIT_ARM64 -DSOFTFLOAT_BUILTIN_CLZ=1 -DSOFTFLOAT_FAST_DIV32TO16=1 -DSOFTFLOAT_FAST_DIV64TO32=1 -DSOFTFLOAT_FAST_INT64=1 -D_LARGEFILE64_SOURCE @CMakeFiles/FEXCore_object.dir/includes_CXX.rsp -DFEX_IOS_HOST -O3 -DNDEBUG -fomit-frame-pointer -std=gnu++20 -flto=thin -fvisibility=hidden -fvisibility-inlines-hidden -Wno-trigraphs -fdiagnostics-color=always -fcolor-diagnostics -Wno-deprecated-enum-enum-conversion -Wall -fno-strict-aliasing -fno-exceptions -mcpu=generic -Werror=cast-qual -Werror=ignored-qualifiers -Werror=implicit-fallthrough -ffunction-sections -fwrapv -MD -MT FEXCore/Source/CMakeFiles/FEXCore_object.dir/Interface/Core/X86Tables/H0F38Tables.cpp.obj -MF CMakeFiles/FEXCore_object.dir/Interface/Core/X86Tables/H0F38Tables.cpp.obj.d -o CMakeFiles/FEXCore_object.dir/Interface/Core/X86Tables/H0F38Tables.cpp.obj -c /Users/runner/work/GTASanAndreas3DS/GTASanAndreas3DS/FEX/FEXCore/Source/Interface/Core/X86Tables/H0F38Tables.cpp
[ 76%] Building CXX object FEXCore/Source/CMakeFiles/FEXCore_object.dir/Interface/Core/X86Tables/H0F3ATables.cpp.obj
cd /Users/runner/work/GTASanAndreas3DS/GTASanAndreas3DS/FEX/build-arm64ec/FEXCore/Source && /opt/homebrew/bin/ccache sloppiness=time_macros /Users/runner/work/GTASanAndreas3DS/GTASanAndreas3DS/toolchains/llvm-mingw-20260616-ucrt-macos-universal/bin/arm64ec-w64-mingw32-clang++ -DARCHITECTURE_arm64=1 -DARCHITECTURE_arm64ec=1 -DFEXCORE_HAS_PRESERVE_ALL_ATTR=0 -DFEXCORE_PRESERVE_ALL_ATTR="" -DFEX_HAS_PRESERVE_ALL_ATTR=0 -DFEX_PRESERVE_ALL_ATTR="" -DGLOBAL_DATA_DIRECTORY=\"/usr/local/share/fex-emu/\" -DHAS_PROGRAM_INVOCATION_NAME="" -DINLINE="static inline" -DINLINE_LEVEL=4 -DJIT_ARM64 -DSOFTFLOAT_BUILTIN_CLZ=1 -DSOFTFLOAT_FAST_DIV32TO16=1 -DSOFTFLOAT_FAST_DIV64TO32=1 -DSOFTFLOAT_FAST_INT64=1 -D_LARGEFILE64_SOURCE @CMakeFiles/FEXCore_object.dir/includes_CXX.rsp -DFEX_IOS_HOST -O3 -DNDEBUG -fomit-frame-pointer -std=gnu++20 -flto=thin -fvisibility=hidden -fvisibility-inlines-hidden -Wno-trigraphs -fdiagnostics-color=always -fcolor-diagnostics -Wno-deprecated-enum-enum-conversion -Wall -fno-strict-aliasing -fno-exceptions -mcpu=generic -Werror=cast-qual -Werror=ignored-qualifiers -Werror=implicit-fallthrough -ffunction-sections -fwrapv -MD -MT FEXCore/Source/CMakeFiles/FEXCore_object.dir/Interface/Core/X86Tables/H0F3ATables.cpp.obj -MF CMakeFiles/FEXCore_object.dir/Interface/Core/X86Tables/H0F3ATables.cpp.obj.d -o CMakeFiles/FEXCore_object.dir/Interface/Core/X86Tables/H0F3ATables.cpp.obj -c /Users/runner/work/GTASanAndreas3DS/GTASanAndreas3DS/FEX/FEXCore/Source/Interface/Core/X86Tables/H0F3ATables.cpp
[ 77%] Building CXX object FEXCore/Source/CMakeFiles/FEXCore_object.dir/Interface/Core/X86Tables/PrimaryGroupTables.cpp.obj
cd /Users/runner/work/GTASanAndreas3DS/GTASanAndreas3DS/FEX/build-arm64ec/FEXCore/Source && /opt/homebrew/bin/ccache sloppiness=time_macros /Users/runner/work/GTASanAndreas3DS/GTASanAndreas3DS/toolchains/llvm-mingw-20260616-ucrt-macos-universal/bin/arm64ec-w64-mingw32-clang++ -DARCHITECTURE_arm64=1 -DARCHITECTURE_arm64ec=1 -DFEXCORE_HAS_PRESERVE_ALL_ATTR=0 -DFEXCORE_PRESERVE_ALL_ATTR="" -DFEX_HAS_PRESERVE_ALL_ATTR=0 -DFEX_PRESERVE_ALL_ATTR="" -DGLOBAL_DATA_DIRECTORY=\"/usr/local/share/fex-emu/\" -DHAS_PROGRAM_INVOCATION_NAME="" -DINLINE="static inline" -DINLINE_LEVEL=4 -DJIT_ARM64 -DSOFTFLOAT_BUILTIN_CLZ=1 -DSOFTFLOAT_FAST_DIV32TO16=1 -DSOFTFLOAT_FAST_DIV64TO32=1 -DSOFTFLOAT_FAST_INT64=1 -D_LARGEFILE64_SOURCE @CMakeFiles/FEXCore_object.dir/includes_CXX.rsp -DFEX_IOS_HOST -O3 -DNDEBUG -fomit-frame-pointer -std=gnu++20 -flto=thin -fvisibility=hidden -fvisibility-inlines-hidden -Wno-trigraphs -fdiagnostics-color=always -fcolor-diagnostics -Wno-deprecated-enum-enum-conversion -Wall -fno-strict-aliasing -fno-exceptions -mcpu=generic -Werror=cast-qual -Werror=ignored-qualifiers -Werror=implicit-fallthrough -ffunction-sections -fwrapv -MD -MT FEXCore/Source/CMakeFiles/FEXCore_object.dir/Interface/Core/X86Tables/PrimaryGroupTables.cpp.obj -MF CMakeFiles/FEXCore_object.dir/Interface/Core/X86Tables/PrimaryGroupTables.cpp.obj.d -o CMakeFiles/FEXCore_object.dir/Interface/Core/X86Tables/PrimaryGroupTables.cpp.obj -c /Users/runner/work/GTASanAndreas3DS/GTASanAndreas3DS/FEX/FEXCore/Source/Interface/Core/X86Tables/PrimaryGroupTables.cpp
[ 77%] Building CXX object FEXCore/Source/CMakeFiles/FEXCore_object.dir/Interface/Core/X86Tables/SecondaryGroupTables.cpp.obj
cd /Users/runner/work/GTASanAndreas3DS/GTASanAndreas3DS/FEX/build-arm64ec/FEXCore/Source && /opt/homebrew/bin/ccache sloppiness=time_macros /Users/runner/work/GTASanAndreas3DS/GTASanAndreas3DS/toolchains/llvm-mingw-20260616-ucrt-macos-universal/bin/arm64ec-w64-mingw32-clang++ -DARCHITECTURE_arm64=1 -DARCHITECTURE_arm64ec=1 -DFEXCORE_HAS_PRESERVE_ALL_ATTR=0 -DFEXCORE_PRESERVE_ALL_ATTR="" -DFEX_HAS_PRESERVE_ALL_ATTR=0 -DFEX_PRESERVE_ALL_ATTR="" -DGLOBAL_DATA_DIRECTORY=\"/usr/local/share/fex-emu/\" -DHAS_PROGRAM_INVOCATION_NAME="" -DINLINE="static inline" -DINLINE_LEVEL=4 -DJIT_ARM64 -DSOFTFLOAT_BUILTIN_CLZ=1 -DSOFTFLOAT_FAST_DIV32TO16=1 -DSOFTFLOAT_FAST_DIV64TO32=1 -DSOFTFLOAT_FAST_INT64=1 -D_LARGEFILE64_SOURCE @CMakeFiles/FEXCore_object.dir/includes_CXX.rsp -DFEX_IOS_HOST -O3 -DNDEBUG -fomit-frame-pointer -std=gnu++20 -flto=thin -fvisibility=hidden -fvisibility-inlines-hidden -Wno-trigraphs -fdiagnostics-color=always -fcolor-diagnostics -Wno-deprecated-enum-enum-conversion -Wall -fno-strict-aliasing -fno-exceptions -mcpu=generic -Werror=cast-qual -Werror=ignored-qualifiers -Werror=implicit-fallthrough -ffunction-sections -fwrapv -MD -MT FEXCore/Source/CMakeFiles/FEXCore_object.dir/Interface/Core/X86Tables/SecondaryGroupTables.cpp.obj -MF CMakeFiles/FEXCore_object.dir/Interface/Core/X86Tables/SecondaryGroupTables.cpp.obj.d -o CMakeFiles/FEXCore_object.dir/Interface/Core/X86Tables/SecondaryGroupTables.cpp.obj -c /Users/runner/work/GTASanAndreas3DS/GTASanAndreas3DS/FEX/FEXCore/Source/Interface/Core/X86Tables/SecondaryGroupTables.cpp
[ 78%] Building CXX object FEXCore/Source/CMakeFiles/FEXCore_object.dir/Interface/Core/X86Tables/SecondaryModRMTables.cpp.obj
cd /Users/runner/work/GTASanAndreas3DS/GTASanAndreas3DS/FEX/build-arm64ec/FEXCore/Source && /opt/homebrew/bin/ccache sloppiness=time_macros /Users/runner/work/GTASanAndreas3DS/GTASanAndreas3DS/toolchains/llvm-mingw-20260616-ucrt-macos-universal/bin/arm64ec-w64-mingw32-clang++ -DARCHITECTURE_arm64=1 -DARCHITECTURE_arm64ec=1 -DFEXCORE_HAS_PRESERVE_ALL_ATTR=0 -DFEXCORE_PRESERVE_ALL_ATTR="" -DFEX_HAS_PRESERVE_ALL_ATTR=0 -DFEX_PRESERVE_ALL_ATTR="" -DGLOBAL_DATA_DIRECTORY=\"/usr/local/share/fex-emu/\" -DHAS_PROGRAM_INVOCATION_NAME="" -DINLINE="static inline" -DINLINE_LEVEL=4 -DJIT_ARM64 -DSOFTFLOAT_BUILTIN_CLZ=1 -DSOFTFLOAT_FAST_DIV32TO16=1 -DSOFTFLOAT_FAST_DIV64TO32=1 -DSOFTFLOAT_FAST_INT64=1 -D_LARGEFILE64_SOURCE @CMakeFiles/FEXCore_object.dir/includes_CXX.rsp -DFEX_IOS_HOST -O3 -DNDEBUG -fomit-frame-pointer -std=gnu++20 -flto=thin -fvisibility=hidden -fvisibility-inlines-hidden -Wno-trigraphs -fdiagnostics-color=always -fcolor-diagnostics -Wno-deprecated-enum-enum-conversion -Wall -fno-strict-aliasing -fno-exceptions -mcpu=generic -Werror=cast-qual -Werror=ignored-qualifiers -Werror=implicit-fallthrough -ffunction-sections -fwrapv -MD -MT FEXCore/Source/CMakeFiles/FEXCore_object.dir/Interface/Core/X86Tables/SecondaryModRMTables.cpp.obj -MF CMakeFiles/FEXCore_object.dir/Interface/Core/X86Tables/SecondaryModRMTables.cpp.obj.d -o CMakeFiles/FEXCore_object.dir/Interface/Core/X86Tables/SecondaryModRMTables.cpp.obj -c /Users/runner/work/GTASanAndreas3DS/GTASanAndreas3DS/FEX/FEXCore/Source/Interface/Core/X86Tables/SecondaryModRMTables.cpp
[ 78%] Building CXX object FEXCore/Source/CMakeFiles/FEXCore_object.dir/Interface/Core/X86Tables/SecondaryTables.cpp.obj
cd /Users/runner/work/GTASanAndreas3DS/GTASanAndreas3DS/FEX/build-arm64ec/FEXCore/Source && /opt/homebrew/bin/ccache sloppiness=time_macros /Users/runner/work/GTASanAndreas3DS/GTASanAndreas3DS/toolchains/llvm-mingw-20260616-ucrt-macos-universal/bin/arm64ec-w64-mingw32-clang++ -DARCHITECTURE_arm64=1 -DARCHITECTURE_arm64ec=1 -DFEXCORE_HAS_PRESERVE_ALL_ATTR=0 -DFEXCORE_PRESERVE_ALL_ATTR="" -DFEX_HAS_PRESERVE_ALL_ATTR=0 -DFEX_PRESERVE_ALL_ATTR="" -DGLOBAL_DATA_DIRECTORY=\"/usr/local/share/fex-emu/\" -DHAS_PROGRAM_INVOCATION_NAME="" -DINLINE="static inline" -DINLINE_LEVEL=4 -DJIT_ARM64 -DSOFTFLOAT_BUILTIN_CLZ=1 -DSOFTFLOAT_FAST_DIV32TO16=1 -DSOFTFLOAT_FAST_DIV64TO32=1 -DSOFTFLOAT_FAST_INT64=1 -D_LARGEFILE64_SOURCE @CMakeFiles/FEXCore_object.dir/includes_CXX.rsp -DFEX_IOS_HOST -O3 -DNDEBUG -fomit-frame-pointer -std=gnu++20 -flto=thin -fvisibility=hidden -fvisibility-inlines-hidden -Wno-trigraphs -fdiagnostics-color=always -fcolor-diagnostics -Wno-deprecated-enum-enum-conversion -Wall -fno-strict-aliasing -fno-exceptions -mcpu=generic -Werror=cast-qual -Werror=ignored-qualifiers -Werror=implicit-fallthrough -ffunction-sections -fwrapv -MD -MT FEXCore/Source/CMakeFiles/FEXCore_object.dir/Interface/Core/X86Tables/SecondaryTables.cpp.obj -MF CMakeFiles/FEXCore_object.dir/Interface/Core/X86Tables/SecondaryTables.cpp.obj.d -o CMakeFiles/FEXCore_object.dir/Interface/Core/X86Tables/SecondaryTables.cpp.obj -c /Users/runner/work/GTASanAndreas3DS/GTASanAndreas3DS/FEX/FEXCore/Source/Interface/Core/X86Tables/SecondaryTables.cpp
[ 79%] Building CXX object FEXCore/Source/CMakeFiles/FEXCore_object.dir/Interface/Core/X86Tables/VEXTables.cpp.obj
cd /Users/runner/work/GTASanAndreas3DS/GTASanAndreas3DS/FEX/build-arm64ec/FEXCore/Source && /opt/homebrew/bin/ccache sloppiness=time_macros /Users/runner/work/GTASanAndreas3DS/GTASanAndreas3DS/toolchains/llvm-mingw-20260616-ucrt-macos-universal/bin/arm64ec-w64-mingw32-clang++ -DARCHITECTURE_arm64=1 -DARCHITECTURE_arm64ec=1 -DFEXCORE_HAS_PRESERVE_ALL_ATTR=0 -DFEXCORE_PRESERVE_ALL_ATTR="" -DFEX_HAS_PRESERVE_ALL_ATTR=0 -DFEX_PRESERVE_ALL_ATTR="" -DGLOBAL_DATA_DIRECTORY=\"/usr/local/share/fex-emu/\" -DHAS_PROGRAM_INVOCATION_NAME="" -DINLINE="static inline" -DINLINE_LEVEL=4 -DJIT_ARM64 -DSOFTFLOAT_BUILTIN_CLZ=1 -DSOFTFLOAT_FAST_DIV32TO16=1 -DSOFTFLOAT_FAST_DIV64TO32=1 -DSOFTFLOAT_FAST_INT64=1 -D_LARGEFILE64_SOURCE @CMakeFiles/FEXCore_object.dir/includes_CXX.rsp -DFEX_IOS_HOST -O3 -DNDEBUG -fomit-frame-pointer -std=gnu++20 -flto=thin -fvisibility=hidden -fvisibility-inlines-hidden -Wno-trigraphs -fdiagnostics-color=always -fcolor-diagnostics -Wno-deprecated-enum-enum-conversion -Wall -fno-strict-aliasing -fno-exceptions -mcpu=generic -Werror=cast-qual -Werror=ignored-qualifiers -Werror=implicit-fallthrough -ffunction-sections -fwrapv -MD -MT FEXCore/Source/CMakeFiles/FEXCore_object.dir/Interface/Core/X86Tables/VEXTables.cpp.obj -MF CMakeFiles/FEXCore_object.dir/Interface/Core/X86Tables/VEXTables.cpp.obj.d -o CMakeFiles/FEXCore_object.dir/Interface/Core/X86Tables/VEXTables.cpp.obj -c /Users/runner/work/GTASanAndreas3DS/GTASanAndreas3DS/FEX/FEXCore/Source/Interface/Core/X86Tables/VEXTables.cpp
[ 79%] Building CXX object FEXCore/Source/CMakeFiles/FEXCore_object.dir/Interface/Core/X86Tables/X87Tables.cpp.obj
cd /Users/runner/work/GTASanAndreas3DS/GTASanAndreas3DS/FEX/build-arm64ec/FEXCore/Source && /opt/homebrew/bin/ccache sloppiness=time_macros /Users/runner/work/GTASanAndreas3DS/GTASanAndreas3DS/toolchains/llvm-mingw-20260616-ucrt-macos-universal/bin/arm64ec-w64-mingw32-clang++ -DARCHITECTURE_arm64=1 -DARCHITECTURE_arm64ec=1 -DFEXCORE_HAS_PRESERVE_ALL_ATTR=0 -DFEXCORE_PRESERVE_ALL_ATTR="" -DFEX_HAS_PRESERVE_ALL_ATTR=0 -DFEX_PRESERVE_ALL_ATTR="" -DGLOBAL_DATA_DIRECTORY=\"/usr/local/share/fex-emu/\" -DHAS_PROGRAM_INVOCATION_NAME="" -DINLINE="static inline" -DINLINE_LEVEL=4 -DJIT_ARM64 -DSOFTFLOAT_BUILTIN_CLZ=1 -DSOFTFLOAT_FAST_DIV32TO16=1 -DSOFTFLOAT_FAST_DIV64TO32=1 -DSOFTFLOAT_FAST_INT64=1 -D_LARGEFILE64_SOURCE @CMakeFiles/FEXCore_object.dir/includes_CXX.rsp -DFEX_IOS_HOST -O3 -DNDEBUG -fomit-frame-pointer -std=gnu++20 -flto=thin -fvisibility=hidden -fvisibility-inlines-hidden -Wno-trigraphs -fdiagnostics-color=always -fcolor-diagnostics -Wno-deprecated-enum-enum-conversion -Wall -fno-strict-aliasing -fno-exceptions -mcpu=generic -Werror=cast-qual -Werror=ignored-qualifiers -Werror=implicit-fallthrough -ffunction-sections -fwrapv -MD -MT FEXCore/Source/CMakeFiles/FEXCore_object.dir/Interface/Core/X86Tables/X87Tables.cpp.obj -MF CMakeFiles/FEXCore_object.dir/Interface/Core/X86Tables/X87Tables.cpp.obj.d -o CMakeFiles/FEXCore_object.dir/Interface/Core/X86Tables/X87Tables.cpp.obj -c /Users/runner/work/GTASanAndreas3DS/GTASanAndreas3DS/FEX/FEXCore/Source/Interface/Core/X86Tables/X87Tables.cpp
[ 80%] Building CXX object FEXCore/Source/CMakeFiles/FEXCore_object.dir/Interface/GDBJIT/GDBJIT.cpp.obj
cd /Users/runner/work/GTASanAndreas3DS/GTASanAndreas3DS/FEX/build-arm64ec/FEXCore/Source && /opt/homebrew/bin/ccache sloppiness=time_macros /Users/runner/work/GTASanAndreas3DS/GTASanAndreas3DS/toolchains/llvm-mingw-20260616-ucrt-macos-universal/bin/arm64ec-w64-mingw32-clang++ -DARCHITECTURE_arm64=1 -DARCHITECTURE_arm64ec=1 -DFEXCORE_HAS_PRESERVE_ALL_ATTR=0 -DFEXCORE_PRESERVE_ALL_ATTR="" -DFEX_HAS_PRESERVE_ALL_ATTR=0 -DFEX_PRESERVE_ALL_ATTR="" -DGLOBAL_DATA_DIRECTORY=\"/usr/local/share/fex-emu/\" -DHAS_PROGRAM_INVOCATION_NAME="" -DINLINE="static inline" -DINLINE_LEVEL=4 -DJIT_ARM64 -DSOFTFLOAT_BUILTIN_CLZ=1 -DSOFTFLOAT_FAST_DIV32TO16=1 -DSOFTFLOAT_FAST_DIV64TO32=1 -DSOFTFLOAT_FAST_INT64=1 -D_LARGEFILE64_SOURCE @CMakeFiles/FEXCore_object.dir/includes_CXX.rsp -DFEX_IOS_HOST -O3 -DNDEBUG -fomit-frame-pointer -std=gnu++20 -flto=thin -fvisibility=hidden -fvisibility-inlines-hidden -Wno-trigraphs -fdiagnostics-color=always -fcolor-diagnostics -Wno-deprecated-enum-enum-conversion -Wall -fno-strict-aliasing -fno-exceptions -mcpu=generic -Werror=cast-qual -Werror=ignored-qualifiers -Werror=implicit-fallthrough -ffunction-sections -fwrapv -MD -MT FEXCore/Source/CMakeFiles/FEXCore_object.dir/Interface/GDBJIT/GDBJIT.cpp.obj -MF CMakeFiles/FEXCore_object.dir/Interface/GDBJIT/GDBJIT.cpp.obj.d -o CMakeFiles/FEXCore_object.dir/Interface/GDBJIT/GDBJIT.cpp.obj -c /Users/runner/work/GTASanAndreas3DS/GTASanAndreas3DS/FEX/FEXCore/Source/Interface/GDBJIT/GDBJIT.cpp
[ 80%] Building CXX object FEXCore/Source/CMakeFiles/FEXCore_object.dir/Interface/IR/IRDumper.cpp.obj
cd /Users/runner/work/GTASanAndreas3DS/GTASanAndreas3DS/FEX/build-arm64ec/FEXCore/Source && /opt/homebrew/bin/ccache sloppiness=time_macros /Users/runner/work/GTASanAndreas3DS/GTASanAndreas3DS/toolchains/llvm-mingw-20260616-ucrt-macos-universal/bin/arm64ec-w64-mingw32-clang++ -DARCHITECTURE_arm64=1 -DARCHITECTURE_arm64ec=1 -DFEXCORE_HAS_PRESERVE_ALL_ATTR=0 -DFEXCORE_PRESERVE_ALL_ATTR="" -DFEX_HAS_PRESERVE_ALL_ATTR=0 -DFEX_PRESERVE_ALL_ATTR="" -DGLOBAL_DATA_DIRECTORY=\"/usr/local/share/fex-emu/\" -DHAS_PROGRAM_INVOCATION_NAME="" -DINLINE="static inline" -DINLINE_LEVEL=4 -DJIT_ARM64 -DSOFTFLOAT_BUILTIN_CLZ=1 -DSOFTFLOAT_FAST_DIV32TO16=1 -DSOFTFLOAT_FAST_DIV64TO32=1 -DSOFTFLOAT_FAST_INT64=1 -D_LARGEFILE64_SOURCE @CMakeFiles/FEXCore_object.dir/includes_CXX.rsp -DFEX_IOS_HOST -O3 -DNDEBUG -fomit-frame-pointer -std=gnu++20 -flto=thin -fvisibility=hidden -fvisibility-inlines-hidden -Wno-trigraphs -fdiagnostics-color=always -fcolor-diagnostics -Wno-deprecated-enum-enum-conversion -Wall -fno-strict-aliasing -fno-exceptions -mcpu=generic -Werror=cast-qual -Werror=ignored-qualifiers -Werror=implicit-fallthrough -ffunction-sections -fwrapv -MD -MT FEXCore/Source/CMakeFiles/FEXCore_object.dir/Interface/IR/IRDumper.cpp.obj -MF CMakeFiles/FEXCore_object.dir/Interface/IR/IRDumper.cpp.obj.d -o CMakeFiles/FEXCore_object.dir/Interface/IR/IRDumper.cpp.obj -c /Users/runner/work/GTASanAndreas3DS/GTASanAndreas3DS/FEX/FEXCore/Source/Interface/IR/IRDumper.cpp
[ 81%] Building CXX object FEXCore/Source/CMakeFiles/FEXCore_object.dir/Interface/IR/IREmitter.cpp.obj
cd /Users/runner/work/GTASanAndreas3DS/GTASanAndreas3DS/FEX/build-arm64ec/FEXCore/Source && /opt/homebrew/bin/ccache sloppiness=time_macros /Users/runner/work/GTASanAndreas3DS/GTASanAndreas3DS/toolchains/llvm-mingw-20260616-ucrt-macos-universal/bin/arm64ec-w64-mingw32-clang++ -DARCHITECTURE_arm64=1 -DARCHITECTURE_arm64ec=1 -DFEXCORE_HAS_PRESERVE_ALL_ATTR=0 -DFEXCORE_PRESERVE_ALL_ATTR="" -DFEX_HAS_PRESERVE_ALL_ATTR=0 -DFEX_PRESERVE_ALL_ATTR="" -DGLOBAL_DATA_DIRECTORY=\"/usr/local/share/fex-emu/\" -DHAS_PROGRAM_INVOCATION_NAME="" -DINLINE="static inline" -DINLINE_LEVEL=4 -DJIT_ARM64 -DSOFTFLOAT_BUILTIN_CLZ=1 -DSOFTFLOAT_FAST_DIV32TO16=1 -DSOFTFLOAT_FAST_DIV64TO32=1 -DSOFTFLOAT_FAST_INT64=1 -D_LARGEFILE64_SOURCE @CMakeFiles/FEXCore_object.dir/includes_CXX.rsp -DFEX_IOS_HOST -O3 -DNDEBUG -fomit-frame-pointer -std=gnu++20 -flto=thin -fvisibility=hidden -fvisibility-inlines-hidden -Wno-trigraphs -fdiagnostics-color=always -fcolor-diagnostics -Wno-deprecated-enum-enum-conversion -Wall -fno-strict-aliasing -fno-exceptions -mcpu=generic -Werror=cast-qual -Werror=ignored-qualifiers -Werror=implicit-fallthrough -ffunction-sections -fwrapv -MD -MT FEXCore/Source/CMakeFiles/FEXCore_object.dir/Interface/IR/IREmitter.cpp.obj -MF CMakeFiles/FEXCore_object.dir/Interface/IR/IREmitter.cpp.obj.d -o CMakeFiles/FEXCore_object.dir/Interface/IR/IREmitter.cpp.obj -c /Users/runner/work/GTASanAndreas3DS/GTASanAndreas3DS/FEX/FEXCore/Source/Interface/IR/IREmitter.cpp
[ 81%] Building CXX object FEXCore/Source/CMakeFiles/FEXCore_object.dir/Interface/IR/PassManager.cpp.obj
cd /Users/runner/work/GTASanAndreas3DS/GTASanAndreas3DS/FEX/build-arm64ec/FEXCore/Source && /opt/homebrew/bin/ccache sloppiness=time_macros /Users/runner/work/GTASanAndreas3DS/GTASanAndreas3DS/toolchains/llvm-mingw-20260616-ucrt-macos-universal/bin/arm64ec-w64-mingw32-clang++ -DARCHITECTURE_arm64=1 -DARCHITECTURE_arm64ec=1 -DFEXCORE_HAS_PRESERVE_ALL_ATTR=0 -DFEXCORE_PRESERVE_ALL_ATTR="" -DFEX_HAS_PRESERVE_ALL_ATTR=0 -DFEX_PRESERVE_ALL_ATTR="" -DGLOBAL_DATA_DIRECTORY=\"/usr/local/share/fex-emu/\" -DHAS_PROGRAM_INVOCATION_NAME="" -DINLINE="static inline" -DINLINE_LEVEL=4 -DJIT_ARM64 -DSOFTFLOAT_BUILTIN_CLZ=1 -DSOFTFLOAT_FAST_DIV32TO16=1 -DSOFTFLOAT_FAST_DIV64TO32=1 -DSOFTFLOAT_FAST_INT64=1 -D_LARGEFILE64_SOURCE @CMakeFiles/FEXCore_object.dir/includes_CXX.rsp -DFEX_IOS_HOST -O3 -DNDEBUG -fomit-frame-pointer -std=gnu++20 -flto=thin -fvisibility=hidden -fvisibility-inlines-hidden -Wno-trigraphs -fdiagnostics-color=always -fcolor-diagnostics -Wno-deprecated-enum-enum-conversion -Wall -fno-strict-aliasing -fno-exceptions -mcpu=generic -Werror=cast-qual -Werror=ignored-qualifiers -Werror=implicit-fallthrough -ffunction-sections -fwrapv -MD -MT FEXCore/Source/CMakeFiles/FEXCore_object.dir/Interface/IR/PassManager.cpp.obj -MF CMakeFiles/FEXCore_object.dir/Interface/IR/PassManager.cpp.obj.d -o CMakeFiles/FEXCore_object.dir/Interface/IR/PassManager.cpp.obj -c /Users/runner/work/GTASanAndreas3DS/GTASanAndreas3DS/FEX/FEXCore/Source/Interface/IR/PassManager.cpp
[ 82%] Building CXX object FEXCore/Source/CMakeFiles/FEXCore_object.dir/Interface/IR/Passes/IRDumperPass.cpp.obj
cd /Users/runner/work/GTASanAndreas3DS/GTASanAndreas3DS/FEX/build-arm64ec/FEXCore/Source && /opt/homebrew/bin/ccache sloppiness=time_macros /Users/runner/work/GTASanAndreas3DS/GTASanAndreas3DS/toolchains/llvm-mingw-20260616-ucrt-macos-universal/bin/arm64ec-w64-mingw32-clang++ -DARCHITECTURE_arm64=1 -DARCHITECTURE_arm64ec=1 -DFEXCORE_HAS_PRESERVE_ALL_ATTR=0 -DFEXCORE_PRESERVE_ALL_ATTR="" -DFEX_HAS_PRESERVE_ALL_ATTR=0 -DFEX_PRESERVE_ALL_ATTR="" -DGLOBAL_DATA_DIRECTORY=\"/usr/local/share/fex-emu/\" -DHAS_PROGRAM_INVOCATION_NAME="" -DINLINE="static inline" -DINLINE_LEVEL=4 -DJIT_ARM64 -DSOFTFLOAT_BUILTIN_CLZ=1 -DSOFTFLOAT_FAST_DIV32TO16=1 -DSOFTFLOAT_FAST_DIV64TO32=1 -DSOFTFLOAT_FAST_INT64=1 -D_LARGEFILE64_SOURCE @CMakeFiles/FEXCore_object.dir/includes_CXX.rsp -DFEX_IOS_HOST -O3 -DNDEBUG -fomit-frame-pointer -std=gnu++20 -flto=thin -fvisibility=hidden -fvisibility-inlines-hidden -Wno-trigraphs -fdiagnostics-color=always -fcolor-diagnostics -Wno-deprecated-enum-enum-conversion -Wall -fno-strict-aliasing -fno-exceptions -mcpu=generic -Werror=cast-qual -Werror=ignored-qualifiers -Werror=implicit-fallthrough -ffunction-sections -fwrapv -MD -MT FEXCore/Source/CMakeFiles/FEXCore_object.dir/Interface/IR/Passes/IRDumperPass.cpp.obj -MF CMakeFiles/FEXCore_object.dir/Interface/IR/Passes/IRDumperPass.cpp.obj.d -o CMakeFiles/FEXCore_object.dir/Interface/IR/Passes/IRDumperPass.cpp.obj -c /Users/runner/work/GTASanAndreas3DS/GTASanAndreas3DS/FEX/FEXCore/Source/Interface/IR/Passes/IRDumperPass.cpp
[ 82%] Building CXX object FEXCore/Source/CMakeFiles/FEXCore_object.dir/Interface/IR/Passes/IRValidation.cpp.obj
cd /Users/runner/work/GTASanAndreas3DS/GTASanAndreas3DS/FEX/build-arm64ec/FEXCore/Source && /opt/homebrew/bin/ccache sloppiness=time_macros /Users/runner/work/GTASanAndreas3DS/GTASanAndreas3DS/toolchains/llvm-mingw-20260616-ucrt-macos-universal/bin/arm64ec-w64-mingw32-clang++ -DARCHITECTURE_arm64=1 -DARCHITECTURE_arm64ec=1 -DFEXCORE_HAS_PRESERVE_ALL_ATTR=0 -DFEXCORE_PRESERVE_ALL_ATTR="" -DFEX_HAS_PRESERVE_ALL_ATTR=0 -DFEX_PRESERVE_ALL_ATTR="" -DGLOBAL_DATA_DIRECTORY=\"/usr/local/share/fex-emu/\" -DHAS_PROGRAM_INVOCATION_NAME="" -DINLINE="static inline" -DINLINE_LEVEL=4 -DJIT_ARM64 -DSOFTFLOAT_BUILTIN_CLZ=1 -DSOFTFLOAT_FAST_DIV32TO16=1 -DSOFTFLOAT_FAST_DIV64TO32=1 -DSOFTFLOAT_FAST_INT64=1 -D_LARGEFILE64_SOURCE @CMakeFiles/FEXCore_object.dir/includes_CXX.rsp -DFEX_IOS_HOST -O3 -DNDEBUG -fomit-frame-pointer -std=gnu++20 -flto=thin -fvisibility=hidden -fvisibility-inlines-hidden -Wno-trigraphs -fdiagnostics-color=always -fcolor-diagnostics -Wno-deprecated-enum-enum-conversion -Wall -fno-strict-aliasing -fno-exceptions -mcpu=generic -Werror=cast-qual -Werror=ignored-qualifiers -Werror=implicit-fallthrough -ffunction-sections -fwrapv -MD -MT FEXCore/Source/CMakeFiles/FEXCore_object.dir/Interface/IR/Passes/IRValidation.cpp.obj -MF CMakeFiles/FEXCore_object.dir/Interface/IR/Passes/IRValidation.cpp.obj.d -o CMakeFiles/FEXCore_object.dir/Interface/IR/Passes/IRValidation.cpp.obj -c /Users/runner/work/GTASanAndreas3DS/GTASanAndreas3DS/FEX/FEXCore/Source/Interface/IR/Passes/IRValidation.cpp
[ 83%] Building CXX object FEXCore/Source/CMakeFiles/FEXCore_object.dir/Interface/IR/Passes/RedundantFlagCalculationElimination.cpp.obj
cd /Users/runner/work/GTASanAndreas3DS/GTASanAndreas3DS/FEX/build-arm64ec/FEXCore/Source && /opt/homebrew/bin/ccache sloppiness=time_macros /Users/runner/work/GTASanAndreas3DS/GTASanAndreas3DS/toolchains/llvm-mingw-20260616-ucrt-macos-universal/bin/arm64ec-w64-mingw32-clang++ -DARCHITECTURE_arm64=1 -DARCHITECTURE_arm64ec=1 -DFEXCORE_HAS_PRESERVE_ALL_ATTR=0 -DFEXCORE_PRESERVE_ALL_ATTR="" -DFEX_HAS_PRESERVE_ALL_ATTR=0 -DFEX_PRESERVE_ALL_ATTR="" -DGLOBAL_DATA_DIRECTORY=\"/usr/local/share/fex-emu/\" -DHAS_PROGRAM_INVOCATION_NAME="" -DINLINE="static inline" -DINLINE_LEVEL=4 -DJIT_ARM64 -DSOFTFLOAT_BUILTIN_CLZ=1 -DSOFTFLOAT_FAST_DIV32TO16=1 -DSOFTFLOAT_FAST_DIV64TO32=1 -DSOFTFLOAT_FAST_INT64=1 -D_LARGEFILE64_SOURCE @CMakeFiles/FEXCore_object.dir/includes_CXX.rsp -DFEX_IOS_HOST -O3 -DNDEBUG -fomit-frame-pointer -std=gnu++20 -flto=thin -fvisibility=hidden -fvisibility-inlines-hidden -Wno-trigraphs -fdiagnostics-color=always -fcolor-diagnostics -Wno-deprecated-enum-enum-conversion -Wall -fno-strict-aliasing -fno-exceptions -mcpu=generic -Werror=cast-qual -Werror=ignored-qualifiers -Werror=implicit-fallthrough -ffunction-sections -fwrapv -MD -MT FEXCore/Source/CMakeFiles/FEXCore_object.dir/Interface/IR/Passes/RedundantFlagCalculationElimination.cpp.obj -MF CMakeFiles/FEXCore_object.dir/Interface/IR/Passes/RedundantFlagCalculationElimination.cpp.obj.d -o CMakeFiles/FEXCore_object.dir/Interface/IR/Passes/RedundantFlagCalculationElimination.cpp.obj -c /Users/runner/work/GTASanAndreas3DS/GTASanAndreas3DS/FEX/FEXCore/Source/Interface/IR/Passes/RedundantFlagCalculationElimination.cpp
[ 83%] Building CXX object FEXCore/Source/CMakeFiles/FEXCore_object.dir/Interface/IR/Passes/RegisterAllocationPass.cpp.obj
cd /Users/runner/work/GTASanAndreas3DS/GTASanAndreas3DS/FEX/build-arm64ec/FEXCore/Source && /opt/homebrew/bin/ccache sloppiness=time_macros /Users/runner/work/GTASanAndreas3DS/GTASanAndreas3DS/toolchains/llvm-mingw-20260616-ucrt-macos-universal/bin/arm64ec-w64-mingw32-clang++ -DARCHITECTURE_arm64=1 -DARCHITECTURE_arm64ec=1 -DFEXCORE_HAS_PRESERVE_ALL_ATTR=0 -DFEXCORE_PRESERVE_ALL_ATTR="" -DFEX_HAS_PRESERVE_ALL_ATTR=0 -DFEX_PRESERVE_ALL_ATTR="" -DGLOBAL_DATA_DIRECTORY=\"/usr/local/share/fex-emu/\" -DHAS_PROGRAM_INVOCATION_NAME="" -DINLINE="static inline" -DINLINE_LEVEL=4 -DJIT_ARM64 -DSOFTFLOAT_BUILTIN_CLZ=1 -DSOFTFLOAT_FAST_DIV32TO16=1 -DSOFTFLOAT_FAST_DIV64TO32=1 -DSOFTFLOAT_FAST_INT64=1 -D_LARGEFILE64_SOURCE @CMakeFiles/FEXCore_object.dir/includes_CXX.rsp -DFEX_IOS_HOST -O3 -DNDEBUG -fomit-frame-pointer -std=gnu++20 -flto=thin -fvisibility=hidden -fvisibility-inlines-hidden -Wno-trigraphs -fdiagnostics-color=always -fcolor-diagnostics -Wno-deprecated-enum-enum-conversion -Wall -fno-strict-aliasing -fno-exceptions -mcpu=generic -Werror=cast-qual -Werror=ignored-qualifiers -Werror=implicit-fallthrough -ffunction-sections -fwrapv -MD -MT FEXCore/Source/CMakeFiles/FEXCore_object.dir/Interface/IR/Passes/RegisterAllocationPass.cpp.obj -MF CMakeFiles/FEXCore_object.dir/Interface/IR/Passes/RegisterAllocationPass.cpp.obj.d -o CMakeFiles/FEXCore_object.dir/Interface/IR/Passes/RegisterAllocationPass.cpp.obj -c /Users/runner/work/GTASanAndreas3DS/GTASanAndreas3DS/FEX/FEXCore/Source/Interface/IR/Passes/RegisterAllocationPass.cpp
[ 84%] Building CXX object FEXCore/Source/CMakeFiles/FEXCore_object.dir/Interface/IR/Passes/x87StackOptimizationPass.cpp.obj
cd /Users/runner/work/GTASanAndreas3DS/GTASanAndreas3DS/FEX/build-arm64ec/FEXCore/Source && /opt/homebrew/bin/ccache sloppiness=time_macros /Users/runner/work/GTASanAndreas3DS/GTASanAndreas3DS/toolchains/llvm-mingw-20260616-ucrt-macos-universal/bin/arm64ec-w64-mingw32-clang++ -DARCHITECTURE_arm64=1 -DARCHITECTURE_arm64ec=1 -DFEXCORE_HAS_PRESERVE_ALL_ATTR=0 -DFEXCORE_PRESERVE_ALL_ATTR="" -DFEX_HAS_PRESERVE_ALL_ATTR=0 -DFEX_PRESERVE_ALL_ATTR="" -DGLOBAL_DATA_DIRECTORY=\"/usr/local/share/fex-emu/\" -DHAS_PROGRAM_INVOCATION_NAME="" -DINLINE="static inline" -DINLINE_LEVEL=4 -DJIT_ARM64 -DSOFTFLOAT_BUILTIN_CLZ=1 -DSOFTFLOAT_FAST_DIV32TO16=1 -DSOFTFLOAT_FAST_DIV64TO32=1 -DSOFTFLOAT_FAST_INT64=1 -D_LARGEFILE64_SOURCE @CMakeFiles/FEXCore_object.dir/includes_CXX.rsp -DFEX_IOS_HOST -O3 -DNDEBUG -fomit-frame-pointer -std=gnu++20 -flto=thin -fvisibility=hidden -fvisibility-inlines-hidden -Wno-trigraphs -fdiagnostics-color=always -fcolor-diagnostics -Wno-deprecated-enum-enum-conversion -Wall -fno-strict-aliasing -fno-exceptions -mcpu=generic -Werror=cast-qual -Werror=ignored-qualifiers -Werror=implicit-fallthrough -ffunction-sections -fwrapv -MD -MT FEXCore/Source/CMakeFiles/FEXCore_object.dir/Interface/IR/Passes/x87StackOptimizationPass.cpp.obj -MF CMakeFiles/FEXCore_object.dir/Interface/IR/Passes/x87StackOptimizationPass.cpp.obj.d -o CMakeFiles/FEXCore_object.dir/Interface/IR/Passes/x87StackOptimizationPass.cpp.obj -c /Users/runner/work/GTASanAndreas3DS/GTASanAndreas3DS/FEX/FEXCore/Source/Interface/IR/Passes/x87StackOptimizationPass.cpp
[ 84%] Building CXX object FEXCore/Source/CMakeFiles/FEXCore_object.dir/Utils/AllocWatch.cpp.obj
cd /Users/runner/work/GTASanAndreas3DS/GTASanAndreas3DS/FEX/build-arm64ec/FEXCore/Source && /opt/homebrew/bin/ccache sloppiness=time_macros /Users/runner/work/GTASanAndreas3DS/GTASanAndreas3DS/toolchains/llvm-mingw-20260616-ucrt-macos-universal/bin/arm64ec-w64-mingw32-clang++ -DARCHITECTURE_arm64=1 -DARCHITECTURE_arm64ec=1 -DFEXCORE_HAS_PRESERVE_ALL_ATTR=0 -DFEXCORE_PRESERVE_ALL_ATTR="" -DFEX_HAS_PRESERVE_ALL_ATTR=0 -DFEX_PRESERVE_ALL_ATTR="" -DGLOBAL_DATA_DIRECTORY=\"/usr/local/share/fex-emu/\" -DHAS_PROGRAM_INVOCATION_NAME="" -DINLINE="static inline" -DINLINE_LEVEL=4 -DJIT_ARM64 -DSOFTFLOAT_BUILTIN_CLZ=1 -DSOFTFLOAT_FAST_DIV32TO16=1 -DSOFTFLOAT_FAST_DIV64TO32=1 -DSOFTFLOAT_FAST_INT64=1 -D_LARGEFILE64_SOURCE @CMakeFiles/FEXCore_object.dir/includes_CXX.rsp -DFEX_IOS_HOST -O3 -DNDEBUG -fomit-frame-pointer -std=gnu++20 -flto=thin -fvisibility=hidden -fvisibility-inlines-hidden -Wno-trigraphs -fdiagnostics-color=always -fcolor-diagnostics -Wno-deprecated-enum-enum-conversion -Wall -fno-strict-aliasing -fno-exceptions -mcpu=generic -Werror=cast-qual -Werror=ignored-qualifiers -Werror=implicit-fallthrough -ffunction-sections -fwrapv -MD -MT FEXCore/Source/CMakeFiles/FEXCore_object.dir/Utils/AllocWatch.cpp.obj -MF CMakeFiles/FEXCore_object.dir/Utils/AllocWatch.cpp.obj.d -o CMakeFiles/FEXCore_object.dir/Utils/AllocWatch.cpp.obj -c /Users/runner/work/GTASanAndreas3DS/GTASanAndreas3DS/FEX/FEXCore/Source/Utils/AllocWatch.cpp
[1m/Users/runner/work/GTASanAndreas3DS/GTASanAndreas3DS/FEX/FEXCore/Source/Utils/AllocWatch.cpp:86:15: [0m[0;1;35mwarning: [0m[1munused function 'EventName' [-Wunused-function][0m
   86 |   [0;34mconst[0m [0;34mchar[0m* EventName(uint32_t Event) {[0m
      | [0;1;32m              ^~~~~~~~~
[0m1 warning generated.
[ 85%] Building CXX object FEXCore/Source/CMakeFiles/FEXCore_object.dir/Utils/LongJump.cpp.obj
cd /Users/runner/work/GTASanAndreas3DS/GTASanAndreas3DS/FEX/build-arm64ec/FEXCore/Source && /opt/homebrew/bin/ccache sloppiness=time_macros /Users/runner/work/GTASanAndreas3DS/GTASanAndreas3DS/toolchains/llvm-mingw-20260616-ucrt-macos-universal/bin/arm64ec-w64-mingw32-clang++ -DARCHITECTURE_arm64=1 -DARCHITECTURE_arm64ec=1 -DFEXCORE_HAS_PRESERVE_ALL_ATTR=0 -DFEXCORE_PRESERVE_ALL_ATTR="" -DFEX_HAS_PRESERVE_ALL_ATTR=0 -DFEX_PRESERVE_ALL_ATTR="" -DGLOBAL_DATA_DIRECTORY=\"/usr/local/share/fex-emu/\" -DHAS_PROGRAM_INVOCATION_NAME="" -DINLINE="static inline" -DINLINE_LEVEL=4 -DJIT_ARM64 -DSOFTFLOAT_BUILTIN_CLZ=1 -DSOFTFLOAT_FAST_DIV32TO16=1 -DSOFTFLOAT_FAST_DIV64TO32=1 -DSOFTFLOAT_FAST_INT64=1 -D_LARGEFILE64_SOURCE @CMakeFiles/FEXCore_object.dir/includes_CXX.rsp -DFEX_IOS_HOST -O3 -DNDEBUG -fomit-frame-pointer -std=gnu++20 -flto=thin -fvisibility=hidden -fvisibility-inlines-hidden -Wno-trigraphs -fdiagnostics-color=always -fcolor-diagnostics -Wno-deprecated-enum-enum-conversion -Wall -fno-strict-aliasing -fno-exceptions -mcpu=generic -Werror=cast-qual -Werror=ignored-qualifiers -Werror=implicit-fallthrough -ffunction-sections -fwrapv -MD -MT FEXCore/Source/CMakeFiles/FEXCore_object.dir/Utils/LongJump.cpp.obj -MF CMakeFiles/FEXCore_object.dir/Utils/LongJump.cpp.obj.d -o CMakeFiles/FEXCore_object.dir/Utils/LongJump.cpp.obj -c /Users/runner/work/GTASanAndreas3DS/GTASanAndreas3DS/FEX/FEXCore/Source/Utils/LongJump.cpp
[ 85%] Building CXX object FEXCore/Source/CMakeFiles/FEXCore_object.dir/Utils/Telemetry.cpp.obj
cd /Users/runner/work/GTASanAndreas3DS/GTASanAndreas3DS/FEX/build-arm64ec/FEXCore/Source && /opt/homebrew/bin/ccache sloppiness=time_macros /Users/runner/work/GTASanAndreas3DS/GTASanAndreas3DS/toolchains/llvm-mingw-20260616-ucrt-macos-universal/bin/arm64ec-w64-mingw32-clang++ -DARCHITECTURE_arm64=1 -DARCHITECTURE_arm64ec=1 -DFEXCORE_HAS_PRESERVE_ALL_ATTR=0 -DFEXCORE_PRESERVE_ALL_ATTR="" -DFEX_HAS_PRESERVE_ALL_ATTR=0 -DFEX_PRESERVE_ALL_ATTR="" -DGLOBAL_DATA_DIRECTORY=\"/usr/local/share/fex-emu/\" -DHAS_PROGRAM_INVOCATION_NAME="" -DINLINE="static inline" -DINLINE_LEVEL=4 -DJIT_ARM64 -DSOFTFLOAT_BUILTIN_CLZ=1 -DSOFTFLOAT_FAST_DIV32TO16=1 -DSOFTFLOAT_FAST_DIV64TO32=1 -DSOFTFLOAT_FAST_INT64=1 -D_LARGEFILE64_SOURCE @CMakeFiles/FEXCore_object.dir/includes_CXX.rsp -DFEX_IOS_HOST -O3 -DNDEBUG -fomit-frame-pointer -std=gnu++20 -flto=thin -fvisibility=hidden -fvisibility-inlines-hidden -Wno-trigraphs -fdiagnostics-color=always -fcolor-diagnostics -Wno-deprecated-enum-enum-conversion -Wall -fno-strict-aliasing -fno-exceptions -mcpu=generic -Werror=cast-qual -Werror=ignored-qualifiers -Werror=implicit-fallthrough -ffunction-sections -fwrapv -MD -MT FEXCore/Source/CMakeFiles/FEXCore_object.dir/Utils/Telemetry.cpp.obj -MF CMakeFiles/FEXCore_object.dir/Utils/Telemetry.cpp.obj.d -o CMakeFiles/FEXCore_object.dir/Utils/Telemetry.cpp.obj -c /Users/runner/work/GTASanAndreas3DS/GTASanAndreas3DS/FEX/FEXCore/Source/Utils/Telemetry.cpp
[ 86%] Building CXX object FEXCore/Source/CMakeFiles/FEXCore_object.dir/Utils/Threads.cpp.obj
cd /Users/runner/work/GTASanAndreas3DS/GTASanAndreas3DS/FEX/build-arm64ec/FEXCore/Source && /opt/homebrew/bin/ccache sloppiness=time_macros /Users/runner/work/GTASanAndreas3DS/GTASanAndreas3DS/toolchains/llvm-mingw-20260616-ucrt-macos-universal/bin/arm64ec-w64-mingw32-clang++ -DARCHITECTURE_arm64=1 -DARCHITECTURE_arm64ec=1 -DFEXCORE_HAS_PRESERVE_ALL_ATTR=0 -DFEXCORE_PRESERVE_ALL_ATTR="" -DFEX_HAS_PRESERVE_ALL_ATTR=0 -DFEX_PRESERVE_ALL_ATTR="" -DGLOBAL_DATA_DIRECTORY=\"/usr/local/share/fex-emu/\" -DHAS_PROGRAM_INVOCATION_NAME="" -DINLINE="static inline" -DINLINE_LEVEL=4 -DJIT_ARM64 -DSOFTFLOAT_BUILTIN_CLZ=1 -DSOFTFLOAT_FAST_DIV32TO16=1 -DSOFTFLOAT_FAST_DIV64TO32=1 -DSOFTFLOAT_FAST_INT64=1 -D_LARGEFILE64_SOURCE @CMakeFiles/FEXCore_object.dir/includes_CXX.rsp -DFEX_IOS_HOST -O3 -DNDEBUG -fomit-frame-pointer -std=gnu++20 -flto=thin -fvisibility=hidden -fvisibility-inlines-hidden -Wno-trigraphs -fdiagnostics-color=always -fcolor-diagnostics -Wno-deprecated-enum-enum-conversion -Wall -fno-strict-aliasing -fno-exceptions -mcpu=generic -Werror=cast-qual -Werror=ignored-qualifiers -Werror=implicit-fallthrough -ffunction-sections -fwrapv -MD -MT FEXCore/Source/CMakeFiles/FEXCore_object.dir/Utils/Threads.cpp.obj -MF CMakeFiles/FEXCore_object.dir/Utils/Threads.cpp.obj.d -o CMakeFiles/FEXCore_object.dir/Utils/Threads.cpp.obj -c /Users/runner/work/GTASanAndreas3DS/GTASanAndreas3DS/FEX/FEXCore/Source/Utils/Threads.cpp
[ 86%] Building CXX object FEXCore/Source/CMakeFiles/FEXCore_object.dir/Utils/Profiler.cpp.obj
cd /Users/runner/work/GTASanAndreas3DS/GTASanAndreas3DS/FEX/build-arm64ec/FEXCore/Source && /opt/homebrew/bin/ccache sloppiness=time_macros /Users/runner/work/GTASanAndreas3DS/GTASanAndreas3DS/toolchains/llvm-mingw-20260616-ucrt-macos-universal/bin/arm64ec-w64-mingw32-clang++ -DARCHITECTURE_arm64=1 -DARCHITECTURE_arm64ec=1 -DFEXCORE_HAS_PRESERVE_ALL_ATTR=0 -DFEXCORE_PRESERVE_ALL_ATTR="" -DFEX_HAS_PRESERVE_ALL_ATTR=0 -DFEX_PRESERVE_ALL_ATTR="" -DGLOBAL_DATA_DIRECTORY=\"/usr/local/share/fex-emu/\" -DHAS_PROGRAM_INVOCATION_NAME="" -DINLINE="static inline" -DINLINE_LEVEL=4 -DJIT_ARM64 -DSOFTFLOAT_BUILTIN_CLZ=1 -DSOFTFLOAT_FAST_DIV32TO16=1 -DSOFTFLOAT_FAST_DIV64TO32=1 -DSOFTFLOAT_FAST_INT64=1 -D_LARGEFILE64_SOURCE @CMakeFiles/FEXCore_object.dir/includes_CXX.rsp -DFEX_IOS_HOST -O3 -DNDEBUG -fomit-frame-pointer -std=gnu++20 -flto=thin -fvisibility=hidden -fvisibility-inlines-hidden -Wno-trigraphs -fdiagnostics-color=always -fcolor-diagnostics -Wno-deprecated-enum-enum-conversion -Wall -fno-strict-aliasing -fno-exceptions -mcpu=generic -Werror=cast-qual -Werror=ignored-qualifiers -Werror=implicit-fallthrough -ffunction-sections -fwrapv -MD -MT FEXCore/Source/CMakeFiles/FEXCore_object.dir/Utils/Profiler.cpp.obj -MF CMakeFiles/FEXCore_object.dir/Utils/Profiler.cpp.obj.d -o CMakeFiles/FEXCore_object.dir/Utils/Profiler.cpp.obj -c /Users/runner/work/GTASanAndreas3DS/GTASanAndreas3DS/FEX/FEXCore/Source/Utils/Profiler.cpp
[ 87%] Building CXX object FEXCore/Source/CMakeFiles/FEXCore_object.dir/Utils/ArchHelpers/Arm64.cpp.obj
cd /Users/runner/work/GTASanAndreas3DS/GTASanAndreas3DS/FEX/build-arm64ec/FEXCore/Source && /opt/homebrew/bin/ccache sloppiness=time_macros /Users/runner/work/GTASanAndreas3DS/GTASanAndreas3DS/toolchains/llvm-mingw-20260616-ucrt-macos-universal/bin/arm64ec-w64-mingw32-clang++ -DARCHITECTURE_arm64=1 -DARCHITECTURE_arm64ec=1 -DFEXCORE_HAS_PRESERVE_ALL_ATTR=0 -DFEXCORE_PRESERVE_ALL_ATTR="" -DFEX_HAS_PRESERVE_ALL_ATTR=0 -DFEX_PRESERVE_ALL_ATTR="" -DGLOBAL_DATA_DIRECTORY=\"/usr/local/share/fex-emu/\" -DHAS_PROGRAM_INVOCATION_NAME="" -DINLINE="static inline" -DINLINE_LEVEL=4 -DJIT_ARM64 -DSOFTFLOAT_BUILTIN_CLZ=1 -DSOFTFLOAT_FAST_DIV32TO16=1 -DSOFTFLOAT_FAST_DIV64TO32=1 -DSOFTFLOAT_FAST_INT64=1 -D_LARGEFILE64_SOURCE @CMakeFiles/FEXCore_object.dir/includes_CXX.rsp -DFEX_IOS_HOST -O3 -DNDEBUG -fomit-frame-pointer -std=gnu++20 -flto=thin -fvisibility=hidden -fvisibility-inlines-hidden -Wno-trigraphs -fdiagnostics-color=always -fcolor-diagnostics -Wno-deprecated-enum-enum-conversion -Wall -fno-strict-aliasing -fno-exceptions -mcpu=generic -Werror=cast-qual -Werror=ignored-qualifiers -Werror=implicit-fallthrough -ffunction-sections -fwrapv -MD -MT FEXCore/Source/CMakeFiles/FEXCore_object.dir/Utils/ArchHelpers/Arm64.cpp.obj -MF CMakeFiles/FEXCore_object.dir/Utils/ArchHelpers/Arm64.cpp.obj.d -o CMakeFiles/FEXCore_object.dir/Utils/ArchHelpers/Arm64.cpp.obj -c /Users/runner/work/GTASanAndreas3DS/GTASanAndreas3DS/FEX/FEXCore/Source/Utils/ArchHelpers/Arm64.cpp
[ 87%] Built target FEXCore_object
/Applications/Xcode_16.4.app/Contents/Developer/usr/bin/make  -f FEXCore/Source/CMakeFiles/JemallocLibs.dir/build.make FEXCore/Source/CMakeFiles/JemallocLibs.dir/depend
cd /Users/runner/work/GTASanAndreas3DS/GTASanAndreas3DS/FEX/build-arm64ec && /opt/homebrew/bin/cmake -E cmake_depends "Unix Makefiles" /Users/runner/work/GTASanAndreas3DS/GTASanAndreas3DS/FEX /Users/runner/work/GTASanAndreas3DS/GTASanAndreas3DS/FEX/FEXCore/Source /Users/runner/work/GTASanAndreas3DS/GTASanAndreas3DS/FEX/build-arm64ec /Users/runner/work/GTASanAndreas3DS/GTASanAndreas3DS/FEX/build-arm64ec/FEXCore/Source /Users/runner/work/GTASanAndreas3DS/GTASanAndreas3DS/FEX/build-arm64ec/FEXCore/Source/CMakeFiles/JemallocLibs.dir/DependInfo.cmake "--color=" JemallocLibs
/Applications/Xcode_16.4.app/Contents/Developer/usr/bin/make  -f FEXCore/Source/CMakeFiles/JemallocLibs.dir/build.make FEXCore/Source/CMakeFiles/JemallocLibs.dir/build
[ 88%] Building CXX object FEXCore/Source/CMakeFiles/JemallocLibs.dir/Utils/AllocatorHooks.cpp.obj
cd /Users/runner/work/GTASanAndreas3DS/GTASanAndreas3DS/FEX/build-arm64ec/FEXCore/Source && /opt/homebrew/bin/ccache sloppiness=time_macros /Users/runner/work/GTASanAndreas3DS/GTASanAndreas3DS/toolchains/llvm-mingw-20260616-ucrt-macos-universal/bin/arm64ec-w64-mingw32-clang++ -DARCHITECTURE_arm64=1 -DARCHITECTURE_arm64ec=1 -DENABLE_FEX_ALLOCATOR=1 -DFEX_HAS_PRESERVE_ALL_ATTR=0 -DFEX_PRESERVE_ALL_ATTR="" -DGLOBAL_DATA_DIRECTORY=\"/usr/local/share/fex-emu/\" -DHAS_PROGRAM_INVOCATION_NAME="" -D_LARGEFILE64_SOURCE @CMakeFiles/JemallocLibs.dir/includes_CXX.rsp -DFEX_IOS_HOST -O3 -DNDEBUG -fomit-frame-pointer -std=gnu++20 -flto=thin -Wno-trigraphs -fdiagnostics-color=always -fcolor-diagnostics -Wno-deprecated-enum-enum-conversion -Wall -fno-strict-aliasing -fno-exceptions -MD -MT FEXCore/Source/CMakeFiles/JemallocLibs.dir/Utils/AllocatorHooks.cpp.obj -MF CMakeFiles/JemallocLibs.dir/Utils/AllocatorHooks.cpp.obj.d -o CMakeFiles/JemallocLibs.dir/Utils/AllocatorHooks.cpp.obj -c /Users/runner/work/GTASanAndreas3DS/GTASanAndreas3DS/FEX/FEXCore/Source/Utils/AllocatorHooks.cpp
[ 88%] Linking CXX static library libJemallocLibs.a
cd /Users/runner/work/GTASanAndreas3DS/GTASanAndreas3DS/FEX/build-arm64ec/FEXCore/Source && /opt/homebrew/bin/cmake -P CMakeFiles/JemallocLibs.dir/cmake_clean_target.cmake
cd /Users/runner/work/GTASanAndreas3DS/GTASanAndreas3DS/FEX/build-arm64ec/FEXCore/Source && /opt/homebrew/bin/cmake -E cmake_link_script CMakeFiles/JemallocLibs.dir/link.txt --verbose=1
"/Users/runner/work/GTASanAndreas3DS/GTASanAndreas3DS/toolchains/llvm-mingw-20260616-ucrt-macos-universal/bin/arm64ec-w64-mingw32-llvm-ar" qc libJemallocLibs.a CMakeFiles/JemallocLibs.dir/Utils/AllocatorHooks.cpp.obj
"/Users/runner/work/GTASanAndreas3DS/GTASanAndreas3DS/toolchains/llvm-mingw-20260616-ucrt-macos-universal/bin/arm64ec-w64-mingw32-llvm-ranlib" libJemallocLibs.a
[ 88%] Built target JemallocLibs
/Applications/Xcode_16.4.app/Contents/Developer/usr/bin/make  -f Source/Common/cpp-optparse/CMakeFiles/cpp-optparse.dir/build.make Source/Common/cpp-optparse/CMakeFiles/cpp-optparse.dir/depend
cd /Users/runner/work/GTASanAndreas3DS/GTASanAndreas3DS/FEX/build-arm64ec && /opt/homebrew/bin/cmake -E cmake_depends "Unix Makefiles" /Users/runner/work/GTASanAndreas3DS/GTASanAndreas3DS/FEX /Users/runner/work/GTASanAndreas3DS/GTASanAndreas3DS/FEX/Source/Common/cpp-optparse /Users/runner/work/GTASanAndreas3DS/GTASanAndreas3DS/FEX/build-arm64ec /Users/runner/work/GTASanAndreas3DS/GTASanAndreas3DS/FEX/build-arm64ec/Source/Common/cpp-optparse /Users/runner/work/GTASanAndreas3DS/GTASanAndreas3DS/FEX/build-arm64ec/Source/Common/cpp-optparse/CMakeFiles/cpp-optparse.dir/DependInfo.cmake "--color=" cpp-optparse
/Applications/Xcode_16.4.app/Contents/Developer/usr/bin/make  -f Source/Common/cpp-optparse/CMakeFiles/cpp-optparse.dir/build.make Source/Common/cpp-optparse/CMakeFiles/cpp-optparse.dir/build
[ 89%] Building CXX object Source/Common/cpp-optparse/CMakeFiles/cpp-optparse.dir/OptionParser.cpp.obj
cd /Users/runner/work/GTASanAndreas3DS/GTASanAndreas3DS/FEX/build-arm64ec/Source/Common/cpp-optparse && /opt/homebrew/bin/ccache sloppiness=time_macros /Users/runner/work/GTASanAndreas3DS/GTASanAndreas3DS/toolchains/llvm-mingw-20260616-ucrt-macos-universal/bin/arm64ec-w64-mingw32-clang++ -DARCHITECTURE_arm64=1 -DARCHITECTURE_arm64ec=1 -DFEXCORE_HAS_PRESERVE_ALL_ATTR=0 -DFEXCORE_PRESERVE_ALL_ATTR="" -DFEX_HAS_PRESERVE_ALL_ATTR=0 -DFEX_PRESERVE_ALL_ATTR="" -DGLOBAL_DATA_DIRECTORY=\"/usr/local/share/fex-emu/\" -DHAS_PROGRAM_INVOCATION_NAME="" -DINLINE="static inline" -DINLINE_LEVEL=4 -DSOFTFLOAT_BUILTIN_CLZ=1 -DSOFTFLOAT_FAST_DIV32TO16=1 -DSOFTFLOAT_FAST_DIV64TO32=1 -DSOFTFLOAT_FAST_INT64=1 -D_LARGEFILE64_SOURCE @CMakeFiles/cpp-optparse.dir/includes_CXX.rsp -DFEX_IOS_HOST -O3 -DNDEBUG -fomit-frame-pointer -std=gnu++20 -flto=thin -Wno-trigraphs -fdiagnostics-color=always -fcolor-diagnostics -Wno-deprecated-enum-enum-conversion -Wall -fno-strict-aliasing -MD -MT Source/Common/cpp-optparse/CMakeFiles/cpp-optparse.dir/OptionParser.cpp.obj -MF CMakeFiles/cpp-optparse.dir/OptionParser.cpp.obj.d -o CMakeFiles/cpp-optparse.dir/OptionParser.cpp.obj -c /Users/runner/work/GTASanAndreas3DS/GTASanAndreas3DS/FEX/Source/Common/cpp-optparse/OptionParser.cpp
[ 89%] Linking CXX static library libcpp-optparse.a
cd /Users/runner/work/GTASanAndreas3DS/GTASanAndreas3DS/FEX/build-arm64ec/Source/Common/cpp-optparse && /opt/homebrew/bin/cmake -P CMakeFiles/cpp-optparse.dir/cmake_clean_target.cmake
cd /Users/runner/work/GTASanAndreas3DS/GTASanAndreas3DS/FEX/build-arm64ec/Source/Common/cpp-optparse && /opt/homebrew/bin/cmake -E cmake_link_script CMakeFiles/cpp-optparse.dir/link.txt --verbose=1
"/Users/runner/work/GTASanAndreas3DS/GTASanAndreas3DS/toolchains/llvm-mingw-20260616-ucrt-macos-universal/bin/arm64ec-w64-mingw32-llvm-ar" qc libcpp-optparse.a "CMakeFiles/cpp-optparse.dir/OptionParser.cpp.obj"
"/Users/runner/work/GTASanAndreas3DS/GTASanAndreas3DS/toolchains/llvm-mingw-20260616-ucrt-macos-universal/bin/arm64ec-w64-mingw32-llvm-ranlib" libcpp-optparse.a
[ 89%] Built target cpp-optparse
/Applications/Xcode_16.4.app/Contents/Developer/usr/bin/make  -f Source/Common/CMakeFiles/Common.dir/build.make Source/Common/CMakeFiles/Common.dir/depend
cd /Users/runner/work/GTASanAndreas3DS/GTASanAndreas3DS/FEX/build-arm64ec && /opt/homebrew/bin/cmake -E cmake_depends "Unix Makefiles" /Users/runner/work/GTASanAndreas3DS/GTASanAndreas3DS/FEX /Users/runner/work/GTASanAndreas3DS/GTASanAndreas3DS/FEX/Source/Common /Users/runner/work/GTASanAndreas3DS/GTASanAndreas3DS/FEX/build-arm64ec /Users/runner/work/GTASanAndreas3DS/GTASanAndreas3DS/FEX/build-arm64ec/Source/Common /Users/runner/work/GTASanAndreas3DS/GTASanAndreas3DS/FEX/build-arm64ec/Source/Common/CMakeFiles/Common.dir/DependInfo.cmake "--color=" Common
/Applications/Xcode_16.4.app/Contents/Developer/usr/bin/make  -f Source/Common/CMakeFiles/Common.dir/build.make Source/Common/CMakeFiles/Common.dir/build
[ 90%] Building CXX object Source/Common/CMakeFiles/Common.dir/Config.cpp.obj
cd /Users/runner/work/GTASanAndreas3DS/GTASanAndreas3DS/FEX/build-arm64ec/Source/Common && /opt/homebrew/bin/ccache sloppiness=time_macros /Users/runner/work/GTASanAndreas3DS/GTASanAndreas3DS/toolchains/llvm-mingw-20260616-ucrt-macos-universal/bin/arm64ec-w64-mingw32-clang++ -DARCHITECTURE_arm64=1 -DARCHITECTURE_arm64ec=1 -DFEXCORE_HAS_PRESERVE_ALL_ATTR=0 -DFEXCORE_PRESERVE_ALL_ATTR="" -DFEX_HAS_PRESERVE_ALL_ATTR=0 -DFEX_PRESERVE_ALL_ATTR="" -DGLOBAL_DATA_DIRECTORY=\"/usr/local/share/fex-emu/\" -DHAS_PROGRAM_INVOCATION_NAME="" -DINLINE="static inline" -DINLINE_LEVEL=4 -DRANGES_DISABLE_DEPRECATED_WARNINGS -DSOFTFLOAT_BUILTIN_CLZ=1 -DSOFTFLOAT_FAST_DIV32TO16=1 -DSOFTFLOAT_FAST_DIV64TO32=1 -DSOFTFLOAT_FAST_INT64=1 -D_LARGEFILE64_SOURCE @CMakeFiles/Common.dir/includes_CXX.rsp -DFEX_IOS_HOST -O3 -DNDEBUG -fomit-frame-pointer -std=gnu++20 -flto=thin -fvisibility=hidden -fvisibility-inlines-hidden -Wno-trigraphs -fdiagnostics-color=always -fcolor-diagnostics -Wno-deprecated-enum-enum-conversion -Wall -fno-strict-aliasing -MD -MT Source/Common/CMakeFiles/Common.dir/Config.cpp.obj -MF CMakeFiles/Common.dir/Config.cpp.obj.d -o CMakeFiles/Common.dir/Config.cpp.obj -c /Users/runner/work/GTASanAndreas3DS/GTASanAndreas3DS/FEX/Source/Common/Config.cpp
[ 90%] Building CXX object Source/Common/CMakeFiles/Common.dir/CPUInfo.cpp.obj
cd /Users/runner/work/GTASanAndreas3DS/GTASanAndreas3DS/FEX/build-arm64ec/Source/Common && /opt/homebrew/bin/ccache sloppiness=time_macros /Users/runner/work/GTASanAndreas3DS/GTASanAndreas3DS/toolchains/llvm-mingw-20260616-ucrt-macos-universal/bin/arm64ec-w64-mingw32-clang++ -DARCHITECTURE_arm64=1 -DARCHITECTURE_arm64ec=1 -DFEXCORE_HAS_PRESERVE_ALL_ATTR=0 -DFEXCORE_PRESERVE_ALL_ATTR="" -DFEX_HAS_PRESERVE_ALL_ATTR=0 -DFEX_PRESERVE_ALL_ATTR="" -DGLOBAL_DATA_DIRECTORY=\"/usr/local/share/fex-emu/\" -DHAS_PROGRAM_INVOCATION_NAME="" -DINLINE="static inline" -DINLINE_LEVEL=4 -DRANGES_DISABLE_DEPRECATED_WARNINGS -DSOFTFLOAT_BUILTIN_CLZ=1 -DSOFTFLOAT_FAST_DIV32TO16=1 -DSOFTFLOAT_FAST_DIV64TO32=1 -DSOFTFLOAT_FAST_INT64=1 -D_LARGEFILE64_SOURCE @CMakeFiles/Common.dir/includes_CXX.rsp -DFEX_IOS_HOST -O3 -DNDEBUG -fomit-frame-pointer -std=gnu++20 -flto=thin -fvisibility=hidden -fvisibility-inlines-hidden -Wno-trigraphs -fdiagnostics-color=always -fcolor-diagnostics -Wno-deprecated-enum-enum-conversion -Wall -fno-strict-aliasing -MD -MT Source/Common/CMakeFiles/Common.dir/CPUInfo.cpp.obj -MF CMakeFiles/Common.dir/CPUInfo.cpp.obj.d -o CMakeFiles/Common.dir/CPUInfo.cpp.obj -c /Users/runner/work/GTASanAndreas3DS/GTASanAndreas3DS/FEX/Source/Common/CPUInfo.cpp
[ 91%] Building CXX object Source/Common/CMakeFiles/Common.dir/ArgumentLoader.cpp.obj
cd /Users/runner/work/GTASanAndreas3DS/GTASanAndreas3DS/FEX/build-arm64ec/Source/Common && /opt/homebrew/bin/ccache sloppiness=time_macros /Users/runner/work/GTASanAndreas3DS/GTASanAndreas3DS/toolchains/llvm-mingw-20260616-ucrt-macos-universal/bin/arm64ec-w64-mingw32-clang++ -DARCHITECTURE_arm64=1 -DARCHITECTURE_arm64ec=1 -DFEXCORE_HAS_PRESERVE_ALL_ATTR=0 -DFEXCORE_PRESERVE_ALL_ATTR="" -DFEX_HAS_PRESERVE_ALL_ATTR=0 -DFEX_PRESERVE_ALL_ATTR="" -DGLOBAL_DATA_DIRECTORY=\"/usr/local/share/fex-emu/\" -DHAS_PROGRAM_INVOCATION_NAME="" -DINLINE="static inline" -DINLINE_LEVEL=4 -DRANGES_DISABLE_DEPRECATED_WARNINGS -DSOFTFLOAT_BUILTIN_CLZ=1 -DSOFTFLOAT_FAST_DIV32TO16=1 -DSOFTFLOAT_FAST_DIV64TO32=1 -DSOFTFLOAT_FAST_INT64=1 -D_LARGEFILE64_SOURCE @CMakeFiles/Common.dir/includes_CXX.rsp -DFEX_IOS_HOST -O3 -DNDEBUG -fomit-frame-pointer -std=gnu++20 -flto=thin -fvisibility=hidden -fvisibility-inlines-hidden -Wno-trigraphs -fdiagnostics-color=always -fcolor-diagnostics -Wno-deprecated-enum-enum-conversion -Wall -fno-strict-aliasing -MD -MT Source/Common/CMakeFiles/Common.dir/ArgumentLoader.cpp.obj -MF CMakeFiles/Common.dir/ArgumentLoader.cpp.obj.d -o CMakeFiles/Common.dir/ArgumentLoader.cpp.obj -c /Users/runner/work/GTASanAndreas3DS/GTASanAndreas3DS/FEX/Source/Common/ArgumentLoader.cpp
[ 91%] Building CXX object Source/Common/CMakeFiles/Common.dir/HostFeatures.cpp.obj
cd /Users/runner/work/GTASanAndreas3DS/GTASanAndreas3DS/FEX/build-arm64ec/Source/Common && /opt/homebrew/bin/ccache sloppiness=time_macros /Users/runner/work/GTASanAndreas3DS/GTASanAndreas3DS/toolchains/llvm-mingw-20260616-ucrt-macos-universal/bin/arm64ec-w64-mingw32-clang++ -DARCHITECTURE_arm64=1 -DARCHITECTURE_arm64ec=1 -DFEXCORE_HAS_PRESERVE_ALL_ATTR=0 -DFEXCORE_PRESERVE_ALL_ATTR="" -DFEX_HAS_PRESERVE_ALL_ATTR=0 -DFEX_PRESERVE_ALL_ATTR="" -DGLOBAL_DATA_DIRECTORY=\"/usr/local/share/fex-emu/\" -DHAS_PROGRAM_INVOCATION_NAME="" -DINLINE="static inline" -DINLINE_LEVEL=4 -DRANGES_DISABLE_DEPRECATED_WARNINGS -DSOFTFLOAT_BUILTIN_CLZ=1 -DSOFTFLOAT_FAST_DIV32TO16=1 -DSOFTFLOAT_FAST_DIV64TO32=1 -DSOFTFLOAT_FAST_INT64=1 -D_LARGEFILE64_SOURCE @CMakeFiles/Common.dir/includes_CXX.rsp -DFEX_IOS_HOST -O3 -DNDEBUG -fomit-frame-pointer -std=gnu++20 -flto=thin -fvisibility=hidden -fvisibility-inlines-hidden -Wno-trigraphs -fdiagnostics-color=always -fcolor-diagnostics -Wno-deprecated-enum-enum-conversion -Wall -fno-strict-aliasing -MD -MT Source/Common/CMakeFiles/Common.dir/HostFeatures.cpp.obj -MF CMakeFiles/Common.dir/HostFeatures.cpp.obj.d -o CMakeFiles/Common.dir/HostFeatures.cpp.obj -c /Users/runner/work/GTASanAndreas3DS/GTASanAndreas3DS/FEX/Source/Common/HostFeatures.cpp
[ 92%] Building CXX object Source/Common/CMakeFiles/Common.dir/JSONPool.cpp.obj
cd /Users/runner/work/GTASanAndreas3DS/GTASanAndreas3DS/FEX/build-arm64ec/Source/Common && /opt/homebrew/bin/ccache sloppiness=time_macros /Users/runner/work/GTASanAndreas3DS/GTASanAndreas3DS/toolchains/llvm-mingw-20260616-ucrt-macos-universal/bin/arm64ec-w64-mingw32-clang++ -DARCHITECTURE_arm64=1 -DARCHITECTURE_arm64ec=1 -DFEXCORE_HAS_PRESERVE_ALL_ATTR=0 -DFEXCORE_PRESERVE_ALL_ATTR="" -DFEX_HAS_PRESERVE_ALL_ATTR=0 -DFEX_PRESERVE_ALL_ATTR="" -DGLOBAL_DATA_DIRECTORY=\"/usr/local/share/fex-emu/\" -DHAS_PROGRAM_INVOCATION_NAME="" -DINLINE="static inline" -DINLINE_LEVEL=4 -DRANGES_DISABLE_DEPRECATED_WARNINGS -DSOFTFLOAT_BUILTIN_CLZ=1 -DSOFTFLOAT_FAST_DIV32TO16=1 -DSOFTFLOAT_FAST_DIV64TO32=1 -DSOFTFLOAT_FAST_INT64=1 -D_LARGEFILE64_SOURCE @CMakeFiles/Common.dir/includes_CXX.rsp -DFEX_IOS_HOST -O3 -DNDEBUG -fomit-frame-pointer -std=gnu++20 -flto=thin -fvisibility=hidden -fvisibility-inlines-hidden -Wno-trigraphs -fdiagnostics-color=always -fcolor-diagnostics -Wno-deprecated-enum-enum-conversion -Wall -fno-strict-aliasing -MD -MT Source/Common/CMakeFiles/Common.dir/JSONPool.cpp.obj -MF CMakeFiles/Common.dir/JSONPool.cpp.obj.d -o CMakeFiles/Common.dir/JSONPool.cpp.obj -c /Users/runner/work/GTASanAndreas3DS/GTASanAndreas3DS/FEX/Source/Common/JSONPool.cpp
[ 92%] Building CXX object Source/Common/CMakeFiles/Common.dir/SHMStats.cpp.obj
cd /Users/runner/work/GTASanAndreas3DS/GTASanAndreas3DS/FEX/build-arm64ec/Source/Common && /opt/homebrew/bin/ccache sloppiness=time_macros /Users/runner/work/GTASanAndreas3DS/GTASanAndreas3DS/toolchains/llvm-mingw-20260616-ucrt-macos-universal/bin/arm64ec-w64-mingw32-clang++ -DARCHITECTURE_arm64=1 -DARCHITECTURE_arm64ec=1 -DFEXCORE_HAS_PRESERVE_ALL_ATTR=0 -DFEXCORE_PRESERVE_ALL_ATTR="" -DFEX_HAS_PRESERVE_ALL_ATTR=0 -DFEX_PRESERVE_ALL_ATTR="" -DGLOBAL_DATA_DIRECTORY=\"/usr/local/share/fex-emu/\" -DHAS_PROGRAM_INVOCATION_NAME="" -DINLINE="static inline" -DINLINE_LEVEL=4 -DRANGES_DISABLE_DEPRECATED_WARNINGS -DSOFTFLOAT_BUILTIN_CLZ=1 -DSOFTFLOAT_FAST_DIV32TO16=1 -DSOFTFLOAT_FAST_DIV64TO32=1 -DSOFTFLOAT_FAST_INT64=1 -D_LARGEFILE64_SOURCE @CMakeFiles/Common.dir/includes_CXX.rsp -DFEX_IOS_HOST -O3 -DNDEBUG -fomit-frame-pointer -std=gnu++20 -flto=thin -fvisibility=hidden -fvisibility-inlines-hidden -Wno-trigraphs -fdiagnostics-color=always -fcolor-diagnostics -Wno-deprecated-enum-enum-conversion -Wall -fno-strict-aliasing -MD -MT Source/Common/CMakeFiles/Common.dir/SHMStats.cpp.obj -MF CMakeFiles/Common.dir/SHMStats.cpp.obj.d -o CMakeFiles/Common.dir/SHMStats.cpp.obj -c /Users/runner/work/GTASanAndreas3DS/GTASanAndreas3DS/FEX/Source/Common/SHMStats.cpp
[ 93%] Building CXX object Source/Common/CMakeFiles/Common.dir/VolatileMetadata.cpp.obj
cd /Users/runner/work/GTASanAndreas3DS/GTASanAndreas3DS/FEX/build-arm64ec/Source/Common && /opt/homebrew/bin/ccache sloppiness=time_macros /Users/runner/work/GTASanAndreas3DS/GTASanAndreas3DS/toolchains/llvm-mingw-20260616-ucrt-macos-universal/bin/arm64ec-w64-mingw32-clang++ -DARCHITECTURE_arm64=1 -DARCHITECTURE_arm64ec=1 -DFEXCORE_HAS_PRESERVE_ALL_ATTR=0 -DFEXCORE_PRESERVE_ALL_ATTR="" -DFEX_HAS_PRESERVE_ALL_ATTR=0 -DFEX_PRESERVE_ALL_ATTR="" -DGLOBAL_DATA_DIRECTORY=\"/usr/local/share/fex-emu/\" -DHAS_PROGRAM_INVOCATION_NAME="" -DINLINE="static inline" -DINLINE_LEVEL=4 -DRANGES_DISABLE_DEPRECATED_WARNINGS -DSOFTFLOAT_BUILTIN_CLZ=1 -DSOFTFLOAT_FAST_DIV32TO16=1 -DSOFTFLOAT_FAST_DIV64TO32=1 -DSOFTFLOAT_FAST_INT64=1 -D_LARGEFILE64_SOURCE @CMakeFiles/Common.dir/includes_CXX.rsp -DFEX_IOS_HOST -O3 -DNDEBUG -fomit-frame-pointer -std=gnu++20 -flto=thin -fvisibility=hidden -fvisibility-inlines-hidden -Wno-trigraphs -fdiagnostics-color=always -fcolor-diagnostics -Wno-deprecated-enum-enum-conversion -Wall -fno-strict-aliasing -MD -MT Source/Common/CMakeFiles/Common.dir/VolatileMetadata.cpp.obj -MF CMakeFiles/Common.dir/VolatileMetadata.cpp.obj.d -o CMakeFiles/Common.dir/VolatileMetadata.cpp.obj -c /Users/runner/work/GTASanAndreas3DS/GTASanAndreas3DS/FEX/Source/Common/VolatileMetadata.cpp
[ 93%] Linking CXX static library libCommon.a
cd /Users/runner/work/GTASanAndreas3DS/GTASanAndreas3DS/FEX/build-arm64ec/Source/Common && /opt/homebrew/bin/cmake -P CMakeFiles/Common.dir/cmake_clean_target.cmake
cd /Users/runner/work/GTASanAndreas3DS/GTASanAndreas3DS/FEX/build-arm64ec/Source/Common && /opt/homebrew/bin/cmake -E cmake_link_script CMakeFiles/Common.dir/link.txt --verbose=1
"/Users/runner/work/GTASanAndreas3DS/GTASanAndreas3DS/toolchains/llvm-mingw-20260616-ucrt-macos-universal/bin/arm64ec-w64-mingw32-llvm-ar" qc libCommon.a CMakeFiles/Common.dir/Config.cpp.obj CMakeFiles/Common.dir/CPUInfo.cpp.obj CMakeFiles/Common.dir/ArgumentLoader.cpp.obj CMakeFiles/Common.dir/HostFeatures.cpp.obj CMakeFiles/Common.dir/JSONPool.cpp.obj CMakeFiles/Common.dir/SHMStats.cpp.obj CMakeFiles/Common.dir/VolatileMetadata.cpp.obj
"/Users/runner/work/GTASanAndreas3DS/GTASanAndreas3DS/toolchains/llvm-mingw-20260616-ucrt-macos-universal/bin/arm64ec-w64-mingw32-llvm-ranlib" libCommon.a
[ 93%] Built target Common
/Applications/Xcode_16.4.app/Contents/Developer/usr/bin/make  -f Source/Tools/CommonTools/CMakeFiles/CommonTools.dir/build.make Source/Tools/CommonTools/CMakeFiles/CommonTools.dir/depend
cd /Users/runner/work/GTASanAndreas3DS/GTASanAndreas3DS/FEX/build-arm64ec && /opt/homebrew/bin/cmake -E cmake_depends "Unix Makefiles" /Users/runner/work/GTASanAndreas3DS/GTASanAndreas3DS/FEX /Users/runner/work/GTASanAndreas3DS/GTASanAndreas3DS/FEX/Source/Tools/CommonTools /Users/runner/work/GTASanAndreas3DS/GTASanAndreas3DS/FEX/build-arm64ec /Users/runner/work/GTASanAndreas3DS/GTASanAndreas3DS/FEX/build-arm64ec/Source/Tools/CommonTools /Users/runner/work/GTASanAndreas3DS/GTASanAndreas3DS/FEX/build-arm64ec/Source/Tools/CommonTools/CMakeFiles/CommonTools.dir/DependInfo.cmake "--color=" CommonTools
/Applications/Xcode_16.4.app/Contents/Developer/usr/bin/make  -f Source/Tools/CommonTools/CMakeFiles/CommonTools.dir/build.make Source/Tools/CommonTools/CMakeFiles/CommonTools.dir/build
[ 94%] Building CXX object Source/Tools/CommonTools/CMakeFiles/CommonTools.dir/DummyHandlers.cpp.obj
cd /Users/runner/work/GTASanAndreas3DS/GTASanAndreas3DS/FEX/build-arm64ec/Source/Tools/CommonTools && /opt/homebrew/bin/ccache sloppiness=time_macros /Users/runner/work/GTASanAndreas3DS/GTASanAndreas3DS/toolchains/llvm-mingw-20260616-ucrt-macos-universal/bin/arm64ec-w64-mingw32-clang++ -DARCHITECTURE_arm64=1 -DARCHITECTURE_arm64ec=1 -DFEXCORE_HAS_PRESERVE_ALL_ATTR=0 -DFEXCORE_PRESERVE_ALL_ATTR="" -DFEX_HAS_PRESERVE_ALL_ATTR=0 -DFEX_PRESERVE_ALL_ATTR="" -DGLOBAL_DATA_DIRECTORY=\"/usr/local/share/fex-emu/\" -DHAS_PROGRAM_INVOCATION_NAME="" -DINLINE="static inline" -DINLINE_LEVEL=4 -DSOFTFLOAT_BUILTIN_CLZ=1 -DSOFTFLOAT_FAST_DIV32TO16=1 -DSOFTFLOAT_FAST_DIV64TO32=1 -DSOFTFLOAT_FAST_INT64=1 -D_LARGEFILE64_SOURCE @CMakeFiles/CommonTools.dir/includes_CXX.rsp -DFEX_IOS_HOST -O3 -DNDEBUG -fomit-frame-pointer -std=gnu++20 -flto=thin -Wno-trigraphs -fdiagnostics-color=always -fcolor-diagnostics -Wno-deprecated-enum-enum-conversion -Wall -fno-strict-aliasing -MD -MT Source/Tools/CommonTools/CMakeFiles/CommonTools.dir/DummyHandlers.cpp.obj -MF CMakeFiles/CommonTools.dir/DummyHandlers.cpp.obj.d -o CMakeFiles/CommonTools.dir/DummyHandlers.cpp.obj -c /Users/runner/work/GTASanAndreas3DS/GTASanAndreas3DS/FEX/Source/Tools/CommonTools/DummyHandlers.cpp
[ 94%] Linking CXX static library libCommonTools.a
cd /Users/runner/work/GTASanAndreas3DS/GTASanAndreas3DS/FEX/build-arm64ec/Source/Tools/CommonTools && /opt/homebrew/bin/cmake -P CMakeFiles/CommonTools.dir/cmake_clean_target.cmake
cd /Users/runner/work/GTASanAndreas3DS/GTASanAndreas3DS/FEX/build-arm64ec/Source/Tools/CommonTools && /opt/homebrew/bin/cmake -E cmake_link_script CMakeFiles/CommonTools.dir/link.txt --verbose=1
"/Users/runner/work/GTASanAndreas3DS/GTASanAndreas3DS/toolchains/llvm-mingw-20260616-ucrt-macos-universal/bin/arm64ec-w64-mingw32-llvm-ar" qc libCommonTools.a CMakeFiles/CommonTools.dir/DummyHandlers.cpp.obj
"/Users/runner/work/GTASanAndreas3DS/GTASanAndreas3DS/toolchains/llvm-mingw-20260616-ucrt-macos-universal/bin/arm64ec-w64-mingw32-llvm-ranlib" libCommonTools.a
[ 94%] Built target CommonTools
/Applications/Xcode_16.4.app/Contents/Developer/usr/bin/make  -f Source/Windows/CMakeFiles/ntdll_exlib.dir/build.make Source/Windows/CMakeFiles/ntdll_exlib.dir/depend
cd /Users/runner/work/GTASanAndreas3DS/GTASanAndreas3DS/FEX/build-arm64ec && /opt/homebrew/bin/cmake -E cmake_depends "Unix Makefiles" /Users/runner/work/GTASanAndreas3DS/GTASanAndreas3DS/FEX /Users/runner/work/GTASanAndreas3DS/GTASanAndreas3DS/FEX/Source/Windows /Users/runner/work/GTASanAndreas3DS/GTASanAndreas3DS/FEX/build-arm64ec /Users/runner/work/GTASanAndreas3DS/GTASanAndreas3DS/FEX/build-arm64ec/Source/Windows /Users/runner/work/GTASanAndreas3DS/GTASanAndreas3DS/FEX/build-arm64ec/Source/Windows/CMakeFiles/ntdll_exlib.dir/DependInfo.cmake "--color=" ntdll_exlib
/Applications/Xcode_16.4.app/Contents/Developer/usr/bin/make  -f Source/Windows/CMakeFiles/ntdll_exlib.dir/build.make Source/Windows/CMakeFiles/ntdll_exlib.dir/build
[ 94%] Building libntdll_ex.a
cd /Users/runner/work/GTASanAndreas3DS/GTASanAndreas3DS/FEX/build-arm64ec/Source/Windows && arm64ec-w64-mingw32-dlltool -d /Users/runner/work/GTASanAndreas3DS/GTASanAndreas3DS/FEX/Source/Windows/Defs/ntdll.def -k -l libntdll_ex.a
[ 94%] Built target ntdll_exlib
/Applications/Xcode_16.4.app/Contents/Developer/usr/bin/make  -f Source/Windows/Common/CMakeFiles/CommonWindowsRuntime.dir/build.make Source/Windows/Common/CMakeFiles/CommonWindowsRuntime.dir/depend
cd /Users/runner/work/GTASanAndreas3DS/GTASanAndreas3DS/FEX/build-arm64ec && /opt/homebrew/bin/cmake -E cmake_depends "Unix Makefiles" /Users/runner/work/GTASanAndreas3DS/GTASanAndreas3DS/FEX /Users/runner/work/GTASanAndreas3DS/GTASanAndreas3DS/FEX/Source/Windows/Common /Users/runner/work/GTASanAndreas3DS/GTASanAndreas3DS/FEX/build-arm64ec /Users/runner/work/GTASanAndreas3DS/GTASanAndreas3DS/FEX/build-arm64ec/Source/Windows/Common /Users/runner/work/GTASanAndreas3DS/GTASanAndreas3DS/FEX/build-arm64ec/Source/Windows/Common/CMakeFiles/CommonWindowsRuntime.dir/DependInfo.cmake "--color=" CommonWindowsRuntime
Dependee "/Users/runner/work/GTASanAndreas3DS/GTASanAndreas3DS/FEX/build-arm64ec/Source/Windows/Common/CMakeFiles/CommonWindowsRuntime.dir/DependInfo.cmake" is newer than depender "/Users/runner/work/GTASanAndreas3DS/GTASanAndreas3DS/FEX/build-arm64ec/Source/Windows/Common/CMakeFiles/CommonWindowsRuntime.dir/depend.internal".
Dependee "/Users/runner/work/GTASanAndreas3DS/GTASanAndreas3DS/FEX/build-arm64ec/Source/Windows/Common/CMakeFiles/CMakeDirectoryInformation.cmake" is newer than depender "/Users/runner/work/GTASanAndreas3DS/GTASanAndreas3DS/FEX/build-arm64ec/Source/Windows/Common/CMakeFiles/CommonWindowsRuntime.dir/depend.internal".
Scanning dependencies of target CommonWindowsRuntime
/Applications/Xcode_16.4.app/Contents/Developer/usr/bin/make  -f Source/Windows/Common/CMakeFiles/CommonWindowsRuntime.dir/build.make Source/Windows/Common/CMakeFiles/CommonWindowsRuntime.dir/build
[ 94%] Building ASM object Source/Windows/Common/CMakeFiles/CommonWindowsRuntime.dir/LoadConfig.S.obj
cd /Users/runner/work/GTASanAndreas3DS/GTASanAndreas3DS/FEX/build-arm64ec/Source/Windows/Common && /opt/homebrew/bin/ccache sloppiness=time_macros /Users/runner/work/GTASanAndreas3DS/GTASanAndreas3DS/toolchains/llvm-mingw-20260616-ucrt-macos-universal/bin/arm64ec-w64-mingw32-clang -DARCHITECTURE_arm64=1 -DARCHITECTURE_arm64ec=1 -DFEXCORE_HAS_PRESERVE_ALL_ATTR=0 -DFEXCORE_PRESERVE_ALL_ATTR="" -DFEX_HAS_PRESERVE_ALL_ATTR=0 -DFEX_PRESERVE_ALL_ATTR="" -DGLOBAL_DATA_DIRECTORY=\"/usr/local/share/fex-emu/\" -DHAS_PROGRAM_INVOCATION_NAME="" -DINLINE="static inline" -DINLINE_LEVEL=4 -DSOFTFLOAT_BUILTIN_CLZ=1 -DSOFTFLOAT_FAST_DIV32TO16=1 -DSOFTFLOAT_FAST_DIV64TO32=1 -DSOFTFLOAT_FAST_INT64=1 -D_LARGEFILE64_SOURCE @CMakeFiles/CommonWindowsRuntime.dir/includes_ASM.rsp -O3 -DNDEBUG -Wno-trigraphs -fdiagnostics-color=always -fcolor-diagnostics -Wno-deprecated-enum-enum-conversion -Wall -Wno-inconsistent-dllimport -o CMakeFiles/CommonWindowsRuntime.dir/LoadConfig.S.obj -c /Users/runner/work/GTASanAndreas3DS/GTASanAndreas3DS/FEX/Source/Windows/Common/LoadConfig.S
[ 95%] Building CXX object Source/Windows/Common/CMakeFiles/CommonWindowsRuntime.dir/CRT/CRT_iOS.cpp.obj
cd /Users/runner/work/GTASanAndreas3DS/GTASanAndreas3DS/FEX/build-arm64ec/Source/Windows/Common && /opt/homebrew/bin/ccache sloppiness=time_macros /Users/runner/work/GTASanAndreas3DS/GTASanAndreas3DS/toolchains/llvm-mingw-20260616-ucrt-macos-universal/bin/arm64ec-w64-mingw32-clang++ -DARCHITECTURE_arm64=1 -DARCHITECTURE_arm64ec=1 -DFEXCORE_HAS_PRESERVE_ALL_ATTR=0 -DFEXCORE_PRESERVE_ALL_ATTR="" -DFEX_HAS_PRESERVE_ALL_ATTR=0 -DFEX_PRESERVE_ALL_ATTR="" -DGLOBAL_DATA_DIRECTORY=\"/usr/local/share/fex-emu/\" -DHAS_PROGRAM_INVOCATION_NAME="" -DINLINE="static inline" -DINLINE_LEVEL=4 -DSOFTFLOAT_BUILTIN_CLZ=1 -DSOFTFLOAT_FAST_DIV32TO16=1 -DSOFTFLOAT_FAST_DIV64TO32=1 -DSOFTFLOAT_FAST_INT64=1 -D_LARGEFILE64_SOURCE @CMakeFiles/CommonWindowsRuntime.dir/includes_CXX.rsp -DFEX_IOS_HOST -O3 -DNDEBUG -fomit-frame-pointer -std=gnu++20 -flto=thin -Wno-trigraphs -fdiagnostics-color=always -fcolor-diagnostics -Wno-deprecated-enum-enum-conversion -Wall -fno-strict-aliasing -Wno-inconsistent-dllimport -MD -MT Source/Windows/Common/CMakeFiles/CommonWindowsRuntime.dir/CRT/CRT_iOS.cpp.obj -MF CMakeFiles/CommonWindowsRuntime.dir/CRT/CRT_iOS.cpp.obj.d -o CMakeFiles/CommonWindowsRuntime.dir/CRT/CRT_iOS.cpp.obj -c /Users/runner/work/GTASanAndreas3DS/GTASanAndreas3DS/FEX/Source/Windows/Common/CRT/CRT_iOS.cpp
[ 95%] Building CXX object Source/Windows/Common/CMakeFiles/CommonWindowsRuntime.dir/WinAPI/Alloc.cpp.obj
cd /Users/runner/work/GTASanAndreas3DS/GTASanAndreas3DS/FEX/build-arm64ec/Source/Windows/Common && /opt/homebrew/bin/ccache sloppiness=time_macros /Users/runner/work/GTASanAndreas3DS/GTASanAndreas3DS/toolchains/llvm-mingw-20260616-ucrt-macos-universal/bin/arm64ec-w64-mingw32-clang++ -DARCHITECTURE_arm64=1 -DARCHITECTURE_arm64ec=1 -DFEXCORE_HAS_PRESERVE_ALL_ATTR=0 -DFEXCORE_PRESERVE_ALL_ATTR="" -DFEX_HAS_PRESERVE_ALL_ATTR=0 -DFEX_PRESERVE_ALL_ATTR="" -DGLOBAL_DATA_DIRECTORY=\"/usr/local/share/fex-emu/\" -DHAS_PROGRAM_INVOCATION_NAME="" -DINLINE="static inline" -DINLINE_LEVEL=4 -DSOFTFLOAT_BUILTIN_CLZ=1 -DSOFTFLOAT_FAST_DIV32TO16=1 -DSOFTFLOAT_FAST_DIV64TO32=1 -DSOFTFLOAT_FAST_INT64=1 -D_LARGEFILE64_SOURCE @CMakeFiles/CommonWindowsRuntime.dir/includes_CXX.rsp -DFEX_IOS_HOST -O3 -DNDEBUG -fomit-frame-pointer -std=gnu++20 -flto=thin -Wno-trigraphs -fdiagnostics-color=always -fcolor-diagnostics -Wno-deprecated-enum-enum-conversion -Wall -fno-strict-aliasing -Wno-inconsistent-dllimport -MD -MT Source/Windows/Common/CMakeFiles/CommonWindowsRuntime.dir/WinAPI/Alloc.cpp.obj -MF CMakeFiles/CommonWindowsRuntime.dir/WinAPI/Alloc.cpp.obj.d -o CMakeFiles/CommonWindowsRuntime.dir/WinAPI/Alloc.cpp.obj -c /Users/runner/work/GTASanAndreas3DS/GTASanAndreas3DS/FEX/Source/Windows/Common/WinAPI/Alloc.cpp
[ 96%] Building CXX object Source/Windows/Common/CMakeFiles/CommonWindowsRuntime.dir/WinAPI/Sync.cpp.obj
cd /Users/runner/work/GTASanAndreas3DS/GTASanAndreas3DS/FEX/build-arm64ec/Source/Windows/Common && /opt/homebrew/bin/ccache sloppiness=time_macros /Users/runner/work/GTASanAndreas3DS/GTASanAndreas3DS/toolchains/llvm-mingw-20260616-ucrt-macos-universal/bin/arm64ec-w64-mingw32-clang++ -DARCHITECTURE_arm64=1 -DARCHITECTURE_arm64ec=1 -DFEXCORE_HAS_PRESERVE_ALL_ATTR=0 -DFEXCORE_PRESERVE_ALL_ATTR="" -DFEX_HAS_PRESERVE_ALL_ATTR=0 -DFEX_PRESERVE_ALL_ATTR="" -DGLOBAL_DATA_DIRECTORY=\"/usr/local/share/fex-emu/\" -DHAS_PROGRAM_INVOCATION_NAME="" -DINLINE="static inline" -DINLINE_LEVEL=4 -DSOFTFLOAT_BUILTIN_CLZ=1 -DSOFTFLOAT_FAST_DIV32TO16=1 -DSOFTFLOAT_FAST_DIV64TO32=1 -DSOFTFLOAT_FAST_INT64=1 -D_LARGEFILE64_SOURCE @CMakeFiles/CommonWindowsRuntime.dir/includes_CXX.rsp -DFEX_IOS_HOST -O3 -DNDEBUG -fomit-frame-pointer -std=gnu++20 -flto=thin -Wno-trigraphs -fdiagnostics-color=always -fcolor-diagnostics -Wno-deprecated-enum-enum-conversion -Wall -fno-strict-aliasing -Wno-inconsistent-dllimport -MD -MT Source/Windows/Common/CMakeFiles/CommonWindowsRuntime.dir/WinAPI/Sync.cpp.obj -MF CMakeFiles/CommonWindowsRuntime.dir/WinAPI/Sync.cpp.obj.d -o CMakeFiles/CommonWindowsRuntime.dir/WinAPI/Sync.cpp.obj -c /Users/runner/work/GTASanAndreas3DS/GTASanAndreas3DS/FEX/Source/Windows/Common/WinAPI/Sync.cpp
[ 96%] Building CXX object Source/Windows/Common/CMakeFiles/CommonWindowsRuntime.dir/WinAPI/IO.cpp.obj
cd /Users/runner/work/GTASanAndreas3DS/GTASanAndreas3DS/FEX/build-arm64ec/Source/Windows/Common && /opt/homebrew/bin/ccache sloppiness=time_macros /Users/runner/work/GTASanAndreas3DS/GTASanAndreas3DS/toolchains/llvm-mingw-20260616-ucrt-macos-universal/bin/arm64ec-w64-mingw32-clang++ -DARCHITECTURE_arm64=1 -DARCHITECTURE_arm64ec=1 -DFEXCORE_HAS_PRESERVE_ALL_ATTR=0 -DFEXCORE_PRESERVE_ALL_ATTR="" -DFEX_HAS_PRESERVE_ALL_ATTR=0 -DFEX_PRESERVE_ALL_ATTR="" -DGLOBAL_DATA_DIRECTORY=\"/usr/local/share/fex-emu/\" -DHAS_PROGRAM_INVOCATION_NAME="" -DINLINE="static inline" -DINLINE_LEVEL=4 -DSOFTFLOAT_BUILTIN_CLZ=1 -DSOFTFLOAT_FAST_DIV32TO16=1 -DSOFTFLOAT_FAST_DIV64TO32=1 -DSOFTFLOAT_FAST_INT64=1 -D_LARGEFILE64_SOURCE @CMakeFiles/CommonWindowsRuntime.dir/includes_CXX.rsp -DFEX_IOS_HOST -O3 -DNDEBUG -fomit-frame-pointer -std=gnu++20 -flto=thin -Wno-trigraphs -fdiagnostics-color=always -fcolor-diagnostics -Wno-deprecated-enum-enum-conversion -Wall -fno-strict-aliasing -Wno-inconsistent-dllimport -MD -MT Source/Windows/Common/CMakeFiles/CommonWindowsRuntime.dir/WinAPI/IO.cpp.obj -MF CMakeFiles/CommonWindowsRuntime.dir/WinAPI/IO.cpp.obj.d -o CMakeFiles/CommonWindowsRuntime.dir/WinAPI/IO.cpp.obj -c /Users/runner/work/GTASanAndreas3DS/GTASanAndreas3DS/FEX/Source/Windows/Common/WinAPI/IO.cpp
[ 97%] Building CXX object Source/Windows/Common/CMakeFiles/CommonWindowsRuntime.dir/WinAPI/Misc.cpp.obj
cd /Users/runner/work/GTASanAndreas3DS/GTASanAndreas3DS/FEX/build-arm64ec/Source/Windows/Common && /opt/homebrew/bin/ccache sloppiness=time_macros /Users/runner/work/GTASanAndreas3DS/GTASanAndreas3DS/toolchains/llvm-mingw-20260616-ucrt-macos-universal/bin/arm64ec-w64-mingw32-clang++ -DARCHITECTURE_arm64=1 -DARCHITECTURE_arm64ec=1 -DFEXCORE_HAS_PRESERVE_ALL_ATTR=0 -DFEXCORE_PRESERVE_ALL_ATTR="" -DFEX_HAS_PRESERVE_ALL_ATTR=0 -DFEX_PRESERVE_ALL_ATTR="" -DGLOBAL_DATA_DIRECTORY=\"/usr/local/share/fex-emu/\" -DHAS_PROGRAM_INVOCATION_NAME="" -DINLINE="static inline" -DINLINE_LEVEL=4 -DSOFTFLOAT_BUILTIN_CLZ=1 -DSOFTFLOAT_FAST_DIV32TO16=1 -DSOFTFLOAT_FAST_DIV64TO32=1 -DSOFTFLOAT_FAST_INT64=1 -D_LARGEFILE64_SOURCE @CMakeFiles/CommonWindowsRuntime.dir/includes_CXX.rsp -DFEX_IOS_HOST -O3 -DNDEBUG -fomit-frame-pointer -std=gnu++20 -flto=thin -Wno-trigraphs -fdiagnostics-color=always -fcolor-diagnostics -Wno-deprecated-enum-enum-conversion -Wall -fno-strict-aliasing -Wno-inconsistent-dllimport -MD -MT Source/Windows/Common/CMakeFiles/CommonWindowsRuntime.dir/WinAPI/Misc.cpp.obj -MF CMakeFiles/CommonWindowsRuntime.dir/WinAPI/Misc.cpp.obj.d -o CMakeFiles/CommonWindowsRuntime.dir/WinAPI/Misc.cpp.obj -c /Users/runner/work/GTASanAndreas3DS/GTASanAndreas3DS/FEX/Source/Windows/Common/WinAPI/Misc.cpp
[ 97%] Linking CXX static library libCommonWindowsRuntime.a
cd /Users/runner/work/GTASanAndreas3DS/GTASanAndreas3DS/FEX/build-arm64ec/Source/Windows/Common && /opt/homebrew/bin/cmake -P CMakeFiles/CommonWindowsRuntime.dir/cmake_clean_target.cmake
cd /Users/runner/work/GTASanAndreas3DS/GTASanAndreas3DS/FEX/build-arm64ec/Source/Windows/Common && /opt/homebrew/bin/cmake -E cmake_link_script CMakeFiles/CommonWindowsRuntime.dir/link.txt --verbose=1
"/Users/runner/work/GTASanAndreas3DS/GTASanAndreas3DS/toolchains/llvm-mingw-20260616-ucrt-macos-universal/bin/arm64ec-w64-mingw32-llvm-ar" qc libCommonWindowsRuntime.a CMakeFiles/CommonWindowsRuntime.dir/LoadConfig.S.obj CMakeFiles/CommonWindowsRuntime.dir/CRT/CRT_iOS.cpp.obj CMakeFiles/CommonWindowsRuntime.dir/WinAPI/Alloc.cpp.obj CMakeFiles/CommonWindowsRuntime.dir/WinAPI/Sync.cpp.obj CMakeFiles/CommonWindowsRuntime.dir/WinAPI/IO.cpp.obj CMakeFiles/CommonWindowsRuntime.dir/WinAPI/Misc.cpp.obj
"/Users/runner/work/GTASanAndreas3DS/GTASanAndreas3DS/toolchains/llvm-mingw-20260616-ucrt-macos-universal/bin/arm64ec-w64-mingw32-llvm-ranlib" libCommonWindowsRuntime.a
[ 97%] Built target CommonWindowsRuntime
/Applications/Xcode_16.4.app/Contents/Developer/usr/bin/make  -f Source/Windows/ARM64EC/CMakeFiles/arm64ecfex.dir/build.make Source/Windows/ARM64EC/CMakeFiles/arm64ecfex.dir/depend
cd /Users/runner/work/GTASanAndreas3DS/GTASanAndreas3DS/FEX/build-arm64ec && /opt/homebrew/bin/cmake -E cmake_depends "Unix Makefiles" /Users/runner/work/GTASanAndreas3DS/GTASanAndreas3DS/FEX /Users/runner/work/GTASanAndreas3DS/GTASanAndreas3DS/FEX/Source/Windows/ARM64EC /Users/runner/work/GTASanAndreas3DS/GTASanAndreas3DS/FEX/build-arm64ec /Users/runner/work/GTASanAndreas3DS/GTASanAndreas3DS/FEX/build-arm64ec/Source/Windows/ARM64EC /Users/runner/work/GTASanAndreas3DS/GTASanAndreas3DS/FEX/build-arm64ec/Source/Windows/ARM64EC/CMakeFiles/arm64ecfex.dir/DependInfo.cmake "--color=" arm64ecfex
Dependee "/Users/runner/work/GTASanAndreas3DS/GTASanAndreas3DS/FEX/build-arm64ec/Source/Windows/ARM64EC/CMakeFiles/arm64ecfex.dir/DependInfo.cmake" is newer than depender "/Users/runner/work/GTASanAndreas3DS/GTASanAndreas3DS/FEX/build-arm64ec/Source/Windows/ARM64EC/CMakeFiles/arm64ecfex.dir/depend.internal".
Dependee "/Users/runner/work/GTASanAndreas3DS/GTASanAndreas3DS/FEX/build-arm64ec/Source/Windows/ARM64EC/CMakeFiles/CMakeDirectoryInformation.cmake" is newer than depender "/Users/runner/work/GTASanAndreas3DS/GTASanAndreas3DS/FEX/build-arm64ec/Source/Windows/ARM64EC/CMakeFiles/arm64ecfex.dir/depend.internal".
Scanning dependencies of target arm64ecfex
/Applications/Xcode_16.4.app/Contents/Developer/usr/bin/make  -f Source/Windows/ARM64EC/CMakeFiles/arm64ecfex.dir/build.make Source/Windows/ARM64EC/CMakeFiles/arm64ecfex.dir/build
[ 98%] Building CXX object Source/Windows/ARM64EC/CMakeFiles/arm64ecfex.dir/Module.cpp.obj
cd /Users/runner/work/GTASanAndreas3DS/GTASanAndreas3DS/FEX/build-arm64ec/Source/Windows/ARM64EC && /opt/homebrew/bin/ccache sloppiness=time_macros /Users/runner/work/GTASanAndreas3DS/GTASanAndreas3DS/toolchains/llvm-mingw-20260616-ucrt-macos-universal/bin/arm64ec-w64-mingw32-clang++ -DARCHITECTURE_arm64=1 -DARCHITECTURE_arm64ec=1 -DFEXCORE_HAS_PRESERVE_ALL_ATTR=0 -DFEXCORE_PRESERVE_ALL_ATTR="" -DFEX_HAS_PRESERVE_ALL_ATTR=0 -DFEX_IOS_HOST -DFEX_PRESERVE_ALL_ATTR="" -DGLOBAL_DATA_DIRECTORY=\"/usr/local/share/fex-emu/\" -DHAS_PROGRAM_INVOCATION_NAME="" -DINLINE="static inline" -DINLINE_LEVEL=4 -DRANGES_DISABLE_DEPRECATED_WARNINGS -DSOFTFLOAT_BUILTIN_CLZ=1 -DSOFTFLOAT_FAST_DIV32TO16=1 -DSOFTFLOAT_FAST_DIV64TO32=1 -DSOFTFLOAT_FAST_INT64=1 -D_LARGEFILE64_SOURCE -Darm64ecfex_EXPORTS @CMakeFiles/arm64ecfex.dir/includes_CXX.rsp -DFEX_IOS_HOST -O3 -DNDEBUG -fomit-frame-pointer -std=gnu++20 -flto=thin -Wno-trigraphs -fdiagnostics-color=always -fcolor-diagnostics -Wno-deprecated-enum-enum-conversion -Wall -fno-strict-aliasing -MD -MT Source/Windows/ARM64EC/CMakeFiles/arm64ecfex.dir/Module.cpp.obj -MF CMakeFiles/arm64ecfex.dir/Module.cpp.obj.d -o CMakeFiles/arm64ecfex.dir/Module.cpp.obj -c /Users/runner/work/GTASanAndreas3DS/GTASanAndreas3DS/FEX/Source/Windows/ARM64EC/Module.cpp
[ 98%] Building ASM object Source/Windows/ARM64EC/CMakeFiles/arm64ecfex.dir/Module.S.obj
cd /Users/runner/work/GTASanAndreas3DS/GTASanAndreas3DS/FEX/build-arm64ec/Source/Windows/ARM64EC && /opt/homebrew/bin/ccache sloppiness=time_macros /Users/runner/work/GTASanAndreas3DS/GTASanAndreas3DS/toolchains/llvm-mingw-20260616-ucrt-macos-universal/bin/arm64ec-w64-mingw32-clang -DARCHITECTURE_arm64=1 -DARCHITECTURE_arm64ec=1 -DFEXCORE_HAS_PRESERVE_ALL_ATTR=0 -DFEXCORE_PRESERVE_ALL_ATTR="" -DFEX_HAS_PRESERVE_ALL_ATTR=0 -DFEX_IOS_HOST -DFEX_PRESERVE_ALL_ATTR="" -DGLOBAL_DATA_DIRECTORY=\"/usr/local/share/fex-emu/\" -DHAS_PROGRAM_INVOCATION_NAME="" -DINLINE="static inline" -DINLINE_LEVEL=4 -DRANGES_DISABLE_DEPRECATED_WARNINGS -DSOFTFLOAT_BUILTIN_CLZ=1 -DSOFTFLOAT_FAST_DIV32TO16=1 -DSOFTFLOAT_FAST_DIV64TO32=1 -DSOFTFLOAT_FAST_INT64=1 -D_LARGEFILE64_SOURCE -Darm64ecfex_EXPORTS @CMakeFiles/arm64ecfex.dir/includes_ASM.rsp -O3 -DNDEBUG -Wno-trigraphs -fdiagnostics-color=always -fcolor-diagnostics -Wno-deprecated-enum-enum-conversion -Wall -o CMakeFiles/arm64ecfex.dir/Module.S.obj -c /Users/runner/work/GTASanAndreas3DS/GTASanAndreas3DS/FEX/Source/Windows/ARM64EC/Module.S
/Users/runner/work/GTASanAndreas3DS/GTASanAndreas3DS/FEX/Source/Windows/ARM64EC/Module.S:158:3: warning: register X23 is disallowed on ARM64EC.
  ldr x23, [x16, #16]
  ^
/Users/runner/work/GTASanAndreas3DS/GTASanAndreas3DS/FEX/Source/Windows/ARM64EC/Module.S:159:3: warning: register X23 is disallowed on ARM64EC.
  cmp x4, x23
  ^
/Users/runner/work/GTASanAndreas3DS/GTASanAndreas3DS/FEX/Source/Windows/ARM64EC/Module.S:173:3: warning: register X23 is disallowed on ARM64EC.
  ldr x23, [x16, #16]
  ^
/Users/runner/work/GTASanAndreas3DS/GTASanAndreas3DS/FEX/Source/Windows/ARM64EC/Module.S:174:3: warning: register X23 is disallowed on ARM64EC.
  cmp x4, x23
  ^
/Users/runner/work/GTASanAndreas3DS/GTASanAndreas3DS/FEX/Source/Windows/ARM64EC/Module.S:178:3: warning: register X23 is disallowed on ARM64EC.
  adrp x23, IosAliasLast
  ^
/Users/runner/work/GTASanAndreas3DS/GTASanAndreas3DS/FEX/Source/Windows/ARM64EC/Module.S:179:3: warning: register X23 is disallowed on ARM64EC.
  str x16, [x23, #:lo12:IosAliasLast]
  ^
/Users/runner/work/GTASanAndreas3DS/GTASanAndreas3DS/FEX/Source/Windows/ARM64EC/Module.S:181:3: warning: register X23 is disallowed on ARM64EC.
  ldr x23, [x16]
  ^
/Users/runner/work/GTASanAndreas3DS/GTASanAndreas3DS/FEX/Source/Windows/ARM64EC/Module.S:182:3: warning: register X23 is disallowed on ARM64EC.
  add x17, x23, x4
  ^
/Users/runner/work/GTASanAndreas3DS/GTASanAndreas3DS/FEX/Source/Windows/ARM64EC/Module.S:188:3: warning: register X23 is disallowed on ARM64EC.
  lsr x23, x17, #18
  ^
/Users/runner/work/GTASanAndreas3DS/GTASanAndreas3DS/FEX/Source/Windows/ARM64EC/Module.S:189:3: warning: register X23 is disallowed on ARM64EC.
  ldr x16, [x16, x23, lsl #3]
  ^
/Users/runner/work/GTASanAndreas3DS/GTASanAndreas3DS/FEX/Source/Windows/ARM64EC/Module.S:190:3: warning: register X23 is disallowed on ARM64EC.
  lsr x23, x17, #12
  ^
/Users/runner/work/GTASanAndreas3DS/GTASanAndreas3DS/FEX/Source/Windows/ARM64EC/Module.S:191:3: warning: register X23 is disallowed on ARM64EC.
  lsr x16, x16, x23
  ^
/Users/runner/work/GTASanAndreas3DS/GTASanAndreas3DS/FEX/Source/Windows/ARM64EC/Module.S:207:3: warning: register X23 is disallowed on ARM64EC.
  ldr x23, [x16]
  ^
/Users/runner/work/GTASanAndreas3DS/GTASanAndreas3DS/FEX/Source/Windows/ARM64EC/Module.S:208:3: warning: register X23 is disallowed on ARM64EC.
  sub x23, x17, x23
  ^
/Users/runner/work/GTASanAndreas3DS/GTASanAndreas3DS/FEX/Source/Windows/ARM64EC/Module.S:208:3: warning: register X23 is disallowed on ARM64EC.
  sub x23, x17, x23
  ^
/Users/runner/work/GTASanAndreas3DS/GTASanAndreas3DS/FEX/Source/Windows/ARM64EC/Module.S:210:3: warning: register X23 is disallowed on ARM64EC.
  cmp x23, x9
  ^
/Users/runner/work/GTASanAndreas3DS/GTASanAndreas3DS/FEX/Source/Windows/ARM64EC/Module.S:217:3: warning: register X23 is disallowed on ARM64EC.
  add x17, x9, x23
  ^
/Users/runner/work/GTASanAndreas3DS/GTASanAndreas3DS/FEX/Source/Windows/ARM64EC/Module.S:222:3: warning: register X23 is disallowed on ARM64EC.
  ldr x23, [x16]
  ^
/Users/runner/work/GTASanAndreas3DS/GTASanAndreas3DS/FEX/Source/Windows/ARM64EC/Module.S:223:3: warning: register X23 is disallowed on ARM64EC.
  add x23, x23, #1
  ^
/Users/runner/work/GTASanAndreas3DS/GTASanAndreas3DS/FEX/Source/Windows/ARM64EC/Module.S:223:3: warning: register X23 is disallowed on ARM64EC.
  add x23, x23, #1
  ^
/Users/runner/work/GTASanAndreas3DS/GTASanAndreas3DS/FEX/Source/Windows/ARM64EC/Module.S:224:3: warning: register X23 is disallowed on ARM64EC.
  str x23, [x16]
  ^
/Users/runner/work/GTASanAndreas3DS/GTASanAndreas3DS/FEX/Source/Windows/ARM64EC/Module.S:235:3: warning: register X23 is disallowed on ARM64EC.
  ldr x23, [x16, #16]
  ^
/Users/runner/work/GTASanAndreas3DS/GTASanAndreas3DS/FEX/Source/Windows/ARM64EC/Module.S:236:3: warning: register X23 is disallowed on ARM64EC.
  add x23, x23, #1
  ^
/Users/runner/work/GTASanAndreas3DS/GTASanAndreas3DS/FEX/Source/Windows/ARM64EC/Module.S:236:3: warning: register X23 is disallowed on ARM64EC.
  add x23, x23, #1
  ^
/Users/runner/work/GTASanAndreas3DS/GTASanAndreas3DS/FEX/Source/Windows/ARM64EC/Module.S:237:3: warning: register X23 is disallowed on ARM64EC.
  str x23, [x16, #16]
  ^
<instantiation>:3:3: warning: register X23 is disallowed on ARM64EC.
  mov x23, sp
  ^
/Users/runner/work/GTASanAndreas3DS/GTASanAndreas3DS/FEX/Source/Windows/ARM64EC/Module.S:331:3: note: while in macro instantiation
  IOS_XP_COUNT 1088, x16, x23
  ^
<instantiation>:4:3: warning: register X23 is disallowed on ARM64EC.
  ubfx x23, x23, #16, #4
  ^
/Users/runner/work/GTASanAndreas3DS/GTASanAndreas3DS/FEX/Source/Windows/ARM64EC/Module.S:331:3: note: while in macro instantiation
  IOS_XP_COUNT 1088, x16, x23
  ^
<instantiation>:4:3: warning: register X23 is disallowed on ARM64EC.
  ubfx x23, x23, #16, #4
  ^
/Users/runner/work/GTASanAndreas3DS/GTASanAndreas3DS/FEX/Source/Windows/ARM64EC/Module.S:331:3: note: while in macro instantiation
  IOS_XP_COUNT 1088, x16, x23
  ^
<instantiation>:5:3: warning: register X23 is disallowed on ARM64EC.
  add x16, x16, x23, lsl #6
  ^
/Users/runner/work/GTASanAndreas3DS/GTASanAndreas3DS/FEX/Source/Windows/ARM64EC/Module.S:331:3: note: while in macro instantiation
  IOS_XP_COUNT 1088, x16, x23
  ^
<instantiation>:7:3: warning: register X23 is disallowed on ARM64EC.
  mov x23, #1
  ^
/Users/runner/work/GTASanAndreas3DS/GTASanAndreas3DS/FEX/Source/Windows/ARM64EC/Module.S:331:3: note: while in macro instantiation
  IOS_XP_COUNT 1088, x16, x23
  ^
<instantiation>:8:3: warning: register X23 is disallowed on ARM64EC.
  stadd x23, [x16]
  ^
/Users/runner/work/GTASanAndreas3DS/GTASanAndreas3DS/FEX/Source/Windows/ARM64EC/Module.S:331:3: note: while in macro instantiation
  IOS_XP_COUNT 1088, x16, x23
  ^
/Users/runner/work/GTASanAndreas3DS/GTASanAndreas3DS/FEX/Source/Windows/ARM64EC/Module.S:340:3: warning: register X23 is disallowed on ARM64EC.
  mov x23, sp
  ^
/Users/runner/work/GTASanAndreas3DS/GTASanAndreas3DS/FEX/Source/Windows/ARM64EC/Module.S:341:3: warning: register X23 is disallowed on ARM64EC.
  ubfx x23, x23, #16, #4
  ^
/Users/runner/work/GTASanAndreas3DS/GTASanAndreas3DS/FEX/Source/Windows/ARM64EC/Module.S:341:3: warning: register X23 is disallowed on ARM64EC.
  ubfx x23, x23, #16, #4
  ^
/Users/runner/work/GTASanAndreas3DS/GTASanAndreas3DS/FEX/Source/Windows/ARM64EC/Module.S:342:3: warning: register X23 is disallowed on ARM64EC.
  add x17, x16, x23, lsl #6
  ^
/Users/runner/work/GTASanAndreas3DS/GTASanAndreas3DS/FEX/Source/Windows/ARM64EC/Module.S:345:3: warning: register X23 is disallowed on ARM64EC.
  ldadd x4, x23, [x17]
  ^
/Users/runner/work/GTASanAndreas3DS/GTASanAndreas3DS/FEX/Source/Windows/ARM64EC/Module.S:346:3: warning: register X23 is disallowed on ARM64EC.
  tst x23, #63
  ^
/Users/runner/work/GTASanAndreas3DS/GTASanAndreas3DS/FEX/Source/Windows/ARM64EC/Module.S:349:3: warning: register X23 is disallowed on ARM64EC.
  ldadd x4, x23, [x17]
  ^
/Users/runner/work/GTASanAndreas3DS/GTASanAndreas3DS/FEX/Source/Windows/ARM64EC/Module.S:350:3: warning: register X23 is disallowed on ARM64EC.
  and x23, x23, #4095
  ^
/Users/runner/work/GTASanAndreas3DS/GTASanAndreas3DS/FEX/Source/Windows/ARM64EC/Module.S:350:3: warning: register X23 is disallowed on ARM64EC.
  and x23, x23, #4095
  ^
/Users/runner/work/GTASanAndreas3DS/GTASanAndreas3DS/FEX/Source/Windows/ARM64EC/Module.S:352:3: warning: register X23 is disallowed on ARM64EC.
  str x9, [x17, x23, lsl #3]
  ^
/Users/runner/work/GTASanAndreas3DS/GTASanAndreas3DS/FEX/Source/Windows/ARM64EC/Module.S:380:3: warning: register X23 is disallowed on ARM64EC.
  sub x23, x9, x17
  ^
/Users/runner/work/GTASanAndreas3DS/GTASanAndreas3DS/FEX/Source/Windows/ARM64EC/Module.S:381:3: warning: register X23 is disallowed on ARM64EC.
  cmp x23, x4
  ^
/Users/runner/work/GTASanAndreas3DS/GTASanAndreas3DS/FEX/Source/Windows/ARM64EC/Module.S:397:3: warning: register X23 is disallowed on ARM64EC.
  ldr x23, [x4]
  ^
/Users/runner/work/GTASanAndreas3DS/GTASanAndreas3DS/FEX/Source/Windows/ARM64EC/Module.S:398:3: warning: register X23 is disallowed on ARM64EC.
  sub x23, x9, x23
  ^
/Users/runner/work/GTASanAndreas3DS/GTASanAndreas3DS/FEX/Source/Windows/ARM64EC/Module.S:398:3: warning: register X23 is disallowed on ARM64EC.
  sub x23, x9, x23
  ^
/Users/runner/work/GTASanAndreas3DS/GTASanAndreas3DS/FEX/Source/Windows/ARM64EC/Module.S:400:3: warning: register X23 is disallowed on ARM64EC.
  cmp x23, x17
  ^
/Users/runner/work/GTASanAndreas3DS/GTASanAndreas3DS/FEX/Source/Windows/ARM64EC/Module.S:403:3: warning: register X23 is disallowed on ARM64EC.
  add x9, x17, x23
  ^
/Users/runner/work/GTASanAndreas3DS/GTASanAndreas3DS/FEX/Source/Windows/ARM64EC/Module.S:410:3: warning: register X23 is disallowed on ARM64EC.
  ldr x23, [x16]
  ^
/Users/runner/work/GTASanAndreas3DS/GTASanAndreas3DS/FEX/Source/Windows/ARM64EC/Module.S:411:3: warning: register X23 is disallowed on ARM64EC.
  sub x23, x9, x23
  ^
/Users/runner/work/GTASanAndreas3DS/GTASanAndreas3DS/FEX/Source/Windows/ARM64EC/Module.S:411:3: warning: register X23 is disallowed on ARM64EC.
  sub x23, x9, x23
  ^
/Users/runner/work/GTASanAndreas3DS/GTASanAndreas3DS/FEX/Source/Windows/ARM64EC/Module.S:413:3: warning: register X23 is disallowed on ARM64EC.
  cmp x23, x4
  ^
/Users/runner/work/GTASanAndreas3DS/GTASanAndreas3DS/FEX/Source/Windows/ARM64EC/Module.S:420:3: warning: register X23 is disallowed on ARM64EC.
  add x9, x4, x23
  ^
/Users/runner/work/GTASanAndreas3DS/GTASanAndreas3DS/FEX/Source/Windows/ARM64EC/Module.S:467:3: warning: register X23 is disallowed on ARM64EC.
  ldursw x23, [x17, #-0x4]
  ^
/Users/runner/work/GTASanAndreas3DS/GTASanAndreas3DS/FEX/Source/Windows/ARM64EC/Module.S:468:3: warning: register W23 is disallowed on ARM64EC.
  cmp w23, w16
  ^
/Users/runner/work/GTASanAndreas3DS/GTASanAndreas3DS/FEX/Source/Windows/ARM64EC/Module.S:471:3: warning: register X23 is disallowed on ARM64EC.
  and x23, x23, #-0x4
  ^
/Users/runner/work/GTASanAndreas3DS/GTASanAndreas3DS/FEX/Source/Windows/ARM64EC/Module.S:471:3: warning: register X23 is disallowed on ARM64EC.
  and x23, x23, #-0x4
  ^
/Users/runner/work/GTASanAndreas3DS/GTASanAndreas3DS/FEX/Source/Windows/ARM64EC/Module.S:472:3: warning: register X23 is disallowed on ARM64EC.
  add x17, x17, x23
  ^
[100%] Building CXX object Source/Windows/ARM64EC/CMakeFiles/arm64ecfex.dir/IosJitAlias.cpp.obj
cd /Users/runner/work/GTASanAndreas3DS/GTASanAndreas3DS/FEX/build-arm64ec/Source/Windows/ARM64EC && /opt/homebrew/bin/ccache sloppiness=time_macros /Users/runner/work/GTASanAndreas3DS/GTASanAndreas3DS/toolchains/llvm-mingw-20260616-ucrt-macos-universal/bin/arm64ec-w64-mingw32-clang++ -DARCHITECTURE_arm64=1 -DARCHITECTURE_arm64ec=1 -DFEXCORE_HAS_PRESERVE_ALL_ATTR=0 -DFEXCORE_PRESERVE_ALL_ATTR="" -DFEX_HAS_PRESERVE_ALL_ATTR=0 -DFEX_IOS_HOST -DFEX_PRESERVE_ALL_ATTR="" -DGLOBAL_DATA_DIRECTORY=\"/usr/local/share/fex-emu/\" -DHAS_PROGRAM_INVOCATION_NAME="" -DINLINE="static inline" -DINLINE_LEVEL=4 -DRANGES_DISABLE_DEPRECATED_WARNINGS -DSOFTFLOAT_BUILTIN_CLZ=1 -DSOFTFLOAT_FAST_DIV32TO16=1 -DSOFTFLOAT_FAST_DIV64TO32=1 -DSOFTFLOAT_FAST_INT64=1 -D_LARGEFILE64_SOURCE -Darm64ecfex_EXPORTS @CMakeFiles/arm64ecfex.dir/includes_CXX.rsp -DFEX_IOS_HOST -O3 -DNDEBUG -fomit-frame-pointer -std=gnu++20 -flto=thin -Wno-trigraphs -fdiagnostics-color=always -fcolor-diagnostics -Wno-deprecated-enum-enum-conversion -Wall -fno-strict-aliasing -MD -MT Source/Windows/ARM64EC/CMakeFiles/arm64ecfex.dir/IosJitAlias.cpp.obj -MF CMakeFiles/arm64ecfex.dir/IosJitAlias.cpp.obj.d -o CMakeFiles/arm64ecfex.dir/IosJitAlias.cpp.obj -c /Users/runner/work/GTASanAndreas3DS/GTASanAndreas3DS/FEX/Source/Windows/ARM64EC/IosJitAlias.cpp
[100%] Linking CXX shared library ../../../Bin/libarm64ecfex.dll
cd /Users/runner/work/GTASanAndreas3DS/GTASanAndreas3DS/FEX/build-arm64ec/Source/Windows/ARM64EC && /opt/homebrew/bin/cmake -E cmake_link_script CMakeFiles/arm64ecfex.dir/link.txt --verbose=1
ld.lld: error: undefined symbol: __gxx_personality_seh0 (EC symbol)
>>> referenced by /Users/runner/work/GTASanAndreas3DS/GTASanAndreas3DS/FEX/Source/Windows/ARM64EC/Module.cpp
>>>               objects.a(Module.cpp.obj)
>>> referenced by /Users/runner/work/GTASanAndreas3DS/GTASanAndreas3DS/FEX/Source/Common/Config.cpp
>>>               libCommon.a(Config.cpp.obj)
>>> referenced by /Users/runner/work/GTASanAndreas3DS/GTASanAndreas3DS/FEX/Source/Windows/Common/CPUFeatures.cpp
>>>               libCommonWindows.a(CPUFeatures.cpp.obj)
>>> referenced 9 more times

ld.lld: error: undefined symbol: std::__1::recursive_mutex::lock() (EC symbol)
>>> referenced by /Users/runner/work/GTASanAndreas3DS/GTASanAndreas3DS/FEX/Source/Windows/ARM64EC/Module.cpp
>>>               objects.a(Module.cpp.obj)

ld.lld: error: undefined symbol: std::__1::recursive_mutex::unlock() (EC symbol)
>>> referenced by /Users/runner/work/GTASanAndreas3DS/GTASanAndreas3DS/FEX/Source/Windows/ARM64EC/Module.cpp
>>>               objects.a(Module.cpp.obj)

ld.lld: error: undefined symbol: std::__1::__shared_mutex_base::__shared_mutex_base() (EC symbol)
>>> referenced by /Users/runner/work/GTASanAndreas3DS/GTASanAndreas3DS/FEX/Source/Windows/ARM64EC/Module.cpp
>>>               objects.a(Module.cpp.obj)
>>> referenced by /Users/runner/work/GTASanAndreas3DS/GTASanAndreas3DS/FEX/FEXCore/Source/Interface/Core/CodeCache.cpp
>>>               objects.a(CodeCache.cpp.obj)
>>> referenced by /Users/runner/work/GTASanAndreas3DS/GTASanAndreas3DS/FEX/FEXCore/Source/Interface/Core/Core.cpp
>>>               objects.a(Core.cpp.obj)
>>> referenced 2 more times

ld.lld: error: undefined symbol: std::__1::recursive_mutex::recursive_mutex() (EC symbol)
>>> referenced by /Users/runner/work/GTASanAndreas3DS/GTASanAndreas3DS/FEX/Source/Windows/ARM64EC/Module.cpp
>>>               objects.a(Module.cpp.obj)

ld.lld: error: undefined symbol: std::__1::recursive_mutex::~recursive_mutex() (EC symbol)
>>> referenced by /Users/runner/work/GTASanAndreas3DS/GTASanAndreas3DS/FEX/Source/Windows/ARM64EC/Module.cpp
>>>               objects.a(Module.cpp.obj)

ld.lld: error: undefined symbol: std::__1::__shared_mutex_base::lock_shared() (EC symbol)
>>> referenced by /Users/runner/work/GTASanAndreas3DS/GTASanAndreas3DS/FEX/Source/Windows/ARM64EC/Module.cpp
>>>               objects.a(Module.cpp.obj)
>>> referenced by /Users/runner/work/GTASanAndreas3DS/GTASanAndreas3DS/FEX/FEXCore/Source/Interface/Core/CodeCache.cpp
>>>               objects.a(CodeCache.cpp.obj)
>>> referenced by /Users/runner/work/GTASanAndreas3DS/GTASanAndreas3DS/FEX/FEXCore/Source/Interface/Core/Core.cpp
>>>               objects.a(Core.cpp.obj)
>>> referenced 2 more times

ld.lld: error: undefined symbol: std::__1::__shared_mutex_base::unlock_shared() (EC symbol)
>>> referenced by /Users/runner/work/GTASanAndreas3DS/GTASanAndreas3DS/FEX/Source/Windows/ARM64EC/Module.cpp
>>>               objects.a(Module.cpp.obj)
>>> referenced by /Users/runner/work/GTASanAndreas3DS/GTASanAndreas3DS/FEX/FEXCore/Source/Interface/Core/CodeCache.cpp
>>>               objects.a(CodeCache.cpp.obj)
>>> referenced by /Users/runner/work/GTASanAndreas3DS/GTASanAndreas3DS/FEX/FEXCore/Source/Interface/Core/Core.cpp
>>>               objects.a(Core.cpp.obj)
>>> referenced 2 more times

ld.lld: error: undefined symbol: std::__1::__shared_mutex_base::lock() (EC symbol)
>>> referenced by /Users/runner/work/GTASanAndreas3DS/GTASanAndreas3DS/FEX/Source/Windows/ARM64EC/Module.cpp
>>>               objects.a(Module.cpp.obj)
>>> referenced by /Users/runner/work/GTASanAndreas3DS/GTASanAndreas3DS/FEX/FEXCore/Source/Interface/Core/CodeCache.cpp
>>>               objects.a(CodeCache.cpp.obj)
>>> referenced by /Users/runner/work/GTASanAndreas3DS/GTASanAndreas3DS/FEX/FEXCore/Source/Interface/Core/Core.cpp
>>>               objects.a(Core.cpp.obj)
>>> referenced 2 more times

ld.lld: error: undefined symbol: std::__1::__shared_mutex_base::unlock() (EC symbol)
>>> referenced by /Users/runner/work/GTASanAndreas3DS/GTASanAndreas3DS/FEX/Source/Windows/ARM64EC/Module.cpp
>>>               objects.a(Module.cpp.obj)
>>> referenced by /Users/runner/work/GTASanAndreas3DS/GTASanAndreas3DS/FEX/FEXCore/Source/Interface/Core/CodeCache.cpp
>>>               objects.a(CodeCache.cpp.obj)
>>> referenced by /Users/runner/work/GTASanAndreas3DS/GTASanAndreas3DS/FEX/FEXCore/Source/Interface/Core/Core.cpp
>>>               objects.a(Core.cpp.obj)
>>> referenced 2 more times

ld.lld: error: undefined symbol: std::__1::this_thread::sleep_for(std::__1::chrono::duration<long long, std::__1::ratio<1ll, 1000000000ll>> const&) (EC symbol)
>>> referenced by /Users/runner/work/GTASanAndreas3DS/GTASanAndreas3DS/FEX/Source/Windows/ARM64EC/Module.cpp
>>>               objects.a(Module.cpp.obj)

ld.lld: error: undefined symbol: std::__1::__next_prime(unsigned long long) (EC symbol)
>>> referenced by /Users/runner/work/GTASanAndreas3DS/GTASanAndreas3DS/FEX/Source/Windows/ARM64EC/Module.cpp
>>>               objects.a(Module.cpp.obj)
>>> referenced by /Users/runner/work/GTASanAndreas3DS/GTASanAndreas3DS/FEX/FEXCore/Source/Interface/Core/Core.cpp
>>>               objects.a(Core.cpp.obj)
>>> referenced by /Users/runner/work/GTASanAndreas3DS/GTASanAndreas3DS/FEX/FEXCore/Source/Interface/Core/OpcodeDispatcher/Crypto.cpp
>>>               objects.a(Crypto.cpp.obj)
>>> referenced 7 more times

ld.lld: error: undefined symbol: std::__1::pmr::memory_resource::~memory_resource() (EC symbol)
>>> referenced by /Users/runner/work/GTASanAndreas3DS/GTASanAndreas3DS/FEX/FEXCore/Source/Interface/Core/LookupCache.cpp
>>>               objects.a(LookupCache.cpp.obj)
>>> referenced by /Users/runner/work/GTASanAndreas3DS/GTASanAndreas3DS/FEX/FEXCore/Source/Interface/Core/CPUBackend.cpp
>>>               objects.a(CPUBackend.cpp.obj)
>>> referenced by /Users/runner/work/GTASanAndreas3DS/GTASanAndreas3DS/FEX/FEXCore/Source/Utils/Allocator.cpp
>>>               libFEXCore_Base.a(Allocator.cpp.obj)

ld.lld: error: undefined symbol: std::__1::__libcpp_verbose_abort(char const*, ...) (EC symbol)
>>> referenced by /Users/runner/work/GTASanAndreas3DS/GTASanAndreas3DS/FEX/FEXCore/Source/Interface/Core/LookupCache.cpp
>>>               objects.a(LookupCache.cpp.obj)
>>> referenced by /Users/runner/work/GTASanAndreas3DS/GTASanAndreas3DS/FEX/FEXCore/Source/Interface/Core/CodeCache.cpp
>>>               objects.a(CodeCache.cpp.obj)
>>> referenced by /Users/runner/work/GTASanAndreas3DS/GTASanAndreas3DS/FEX/FEXCore/Source/Interface/Core/Core.cpp
>>>               objects.a(Core.cpp.obj)
>>> referenced 23 more times

ld.lld: error: undefined symbol: std::__1::__fs::filesystem::__wide_to_char(std::__1::basic_string<wchar_t, std::__1::char_traits<wchar_t>, std::__1::allocator<wchar_t>> const&, char*, unsigned long long) (EC symbol)
>>> referenced by /Users/runner/work/GTASanAndreas3DS/GTASanAndreas3DS/FEX/FEXCore/Source/Interface/Core/CodeCache.cpp
>>>               objects.a(CodeCache.cpp.obj)
>>> referenced by /Users/runner/work/GTASanAndreas3DS/GTASanAndreas3DS/FEX/FEXCore/Source/Interface/Config/Config.cpp
>>>               libFEXCore_Base.a(Config.cpp.obj)
>>> referenced by /Users/runner/work/GTASanAndreas3DS/GTASanAndreas3DS/FEX/Source/Common/Config.cpp
>>>               libCommon.a(Config.cpp.obj)

ld.lld: error: undefined symbol: std::__1::__fs::filesystem::__char_to_wide(std::__1::basic_string<char, std::__1::char_traits<char>, std::__1::allocator<char>> const&, wchar_t*, unsigned long long) (EC symbol)
>>> referenced by /Users/runner/work/GTASanAndreas3DS/GTASanAndreas3DS/FEX/FEXCore/Source/Interface/Core/CodeCache.cpp
>>>               objects.a(CodeCache.cpp.obj)
>>> referenced by /Users/runner/work/GTASanAndreas3DS/GTASanAndreas3DS/FEX/FEXCore/Source/Utils/Telemetry.cpp
>>>               objects.a(Telemetry.cpp.obj)
>>> referenced by /Users/runner/work/GTASanAndreas3DS/GTASanAndreas3DS/FEX/FEXCore/Source/Interface/Config/Config.cpp
>>>               libFEXCore_Base.a(Config.cpp.obj)
>>> referenced 2 more times

ld.lld: error: undefined symbol: std::__1::__fs::filesystem::path::__filename() const (EC symbol)
>>> referenced by /Users/runner/work/GTASanAndreas3DS/GTASanAndreas3DS/FEX/FEXCore/Source/Interface/Core/CodeCache.cpp
>>>               objects.a(CodeCache.cpp.obj)
>>> referenced by /Users/runner/work/GTASanAndreas3DS/GTASanAndreas3DS/FEX/Source/Common/Config.cpp
>>>               libCommon.a(Config.cpp.obj)

ld.lld: error: undefined symbol: std::__1::mutex::lock() (EC symbol)
>>> referenced by /Users/runner/work/GTASanAndreas3DS/GTASanAndreas3DS/FEX/FEXCore/Source/Interface/Core/CodeCache.cpp
>>>               objects.a(CodeCache.cpp.obj)
>>> referenced by /Users/runner/work/GTASanAndreas3DS/GTASanAndreas3DS/FEX/FEXCore/Source/Interface/Core/Core.cpp
>>>               objects.a(Core.cpp.obj)
>>> referenced by /Users/runner/work/GTASanAndreas3DS/GTASanAndreas3DS/FEX/FEXCore/Source/Interface/Core/CPUBackend.cpp
>>>               objects.a(CPUBackend.cpp.obj)
>>> referenced 3 more times

ld.lld: error: undefined symbol: std::__1::mutex::unlock() (EC symbol)
>>> referenced by /Users/runner/work/GTASanAndreas3DS/GTASanAndreas3DS/FEX/FEXCore/Source/Interface/Core/CodeCache.cpp
>>>               objects.a(CodeCache.cpp.obj)
>>> referenced by /Users/runner/work/GTASanAndreas3DS/GTASanAndreas3DS/FEX/FEXCore/Source/Interface/Core/Core.cpp
>>>               objects.a(Core.cpp.obj)
>>> referenced by /Users/runner/work/GTASanAndreas3DS/GTASanAndreas3DS/FEX/FEXCore/Source/Interface/Core/CPUBackend.cpp
>>>               objects.a(CPUBackend.cpp.obj)
>>> referenced 3 more times

ld.lld: error: undefined symbol: std::__1::mutex::try_lock() (EC symbol)
>>> referenced by /Users/runner/work/GTASanAndreas3DS/GTASanAndreas3DS/FEX/FEXCore/Source/Interface/Core/JIT/JIT.cpp
>>>               objects.a(JIT.cpp.obj)

ld.lld: error: too many errors emitted, stopping now (use --error-limit=0 to see all errors)
clang: error: linker command failed with exit code 1 (use -v to see invocation)
/opt/homebrew/bin/cmake -E rm -f CMakeFiles/arm64ecfex.dir/objects.a
arm64ec-w64-mingw32-ar qc CMakeFiles/arm64ecfex.dir/objects.a @CMakeFiles/arm64ecfex.dir/objects1.rsp
/Users/runner/work/GTASanAndreas3DS/GTASanAndreas3DS/toolchains/llvm-mingw-20260616-ucrt-macos-universal/bin/arm64ec-w64-mingw32-clang++ -DFEX_IOS_HOST -O3 -DNDEBUG -fomit-frame-pointer -flto=thin -shared -static -static-libgcc -static-libstdc++ -Wl,--file-alignment=4096,/mllvm:-align-loops=1 /Users/runner/work/GTASanAndreas3DS/GTASanAndreas3DS/FEX/Source/Windows/ARM64EC/libarm64ecfex.def -static -o ../../../Bin/libarm64ecfex.dll -Wl,--out-implib,libarm64ecfex.dll.a -Wl,--major-image-version,0,--minor-image-version,0 -Wl,--whole-archive CMakeFiles/arm64ecfex.dir/objects.a -Wl,--no-whole-archive @CMakeFiles/arm64ecfex.dir/linkLibs.rsp
make[3]: *** [Bin/libarm64ecfex.dll] Error 1
make[2]: *** [Source/Windows/ARM64EC/CMakeFiles/arm64ecfex.dir/all] Error 2
make[1]: *** [Source/Windows/ARM64EC/CMakeFiles/arm64ecfex.dir/rule] Error 2
make: *** [arm64ecfex] Error 2



======================== fex-build.log ========================
-- The C compiler identification is AppleClang 17.0.0.17000013
-- The CXX compiler identification is AppleClang 17.0.0.17000013
-- The ASM compiler identification is AppleClang
-- Found assembler: /usr/bin/cc
-- Detecting C compiler ABI info
-- Detecting C compiler ABI info - done
-- Check for working C compiler: /usr/bin/cc - skipped
-- Detecting C compile features
-- Detecting C compile features - done
-- Detecting CXX compiler ABI info
-- Detecting CXX compiler ABI info - done
-- Check for working CXX compiler: /usr/bin/c++ - skipped
-- Detecting CXX compile features
-- Detecting CXX compile features - done
-- Looking for include file gdb/jit-reader.h
-- Looking for include file gdb/jit-reader.h - not found
-- Clang version 17.0.0.17000013
-- Performing Test HAS_CLANG_PRESERVE_ALL
-- Performing Test HAS_CLANG_PRESERVE_ALL - Success
-- Has clang::preserve_all
-- Performing Test HAS_PROGRAM_INVOCATION_NAME
-- Performing Test HAS_PROGRAM_INVOCATION_NAME - Failed
-- Enabling ccache 4.14
-- Apple platform detected — disabling jemalloc and rpmalloc
-- Found Python: /opt/homebrew/Frameworks/Python.framework/Versions/3.14/bin/python3.14 (found suitable version "3.14.7", minimum required is "3.9") found components: Interpreter
-- xxHash build type: RELEASE
-- Architecture: arm64
-- {fmt} version: 12.1.0
-- Build type: RELEASE
-- Performing Test HAS_NULLPTR_WARNING
-- Performing Test HAS_NULLPTR_WARNING - Success
CMake Warning (deprecated) at External/range-v3/CMakeLists.txt:8 (cmake_minimum_required):
  Compatibility with CMake < 3.10 will be removed from a future version of
  CMake.

  Update the VERSION argument <min> value.  Or, use the <min>...<max> syntax
  to tell CMake that the project requires at least <min> but has been updated
  to work with policies introduced by <max> or earlier.
This warning is for project developers.  Use -Wno-author or -Wno-deprecated
to suppress it.

CMake Warning at External/range-v3/cmake/ranges_env.cmake:65 (message):
  [range-v3 warning]: unknown system iOS !
Call Stack (most recent call first):
  External/range-v3/CMakeLists.txt:24 (include)


CMake Warning at External/range-v3/cmake/ranges_env.cmake:92 (message):
  [range-v3 warning]: unknown build type, defaults to release!
Call Stack (most recent call first):
  External/range-v3/CMakeLists.txt:24 (include)


-- Found Git: /opt/homebrew/bin/git (found version "2.55.0")
-- [range-v3]: C++ std=2a
-- Performing Test RANGES_HAS_CXXSTD
-- Performing Test RANGES_HAS_CXXSTD - Success
-- Performing Test RANGES_HAS_WALL
-- Performing Test RANGES_HAS_WALL - Success
-- Performing Test RANGES_HAS_WEXTRA
-- Performing Test RANGES_HAS_WEXTRA - Success
-- Performing Test RANGES_HAS_WERROR
-- Performing Test RANGES_HAS_WERROR - Success
-- Performing Test RANGES_HAS_FDIAGNOSTIC_SHOW_TEMPLATE_TREE
-- Performing Test RANGES_HAS_FDIAGNOSTIC_SHOW_TEMPLATE_TREE - Success
-- Performing Test RANGES_HAS_FTEMPLATE_BACKTRACE_LIMIT
-- Performing Test RANGES_HAS_FTEMPLATE_BACKTRACE_LIMIT - Success
-- Performing Test RANGES_HAS_FMACRO_BACKTRACE_LIMIT
-- Performing Test RANGES_HAS_FMACRO_BACKTRACE_LIMIT - Success
-- Performing Test RANGES_HAS_OMIT_FRAME_POINTER
-- Performing Test RANGES_HAS_OMIT_FRAME_POINTER - Success
-- Performing Test RANGES_HAS_OFAST
-- Performing Test RANGES_HAS_OFAST - Success
-- Performing Test RANGES_HAS_STRICT_ALIASING
-- Performing Test RANGES_HAS_STRICT_ALIASING - Success
-- Performing Test RANGES_HAS_STRICT_VTABLE_POINTERS
-- Performing Test RANGES_HAS_STRICT_VTABLE_POINTERS - Success
-- Performing Test RANGES_HAS_FAST_MATH
-- Performing Test RANGES_HAS_FAST_MATH - Success
-- Performing Test RANGES_HAS_VECTORIZE
-- Performing Test RANGES_HAS_VECTORIZE - Success
-- Performing Test RANGES_HAS_SIZED_DEALLOCATION
-- Performing Test RANGES_HAS_SIZED_DEALLOCATION - Success
-- Performing Test RANGES_HAS_MARCH_NATIVE
-- Performing Test RANGES_HAS_MARCH_NATIVE - Success
-- Performing Test RANGES_HAS_MTUNE_NATIVE
-- Performing Test RANGES_HAS_MTUNE_NATIVE - Success
-- Performing Test RANGE_V3_ALIGNED_NEW_PROBE
-- Performing Test RANGE_V3_ALIGNED_NEW_PROBE - Success
-- Performing Test RANGES_HAS_FCOROUTINES_TS
-- Performing Test RANGES_HAS_FCOROUTINES_TS - Failed
-- Performing Test RANGE_V3_HAS_FCONCEPTS
-- Performing Test RANGE_V3_HAS_FCONCEPTS - Failed
-- Performing Test GCC_COLOR
-- Performing Test GCC_COLOR - Success
-- Performing Test CLANG_COLOR
-- Performing Test CLANG_COLOR - Success
-- Performing Test ENUM_ENUM_WARNING
-- Performing Test ENUM_ENUM_WARNING - Success
-- Performing Test COMPILER_SUPPORTS_CPU_TYPE
-- Performing Test COMPILER_SUPPORTS_CPU_TYPE - Success
-- FEX version: Madeira-iOS
-- FEX commit: 7b528d8a57cb12b794c589dd7e42fff813fc9abd
-- Performing Test HAS_SYSCALL_GETCPU
-- Performing Test HAS_SYSCALL_GETCPU - Failed
-- Performing Test HAS_SYSCALL_GETTID
-- Performing Test HAS_SYSCALL_GETTID - Failed
-- Performing Test HAS_SYSCALL_TGKILL
-- Performing Test HAS_SYSCALL_TGKILL - Failed
-- Performing Test HAS_SYSCALL_STATX
-- Performing Test HAS_SYSCALL_STATX - Failed
-- Performing Test HAS_SYSCALL_RENAMEAT2
-- Performing Test HAS_SYSCALL_RENAMEAT2 - Failed
-- Configuring done (8.1s)
-- Generating done (0.1s)
-- Build files have been written to: /Users/runner/work/GTASanAndreas3DS/GTASanAndreas3DS/FEX/build-ios
[  0%] Generating ../../include/FEXCore/Config/ConfigValues.inl, ../../include/FEXCore/Config/ConfigOptions.inl, ../../generated/FEX.1
[  1%] Generating ../../generated/FEX.1.gz
[  1%] Built target CONFIG_INC
[  2%] Building C object External/xxhash/cmake_unofficial/CMakeFiles/xxhash.dir/__/xxhash.c.o
[  3%] Linking C static library libxxhash.a
[  3%] Built target xxhash
[  4%] Building CXX object External/fmt/CMakeFiles/fmt.dir/src/format.cc.o
[  4%] Building CXX object External/fmt/CMakeFiles/fmt.dir/src/os.cc.o
[  5%] Linking CXX static library libfmt.a
[  5%] Built target fmt
[  5%] Building C object External/SoftFloat-3e/CMakeFiles/softfloat_3e.dir/src/extF80_add.c.o
[  6%] Building C object External/SoftFloat-3e/CMakeFiles/softfloat_3e.dir/src/extF80_div.c.o
[  6%] Building C object External/SoftFloat-3e/CMakeFiles/softfloat_3e.dir/src/extF80_sub.c.o
[  7%] Building C object External/SoftFloat-3e/CMakeFiles/softfloat_3e.dir/src/extF80_mul.c.o
[  8%] Building C object External/SoftFloat-3e/CMakeFiles/softfloat_3e.dir/src/extF80_rem.c.o
[  8%] Building C object External/SoftFloat-3e/CMakeFiles/softfloat_3e.dir/src/extF80_sqrt.c.o
[  9%] Building C object External/SoftFloat-3e/CMakeFiles/softfloat_3e.dir/src/extF80_le.c.o
[  9%] Building C object External/SoftFloat-3e/CMakeFiles/softfloat_3e.dir/src/extF80_to_i32.c.o
[ 10%] Building C object External/SoftFloat-3e/CMakeFiles/softfloat_3e.dir/src/extF80_to_i64.c.o
[ 11%] Building C object External/SoftFloat-3e/CMakeFiles/softfloat_3e.dir/src/extF80_to_ui64.c.o
[ 11%] Building C object External/SoftFloat-3e/CMakeFiles/softfloat_3e.dir/src/extF80_to_f32.c.o
[ 12%] Building C object External/SoftFloat-3e/CMakeFiles/softfloat_3e.dir/src/extF80_to_f64.c.o
[ 12%] Building C object External/SoftFloat-3e/CMakeFiles/softfloat_3e.dir/src/i32_to_extF80.c.o
[ 13%] Building C object External/SoftFloat-3e/CMakeFiles/softfloat_3e.dir/src/ui64_to_extF80.c.o
[ 14%] Building C object External/SoftFloat-3e/CMakeFiles/softfloat_3e.dir/src/extF80_to_f128.c.o
[ 14%] Building C object External/SoftFloat-3e/CMakeFiles/softfloat_3e.dir/src/f128_to_extF80.c.o
[ 15%] Building C object External/SoftFloat-3e/CMakeFiles/softfloat_3e.dir/src/f128_add.c.o
[ 15%] Building C object External/SoftFloat-3e/CMakeFiles/softfloat_3e.dir/src/f128_div.c.o
[ 16%] Building C object External/SoftFloat-3e/CMakeFiles/softfloat_3e.dir/src/f128_eq.c.o
[ 17%] Building C object External/SoftFloat-3e/CMakeFiles/softfloat_3e.dir/src/f128_eq_signaling.c.o
[ 17%] Building C object External/SoftFloat-3e/CMakeFiles/softfloat_3e.dir/src/f128_isSignalingNaN.c.o
[ 18%] Building C object External/SoftFloat-3e/CMakeFiles/softfloat_3e.dir/src/f128_le.c.o
[ 18%] Building C object External/SoftFloat-3e/CMakeFiles/softfloat_3e.dir/src/f128_le_quiet.c.o
[ 19%] Building C object External/SoftFloat-3e/CMakeFiles/softfloat_3e.dir/src/f128_lt.c.o
[ 20%] Building C object External/SoftFloat-3e/CMakeFiles/softfloat_3e.dir/src/f128_lt_quiet.c.o
[ 20%] Building C object External/SoftFloat-3e/CMakeFiles/softfloat_3e.dir/src/f128_mulAdd.c.o
[ 21%] Building C object External/SoftFloat-3e/CMakeFiles/softfloat_3e.dir/src/f128_mul.c.o
[ 21%] Building C object External/SoftFloat-3e/CMakeFiles/softfloat_3e.dir/src/f128_rem.c.o
[ 22%] Building C object External/SoftFloat-3e/CMakeFiles/softfloat_3e.dir/src/f128_sqrt.c.o
[ 23%] Building C object External/SoftFloat-3e/CMakeFiles/softfloat_3e.dir/src/f128_sub.c.o
[ 23%] Building C object External/SoftFloat-3e/CMakeFiles/softfloat_3e.dir/src/f128_to_f16.c.o
[ 24%] Building C object External/SoftFloat-3e/CMakeFiles/softfloat_3e.dir/src/f128_to_f32.c.o
[ 24%] Building C object External/SoftFloat-3e/CMakeFiles/softfloat_3e.dir/src/f128_to_f64.c.o
[ 25%] Building C object External/SoftFloat-3e/CMakeFiles/softfloat_3e.dir/src/f128_to_i32.c.o
[ 26%] Building C object External/SoftFloat-3e/CMakeFiles/softfloat_3e.dir/src/f128_to_i64.c.o
[ 26%] Building C object External/SoftFloat-3e/CMakeFiles/softfloat_3e.dir/src/f128_to_ui32.c.o
[ 27%] Building C object External/SoftFloat-3e/CMakeFiles/softfloat_3e.dir/src/f128_to_ui64.c.o
[ 27%] Building C object External/SoftFloat-3e/CMakeFiles/softfloat_3e.dir/src/s_addMagsF128.c.o
[ 28%] Building C object External/SoftFloat-3e/CMakeFiles/softfloat_3e.dir/src/s_subMagsF128.c.o
[ 29%] Building C object External/SoftFloat-3e/CMakeFiles/softfloat_3e.dir/src/s_normRoundPackToF128.c.o
[ 29%] Building C object External/SoftFloat-3e/CMakeFiles/softfloat_3e.dir/src/s_roundPackToF128.c.o
[ 30%] Building C object External/SoftFloat-3e/CMakeFiles/softfloat_3e.dir/src/s_propagateNaNF128UI.c.o
[ 30%] Building C object External/SoftFloat-3e/CMakeFiles/softfloat_3e.dir/src/f32_to_f128.c.o
[ 31%] Building C object External/SoftFloat-3e/CMakeFiles/softfloat_3e.dir/src/i32_to_f128.c.o
[ 31%] Building C object External/SoftFloat-3e/CMakeFiles/softfloat_3e.dir/src/s_roundToUI64.c.o
[ 32%] Building C object External/SoftFloat-3e/CMakeFiles/softfloat_3e.dir/src/s_f128UIToCommonNaN.c.o
[ 34%] Building C object External/SoftFloat-3e/CMakeFiles/softfloat_3e.dir/src/s_commonNaNToF128UI.c.o
[ 34%] Building C object External/SoftFloat-3e/CMakeFiles/softfloat_3e.dir/src/s_normSubnormalF128Sig.c.o
[ 35%] Building C object External/SoftFloat-3e/CMakeFiles/softfloat_3e.dir/src/s_roundToI32.c.o
[ 35%] Building C object External/SoftFloat-3e/CMakeFiles/softfloat_3e.dir/src/s_roundToI64.c.o
[ 36%] Building C object External/SoftFloat-3e/CMakeFiles/softfloat_3e.dir/src/s_roundPackToF32.c.o
[ 37%] Building C object External/SoftFloat-3e/CMakeFiles/softfloat_3e.dir/src/s_addMagsExtF80.c.o
[ 37%] Building C object External/SoftFloat-3e/CMakeFiles/softfloat_3e.dir/src/s_extF80UIToCommonNaN.c.o
[ 38%] Building C object External/SoftFloat-3e/CMakeFiles/softfloat_3e.dir/src/s_commonNaNToF32UI.c.o
[ 38%] Building C object External/SoftFloat-3e/CMakeFiles/softfloat_3e.dir/src/s_commonNaNToF64UI.c.o
[ 39%] Building C object External/SoftFloat-3e/CMakeFiles/softfloat_3e.dir/src/s_roundPackToF64.c.o
[ 40%] Building C object External/SoftFloat-3e/CMakeFiles/softfloat_3e.dir/src/s_propagateNaNExtF80UI.c.o
[ 40%] Building C object External/SoftFloat-3e/CMakeFiles/softfloat_3e.dir/src/s_roundPackToExtF80.c.o
[ 41%] Building C object External/SoftFloat-3e/CMakeFiles/softfloat_3e.dir/src/s_normSubnormalExtF80Sig.c.o
[ 41%] Building C object External/SoftFloat-3e/CMakeFiles/softfloat_3e.dir/src/s_subMagsExtF80.c.o
[ 42%] Building C object External/SoftFloat-3e/CMakeFiles/softfloat_3e.dir/src/s_shiftRightJam128.c.o
[ 43%] Building C object External/SoftFloat-3e/CMakeFiles/softfloat_3e.dir/src/s_shiftRightJam128Extra.c.o
[ 43%] Building C object External/SoftFloat-3e/CMakeFiles/softfloat_3e.dir/src/s_normRoundPackToExtF80.c.o
[ 44%] Building C object External/SoftFloat-3e/CMakeFiles/softfloat_3e.dir/src/s_approxRecip_1Ks.c.o
[ 44%] Building C object External/SoftFloat-3e/CMakeFiles/softfloat_3e.dir/src/s_approxRecipSqrt32_1.c.o
[ 45%] Building C object External/SoftFloat-3e/CMakeFiles/softfloat_3e.dir/src/s_approxRecipSqrt_1Ks.c.o
[ 46%] Building C object External/SoftFloat-3e/CMakeFiles/softfloat_3e.dir/src/softfloat_raiseFlags.c.o
[ 46%] Building C object External/SoftFloat-3e/CMakeFiles/softfloat_3e.dir/src/f64_to_extF80.c.o
[ 47%] Building C object External/SoftFloat-3e/CMakeFiles/softfloat_3e.dir/src/s_commonNaNToExtF80UI.c.o
[ 47%] Building C object External/SoftFloat-3e/CMakeFiles/softfloat_3e.dir/src/s_normSubnormalF64Sig.c.o
[ 48%] Building C object External/SoftFloat-3e/CMakeFiles/softfloat_3e.dir/src/s_f64UIToCommonNaN.c.o
[ 49%] Building C object External/SoftFloat-3e/CMakeFiles/softfloat_3e.dir/src/extF80_roundToInt.c.o
[ 49%] Building C object External/SoftFloat-3e/CMakeFiles/softfloat_3e.dir/src/extF80_eq.c.o
[ 50%] Building C object External/SoftFloat-3e/CMakeFiles/softfloat_3e.dir/src/extF80_lt.c.o
[ 50%] Building C object External/SoftFloat-3e/CMakeFiles/softfloat_3e.dir/src/f32_to_extF80.c.o
[ 51%] Building C object External/SoftFloat-3e/CMakeFiles/softfloat_3e.dir/src/s_normSubnormalF32Sig.c.o
[ 52%] Building C object External/SoftFloat-3e/CMakeFiles/softfloat_3e.dir/src/s_f32UIToCommonNaN.c.o
[ 52%] Linking C static library libsoftfloat_3e.a
[ 52%] Built target softfloat_3e
[ 53%] Building CXX object External/cephes/CMakeFiles/cephes_128bit.dir/src/128bit/Impl.cpp.o
[ 54%] Building C object External/cephes/CMakeFiles/cephes_128bit.dir/src/128bit/atanll.c.o
[ 54%] Building C object External/cephes/CMakeFiles/cephes_128bit.dir/src/128bit/constll.c.o
[ 55%] Building C object External/cephes/CMakeFiles/cephes_128bit.dir/src/128bit/exp2ll.c.o
[ 55%] Building C object External/cephes/CMakeFiles/cephes_128bit.dir/src/128bit/floorll.c.o
[ 56%] Building C object External/cephes/CMakeFiles/cephes_128bit.dir/src/128bit/log2ll.c.o
[ 57%] Building C object External/cephes/CMakeFiles/cephes_128bit.dir/src/128bit/mtherr.c.o
[ 57%] Building C object External/cephes/CMakeFiles/cephes_128bit.dir/src/128bit/polevll.c.o
[ 58%] Building C object External/cephes/CMakeFiles/cephes_128bit.dir/src/128bit/sinll.c.o
[ 58%] Building C object External/cephes/CMakeFiles/cephes_128bit.dir/src/128bit/tanll.c.o
[ 59%] Linking CXX static library libcephes_128bit.a
[ 59%] Built target cephes_128bit
[ 59%] Generating ../../include/FEXCore/IR/IRDefines.inc, ../../include/FEXCore/IR/IRDefines_Dispatch.inc
[ 60%] Generating ../../IR.md
[ 60%] Built target IR_INC
[ 61%] Building CXX object FEXCore/Source/CMakeFiles/FEXCore_Base.dir/Interface/Config/Config.cpp.o
[ 61%] Building CXX object FEXCore/Source/CMakeFiles/FEXCore_Base.dir/Utils/Allocator.cpp.o
[ 62%] Building CXX object FEXCore/Source/CMakeFiles/FEXCore_Base.dir/Utils/FileLoading.cpp.o
[ 63%] Building CXX object FEXCore/Source/CMakeFiles/FEXCore_Base.dir/Utils/ForcedAssert.cpp.o
[ 63%] Building CXX object FEXCore/Source/CMakeFiles/FEXCore_Base.dir/Utils/LogManager.cpp.o
[ 64%] Building CXX object FEXCore/Source/CMakeFiles/FEXCore_Base.dir/Utils/SpinWaitLock.cpp.o
[ 64%] Building CXX object FEXCore/Source/CMakeFiles/FEXCore_Base.dir/Utils/WildcardMatcher.cpp.o
[ 65%] Linking CXX static library libFEXCore_Base.a
[ 65%] Built target FEXCore_Base
[ 67%] Building CXX object FEXCore/Source/CMakeFiles/FEXCore_object.dir/Common/JitSymbols.cpp.o
[ 67%] Building CXX object FEXCore/Source/CMakeFiles/FEXCore_object.dir/Interface/Context/Context.cpp.o
[ 68%] Building CXX object FEXCore/Source/CMakeFiles/FEXCore_object.dir/Interface/Core/LookupCache.cpp.o
[ 68%] Building CXX object FEXCore/Source/CMakeFiles/FEXCore_object.dir/Interface/Core/CodeCache.cpp.o
[ 69%] Building CXX object FEXCore/Source/CMakeFiles/FEXCore_object.dir/Interface/Core/Core.cpp.o
[ 70%] Building CXX object FEXCore/Source/CMakeFiles/FEXCore_object.dir/Interface/Core/CPUBackend.cpp.o
[ 70%] Building CXX object FEXCore/Source/CMakeFiles/FEXCore_object.dir/Interface/Core/Addressing.cpp.o
[ 71%] Building CXX object FEXCore/Source/CMakeFiles/FEXCore_object.dir/Interface/Core/CPUID.cpp.o
[ 71%] Building CXX object FEXCore/Source/CMakeFiles/FEXCore_object.dir/Interface/Core/Frontend.cpp.o
[ 72%] Building CXX object FEXCore/Source/CMakeFiles/FEXCore_object.dir/Interface/Core/OpcodeDispatcher/AVX_128.cpp.o
[ 73%] Building CXX object FEXCore/Source/CMakeFiles/FEXCore_object.dir/Interface/Core/OpcodeDispatcher/Crypto.cpp.o
[ 73%] Building CXX object FEXCore/Source/CMakeFiles/FEXCore_object.dir/Interface/Core/OpcodeDispatcher/Flags.cpp.o
[ 74%] Building CXX object FEXCore/Source/CMakeFiles/FEXCore_object.dir/Interface/Core/OpcodeDispatcher/Vector.cpp.o
[ 74%] Building CXX object FEXCore/Source/CMakeFiles/FEXCore_object.dir/Interface/Core/OpcodeDispatcher/X87.cpp.o
[ 75%] Building CXX object FEXCore/Source/CMakeFiles/FEXCore_object.dir/Interface/Core/OpcodeDispatcher/X87F64.cpp.o
[ 76%] Building CXX object FEXCore/Source/CMakeFiles/FEXCore_object.dir/Interface/Core/OpcodeDispatcher.cpp.o
[ 76%] Building CXX object FEXCore/Source/CMakeFiles/FEXCore_object.dir/Interface/Core/ArchHelpers/Arm64Emitter.cpp.o
[ 77%] Building CXX object FEXCore/Source/CMakeFiles/FEXCore_object.dir/Interface/Core/Dispatcher/Dispatcher.cpp.o
[ 77%] Building CXX object FEXCore/Source/CMakeFiles/FEXCore_object.dir/Interface/Core/Interpreter/Fallbacks/InterpreterFallbacks.cpp.o
[ 78%] Building CXX object FEXCore/Source/CMakeFiles/FEXCore_object.dir/Interface/Core/Interpreter/Fallbacks/StringCompareFallbacks.cpp.o
[ 79%] Building CXX object FEXCore/Source/CMakeFiles/FEXCore_object.dir/Interface/Core/JIT/JIT.cpp.o
[1m/Users/runner/work/GTASanAndreas3DS/GTASanAndreas3DS/FEX/FEXCore/Source/Interface/Core/JIT/JIT.cpp:1110:11: [0m[0;1;35mwarning: [0m[1mvariable 'OpIdx' set but not used [-Wunused-but-set-variable][0m
 1110 |       [0;34mint[0m OpIdx = [0;32m0[0m;[0m
      | [0;1;32m          ^
[0m1 warning generated.
[ 79%] Building CXX object FEXCore/Source/CMakeFiles/FEXCore_object.dir/Interface/Core/JIT/ALUOps.cpp.o
[ 80%] Building CXX object FEXCore/Source/CMakeFiles/FEXCore_object.dir/Interface/Core/JIT/AtomicOps.cpp.o
[ 80%] Building CXX object FEXCore/Source/CMakeFiles/FEXCore_object.dir/Interface/Core/JIT/BranchOps.cpp.o
[ 81%] Building CXX object FEXCore/Source/CMakeFiles/FEXCore_object.dir/Interface/Core/JIT/ConversionOps.cpp.o
[ 82%] Building CXX object FEXCore/Source/CMakeFiles/FEXCore_object.dir/Interface/Core/JIT/EncryptionOps.cpp.o
[ 82%] Building CXX object FEXCore/Source/CMakeFiles/FEXCore_object.dir/Interface/Core/JIT/MemoryOps.cpp.o
[ 83%] Building CXX object FEXCore/Source/CMakeFiles/FEXCore_object.dir/Interface/Core/JIT/MiscOps.cpp.o
[ 83%] Building CXX object FEXCore/Source/CMakeFiles/FEXCore_object.dir/Interface/Core/JIT/MoveOps.cpp.o
[ 84%] Building CXX object FEXCore/Source/CMakeFiles/FEXCore_object.dir/Interface/Core/JIT/VectorOps.cpp.o
[ 85%] Building CXX object FEXCore/Source/CMakeFiles/FEXCore_object.dir/Interface/Core/JIT/Arm64Relocations.cpp.o
[ 85%] Building CXX object FEXCore/Source/CMakeFiles/FEXCore_object.dir/Interface/Core/X86Tables/BaseTables.cpp.o
[ 86%] Building CXX object FEXCore/Source/CMakeFiles/FEXCore_object.dir/Interface/Core/X86Tables/DDDTables.cpp.o
[ 86%] Building CXX object FEXCore/Source/CMakeFiles/FEXCore_object.dir/Interface/Core/X86Tables/H0F38Tables.cpp.o
[ 87%] Building CXX object FEXCore/Source/CMakeFiles/FEXCore_object.dir/Interface/Core/X86Tables/H0F3ATables.cpp.o
[ 87%] Building CXX object FEXCore/Source/CMakeFiles/FEXCore_object.dir/Interface/Core/X86Tables/PrimaryGroupTables.cpp.o
[ 88%] Building CXX object FEXCore/Source/CMakeFiles/FEXCore_object.dir/Interface/Core/X86Tables/SecondaryGroupTables.cpp.o
[ 89%] Building CXX object FEXCore/Source/CMakeFiles/FEXCore_object.dir/Interface/Core/X86Tables/SecondaryModRMTables.cpp.o
[ 89%] Building CXX object FEXCore/Source/CMakeFiles/FEXCore_object.dir/Interface/Core/X86Tables/SecondaryTables.cpp.o
[ 90%] Building CXX object FEXCore/Source/CMakeFiles/FEXCore_object.dir/Interface/Core/X86Tables/VEXTables.cpp.o
[ 90%] Building CXX object FEXCore/Source/CMakeFiles/FEXCore_object.dir/Interface/Core/X86Tables/X87Tables.cpp.o
[ 91%] Building CXX object FEXCore/Source/CMakeFiles/FEXCore_object.dir/Interface/GDBJIT/GDBJIT.cpp.o
[ 92%] Building CXX object FEXCore/Source/CMakeFiles/FEXCore_object.dir/Interface/IR/IRDumper.cpp.o
[ 92%] Building CXX object FEXCore/Source/CMakeFiles/FEXCore_object.dir/Interface/IR/IREmitter.cpp.o
[ 93%] Building CXX object FEXCore/Source/CMakeFiles/FEXCore_object.dir/Interface/IR/PassManager.cpp.o
[ 93%] Building CXX object FEXCore/Source/CMakeFiles/FEXCore_object.dir/Interface/IR/Passes/IRDumperPass.cpp.o
[ 94%] Building CXX object FEXCore/Source/CMakeFiles/FEXCore_object.dir/Interface/IR/Passes/IRValidation.cpp.o
[ 95%] Building CXX object FEXCore/Source/CMakeFiles/FEXCore_object.dir/Interface/IR/Passes/RedundantFlagCalculationElimination.cpp.o
[ 95%] Building CXX object FEXCore/Source/CMakeFiles/FEXCore_object.dir/Interface/IR/Passes/RegisterAllocationPass.cpp.o
[ 96%] Building CXX object FEXCore/Source/CMakeFiles/FEXCore_object.dir/Interface/IR/Passes/x87StackOptimizationPass.cpp.o
[ 96%] Building CXX object FEXCore/Source/CMakeFiles/FEXCore_object.dir/Utils/AllocWatch.cpp.o
[1m/Users/runner/work/GTASanAndreas3DS/GTASanAndreas3DS/FEX/FEXCore/Source/Utils/AllocWatch.cpp:86:15: [0m[0;1;35mwarning: [0m[1munused function 'EventName' [-Wunused-function][0m
   86 |   [0;34mconst[0m [0;34mchar[0m* EventName(uint32_t Event) {[0m
      | [0;1;32m              ^~~~~~~~~
[0m1 warning generated.
[ 97%] Building CXX object FEXCore/Source/CMakeFiles/FEXCore_object.dir/Utils/LongJump.cpp.o
[ 98%] Building CXX object FEXCore/Source/CMakeFiles/FEXCore_object.dir/Utils/Telemetry.cpp.o
[ 98%] Building CXX object FEXCore/Source/CMakeFiles/FEXCore_object.dir/Utils/Threads.cpp.o
[100%] Building CXX object FEXCore/Source/CMakeFiles/FEXCore_object.dir/Utils/Profiler.cpp.o
[100%] Building CXX object FEXCore/Source/CMakeFiles/FEXCore_object.dir/Utils/ArchHelpers/Arm64.cpp.o
[100%] Built target FEXCore_object
[100%] Linking CXX static library libFEXCore.a
[100%] Built target FEXCore
[  1%] Built target CONFIG_INC
[  4%] Built target xxhash
[  7%] Built target fmt
[ 79%] Built target softfloat_3e
[ 90%] Built target cephes_128bit
[ 92%] Built target IR_INC
[100%] Built target FEXCore_Base
/Users/runner/work/GTASanAndreas3DS/GTASanAndreas3DS/FEX/build-ios/FEXCore/Source/libFEXCore_Base.a
/Users/runner/work/GTASanAndreas3DS/GTASanAndreas3DS/FEX/build-ios/FEXCore/Source/libFEXCore.a


======================== ffmpeg-build.log ========================
  % Total    % Received % Xferd  Average Speed   Time    Time     Time  Current
                                 Dload  Upload   Total   Spent    Left  Speed
  0     0    0     0    0     0      0      0 --:--:-- --:--:-- --:--:--     0  0     0    0     0    0     0      0      0 --:--:-- --:--:-- --:--:--     0 23 10.5M   23 2478k    0     0  1890k      0  0:00:05  0:00:01  0:00:04 1889k100 10.5M  100 10.5M    0     0  6646k      0  0:00:01  0:00:01 --:--:-- 6646k
/Users/runner/work/GTASanAndreas3DS/GTASanAndreas3DS/build/ffmpeg-ios/src/ffmpeg-7.1.1.tar.xz: OK
install prefix            /Users/runner/work/GTASanAndreas3DS/GTASanAndreas3DS/toolchains/ffmpeg-ios
source path               .
C compiler                /Applications/Xcode_16.4.app/Contents/Developer/Toolchains/XcodeDefault.xctoolchain/usr/bin/clang -arch arm64 -isysroot /Applications/Xcode_16.4.app/Contents/Developer/Platforms/iPhoneOS.platform/Developer/SDKs/iPhoneOS18.5.sdk -miphoneos-version-min=17.0
C library                 
host C compiler           gcc
host C library            
ARCH                      aarch64 (generic)
big-endian                no
runtime cpu detection     yes
NEON enabled              yes
DOTPROD enabled           yes
I8MM enabled              yes
debug symbols             yes
strip symbols             yes
optimize for size         no
optimizations             yes
static                    yes
shared                    no
postprocessing support    no
network support           no
threading support         pthreads
safe bitstream reader     yes
texi2html enabled         no
perl enabled              yes
pod2man enabled           yes
makeinfo enabled          no
makeinfo supports HTML    no
xmllint enabled           yes

External libraries:

External libraries providing hardware acceleration:

Libraries:
avcodec                 avformat                swscale
avdevice                avutil
avfilter                swresample

Programs:

Enabled decoders:
mp1                     pcm_s16le               wmapro
mp2                     pcm_s24le               wmav1
mp3                     pcm_s32le               wmav2
pcm_f32le               pcm_u8                  xma1
pcm_f64le               wmalossless             xma2

Enabled encoders:

Enabled hwaccels:

Enabled parsers:
mpegaudio

Enabled demuxers:
mov                     mp3                     wav

Enabled muxers:

Enabled protocols:

Enabled filters:

Enabled bsfs:

Enabled indevs:

Enabled outdevs:

License: LGPL version 2.1 or later
GEN	libavutil/libavutil.version
GEN	libswscale/libswscale.version
GEN	libswresample/libswresample.version
GEN	libavcodec/libavcodec.version
GEN	libavformat/libavformat.version
GEN	libavfilter/libavfilter.version
GEN	libavdevice/libavdevice.version
CC	libavdevice/alldevices.o
CC	libavdevice/utils.o
CC	libavdevice/avdevice.o
CC	libavdevice/version.o
GEN	libavdevice/libavdevice.pc
CC	libavfilter/allfilters.o
CC	libavfilter/audio.o
CC	libavfilter/avfilter.o
CC	libavfilter/avfiltergraph.o
CC	libavfilter/buffersink.o
CC	libavfilter/buffersrc.o
CC	libavfilter/ccfifo.o
CC	libavfilter/colorspace.o
CC	libavfilter/drawutils.o
CC	libavfilter/formats.o
CC	libavfilter/framepool.o
CC	libavfilter/framequeue.o
CC	libavfilter/graphdump.o
CC	libavfilter/graphparser.o
CC	libavfilter/pthread.o
CC	libavfilter/version.o
CC	libavfilter/video.o
GEN	libavfilter/libavfilter.pc
CC	libavformat/allformats.o
CC	libavformat/avformat.o
CC	libavformat/avio.o
CC	libavformat/aviobuf.o
CC	libavformat/demux.o
CC	libavformat/demux_utils.o
CC	libavformat/dovi_isom.o
CC	libavformat/dump.o
CC	libavformat/dv.o
CC	libavformat/format.o
CC	libavformat/iamf.o
CC	libavformat/iamf_parse.o
CC	libavformat/iamf_reader.o
CC	libavformat/id3v1.o
CC	libavformat/id3v2.o
CC	libavformat/isom.o
CC	libavformat/isom_tags.o
CC	libavformat/metadata.o
CC	libavformat/mov.o
CC	libavformat/mov_chan.o
CC	libavformat/mov_esds.o
CC	libavformat/mp3dec.o
CC	libavformat/mux.o
CC	libavformat/mux_utils.o
CC	libavformat/options.o
CC	libavformat/os_support.o
CC	libavformat/pcm.o
CC	libavformat/protocols.o
CC	libavformat/qtpalette.o
CC	libavformat/replaygain.o
CC	libavformat/riff.o
CC	libavformat/riffdec.o
CC	libavformat/sdp.o
CC	libavformat/seek.o
CC	libavformat/url.o
CC	libavformat/utils.o
CC	libavformat/version.o
CC	libavformat/wavdec.o
GEN	libavformat/libavformat.pc
CC	libavcodec/aactab.o
CC	libavcodec/aarch64/fdctdsp_init_aarch64.o
AS	libavcodec/aarch64/fdctdsp_neon.o
CC	libavcodec/aarch64/idctdsp_init_aarch64.o
AS	libavcodec/aarch64/idctdsp_neon.o
CC	libavcodec/aarch64/mpegaudiodsp_init.o
AS	libavcodec/aarch64/mpegaudiodsp_neon.o
AS	libavcodec/aarch64/simple_idct_neon.o
CC	libavcodec/ac3_parser.o
CC	libavcodec/adts_parser.o
CC	libavcodec/allcodecs.o
CC	libavcodec/avcodec.o
CC	libavcodec/avdct.o
CC	libavcodec/avfft.o
CC	libavcodec/bitstream.o
CC	libavcodec/bitstream_filters.o
CC	libavcodec/bsf.o
CC	libavcodec/codec_desc.o
CC	libavcodec/codec_par.o
CC	libavcodec/d3d11va.o
CC	libavcodec/dct32_fixed.o
CC	libavcodec/dct32_float.o
CC	libavcodec/decode.o
CC	libavcodec/dirac.o
CC	libavcodec/dv_profile.o
CC	libavcodec/encode.o
CC	libavcodec/faandct.o
CC	libavcodec/faanidct.o
CC	libavcodec/fdctdsp.o
CC	libavcodec/get_buffer.o
CC	libavcodec/idctdsp.o
CC	libavcodec/imgconvert.o
CC	libavcodec/jfdctfst.o
CC	libavcodec/jfdctint.o
CC	libavcodec/jni.o
CC	libavcodec/jrevdct.o
CC	libavcodec/lcevcdec.o
CC	libavcodec/lossless_audiodsp.o
CC	libavcodec/mathtables.o
CC	libavcodec/mediacodec.o
CC	libavcodec/mpeg12framerate.o
CC	libavcodec/mpeg4audio.o
CC	libavcodec/mpeg4audio_sample_rates.o
CC	libavcodec/mpegaudio.o
CC	libavcodec/mpegaudio_parser.o
CC	libavcodec/mpegaudiodata.o
CC	libavcodec/mpegaudiodec_common.o
CC	libavcodec/mpegaudiodec_fixed.o
CC	libavcodec/mpegaudiodecheader.o
CC	libavcodec/mpegaudiodsp.o
CC	libavcodec/mpegaudiodsp_data.o
CC	libavcodec/mpegaudiodsp_fixed.o
libavcodec/mpegaudiodec_fixed.c:75:8: warning: 'sample_fmts' is deprecated [-Wdeprecated-declarations]
   75 |     .p.sample_fmts  = (const enum AVSampleFormat[]) { AV_SAMPLE_FMT_S16P,
      |        ^
libavcodec/codec.h:218:5: note: 'sample_fmts' has been explicitly marked deprecated here
  218 |     attribute_deprecated
      |     ^
./libavutil/attributes.h:100:49: note: expanded from macro 'attribute_deprecated'
  100 | #    define attribute_deprecated __attribute__((deprecated))
      |                                                 ^
libavcodec/mpegaudiodec_fixed.c:92:8: warning: 'sample_fmts' is deprecated [-Wdeprecated-declarations]
   92 |     .p.sample_fmts  = (const enum AVSampleFormat[]) { AV_SAMPLE_FMT_S16P,
      |        ^
libavcodec/codec.h:218:5: note: 'sample_fmts' has been explicitly marked deprecated here
  218 |     attribute_deprecated
      |     ^
./libavutil/attributes.h:100:49: note: expanded from macro 'attribute_deprecated'
  100 | #    define attribute_deprecated __attribute__((deprecated))
      |                                                 ^
libavcodec/mpegaudiodec_fixed.c:109:8: warning: 'sample_fmts' is deprecated [-Wdeprecated-declarations]
  109 |     .p.sample_fmts  = (const enum AVSampleFormat[]) { AV_SAMPLE_FMT_S16P,
      |        ^
libavcodec/codec.h:218:5: note: 'sample_fmts' has been explicitly marked deprecated here
  218 |     attribute_deprecated
      |     ^
./libavutil/attributes.h:100:49: note: expanded from macro 'attribute_deprecated'
  100 | #    define attribute_deprecated __attribute__((deprecated))
      |                                                 ^
CC	libavcodec/mpegaudiodsp_float.o
CC	libavcodec/mpegaudiotabs.o
CC	libavcodec/options.o
CC	libavcodec/packet.o
CC	libavcodec/parser.o
CC	libavcodec/parsers.o
CC	libavcodec/pcm.o
CC	libavcodec/profiles.o
CC	libavcodec/pthread.o
libavcodec/pcm.c:287:39: warning: 'sample_fmts' is deprecated [-Wdeprecated-declarations]
  287 |     avctx->sample_fmt = avctx->codec->sample_fmts[0];
      |                                       ^
libavcodec/codec.h:218:5: note: 'sample_fmts' has been explicitly marked deprecated here
  218 |     attribute_deprecated
      |     ^
./libavutil/attributes.h:100:49: note: expanded from macro 'attribute_deprecated'
  100 | #    define attribute_deprecated __attribute__((deprecated))
      |                                                 ^
libavcodec/pcm.c:602:1: warning: 'sample_fmts' is deprecated [-Wdeprecated-declarations]
  602 | PCM_CODEC  (PCM_F32LE,        AV_SAMPLE_FMT_FLT, pcm_f32le,        "PCM 32-bit floating point little-endian");
      | ^
libavcodec/pcm.c:595:5: note: expanded from macro 'PCM_CODEC'
  595 |     PCM_DECODER(id, sample_fmt_, name, long_name_)
      |     ^
libavcodec/pcm.c:591:5: note: expanded from macro 'PCM_DECODER'
  591 |     PCM_DECODER_3(CONFIG_ ## id ## _DECODER, id, sample_fmt, name, long_name)
      |     ^
libavcodec/pcm.c:589:5: note: expanded from macro 'PCM_DECODER_3'
  589 |     PCM_DECODER_2(cf, id, sample_fmt, name, long_name)
      |     ^
libavcodec/pcm.c:587:5: note: expanded from macro 'PCM_DECODER_2'
  587 |     PCM_DECODER_ ## cf(id, sample_fmt, name, long_name)
      |     ^
<scratch space>:117:1: note: expanded from here
  117 | PCM_DECODER_1
      | ^
libavcodec/pcm.c:582:8: note: expanded from macro 'PCM_DECODER_1'
  582 |     .p.sample_fmts  = (const enum AVSampleFormat[]){ sample_fmt_,           \
      |        ^
libavcodec/codec.h:218:5: note: 'sample_fmts' has been explicitly marked deprecated here
  218 |     attribute_deprecated
      |     ^
./libavutil/attributes.h:100:49: note: expanded from macro 'attribute_deprecated'
  100 | #    define attribute_deprecated __attribute__((deprecated))
      |                                                 ^
libavcodec/pcm.c:604:1: warning: 'sample_fmts' is deprecated [-Wdeprecated-declarations]
  604 | PCM_CODEC  (PCM_F64LE,        AV_SAMPLE_FMT_DBL, pcm_f64le,        "PCM 64-bit floating point little-endian");
      | ^
libavcodec/pcm.c:595:5: note: expanded from macro 'PCM_CODEC'
  595 |     PCM_DECODER(id, sample_fmt_, name, long_name_)
      |     ^
libavcodec/pcm.c:591:5: note: expanded from macro 'PCM_DECODER'
  591 |     PCM_DECODER_3(CONFIG_ ## id ## _DECODER, id, sample_fmt, name, long_name)
      |     ^
libavcodec/pcm.c:589:5: note: expanded from macro 'PCM_DECODER_3'
  589 |     PCM_DECODER_2(cf, id, sample_fmt, name, long_name)
      |     ^
libavcodec/pcm.c:587:5: note: expanded from macro 'PCM_DECODER_2'
  587 |     PCM_DECODER_ ## cf(id, sample_fmt, name, long_name)
      |     ^
<scratch space>:133:1: note: expanded from here
  133 | PCM_DECODER_1
      | ^
libavcodec/pcm.c:582:8: note: expanded from macro 'PCM_DECODER_1'
  582 |     .p.sample_fmts  = (const enum AVSampleFormat[]){ sample_fmt_,           \
      |        ^
libavcodec/codec.h:218:5: note: 'sample_fmts' has been explicitly marked deprecated here
  218 |     attribute_deprecated
      |     ^
./libavutil/attributes.h:100:49: note: expanded from macro 'attribute_deprecated'
  100 | #    define attribute_deprecated __attribute__((deprecated))
      |                                                 ^
libavcodec/pcm.c:611:1: warning: 'sample_fmts' is deprecated [-Wdeprecated-declarations]
  611 | PCM_CODEC  (PCM_S16LE,        AV_SAMPLE_FMT_S16, pcm_s16le,        "PCM signed 16-bit little-endian");
      | ^
libavcodec/pcm.c:595:5: note: expanded from macro 'PCM_CODEC'
  595 |     PCM_DECODER(id, sample_fmt_, name, long_name_)
      |     ^
libavcodec/pcm.c:591:5: note: expanded from macro 'PCM_DECODER'
  591 |     PCM_DECODER_3(CONFIG_ ## id ## _DECODER, id, sample_fmt, name, long_name)
      |     ^
libavcodec/pcm.c:589:5: note: expanded from macro 'PCM_DECODER_3'
  589 |     PCM_DECODER_2(cf, id, sample_fmt, name, long_name)
      |     ^
libavcodec/pcm.c:587:5: note: expanded from macro 'PCM_DECODER_2'
  587 |     PCM_DECODER_ ## cf(id, sample_fmt, name, long_name)
      |     ^
<scratch space>:176:1: note: expanded from here
  176 | PCM_DECODER_1
      | ^
libavcodec/pcm.c:582:8: note: expanded from macro 'PCM_DECODER_1'
  582 |     .p.sample_fmts  = (const enum AVSampleFormat[]){ sample_fmt_,           \
      |        ^
libavcodec/codec.h:218:5: note: 'sample_fmts' has been explicitly marked deprecated here
  218 |     attribute_deprecated
      |     ^
./libavutil/attributes.h:100:49: note: expanded from macro 'attribute_deprecated'
  100 | #    define attribute_deprecated __attribute__((deprecated))
      |                                                 ^
libavcodec/pcm.c:615:1: warning: 'sample_fmts' is deprecated [-Wdeprecated-declarations]
  615 | PCM_CODEC  (PCM_S24LE,        AV_SAMPLE_FMT_S32, pcm_s24le,        "PCM signed 24-bit little-endian");
      | ^
libavcodec/pcm.c:595:5: note: expanded from macro 'PCM_CODEC'
  595 |     PCM_DECODER(id, sample_fmt_, name, long_name_)
      |     ^
libavcodec/pcm.c:591:5: note: expanded from macro 'PCM_DECODER'
  591 |     PCM_DECODER_3(CONFIG_ ## id ## _DECODER, id, sample_fmt, name, long_name)
      |     ^
libavcodec/pcm.c:589:5: note: expanded from macro 'PCM_DECODER_3'
  589 |     PCM_DECODER_2(cf, id, sample_fmt, name, long_name)
      |     ^
libavcodec/pcm.c:587:5: note: expanded from macro 'PCM_DECODER_2'
  587 |     PCM_DECODER_ ## cf(id, sample_fmt, name, long_name)
      |     ^
<scratch space>:204:1: note: expanded from here
  204 | PCM_DECODER_1
      | ^
libavcodec/pcm.c:582:8: note: expanded from macro 'PCM_DECODER_1'
  582 |     .p.sample_fmts  = (const enum AVSampleFormat[]){ sample_fmt_,           \
      |        ^
libavcodec/codec.h:218:5: note: 'sample_fmts' has been explicitly marked deprecated here
  218 |     attribute_deprecated
      |     ^
./libavutil/attributes.h:100:49: note: expanded from macro 'attribute_deprecated'
  100 | #    define attribute_deprecated __attribute__((deprecated))
      |                                                 ^
libavcodec/pcm.c:618:1: warning: 'sample_fmts' is deprecated [-Wdeprecated-declarations]
  618 | PCM_CODEC  (PCM_S32LE,        AV_SAMPLE_FMT_S32, pcm_s32le,        "PCM signed 32-bit little-endian");
      | ^
libavcodec/pcm.c:595:5: note: expanded from macro 'PCM_CODEC'
  595 |     PCM_DECODER(id, sample_fmt_, name, long_name_)
      |     ^
libavcodec/pcm.c:591:5: note: expanded from macro 'PCM_DECODER'
  591 |     PCM_DECODER_3(CONFIG_ ## id ## _DECODER, id, sample_fmt, name, long_name)
      |     ^
libavcodec/pcm.c:589:5: note: expanded from macro 'PCM_DECODER_3'
  589 |     PCM_DECODER_2(cf, id, sample_fmt, name, long_name)
      |     ^
libavcodec/pcm.c:587:5: note: expanded from macro 'PCM_DECODER_2'
  587 |     PCM_DECODER_ ## cf(id, sample_fmt, name, long_name)
      |     ^
<scratch space>:226:1: note: expanded from here
  226 | PCM_DECODER_1
      | ^
libavcodec/pcm.c:582:8: note: expanded from macro 'PCM_DECODER_1'
  582 |     .p.sample_fmts  = (const enum AVSampleFormat[]){ sample_fmt_,           \
      |        ^
libavcodec/codec.h:218:5: note: 'sample_fmts' has been explicitly marked deprecated here
  218 |     attribute_deprecated
      |     ^
./libavutil/attributes.h:100:49: note: expanded from macro 'attribute_deprecated'
  100 | #    define attribute_deprecated __attribute__((deprecated))
      |                                                 ^
libavcodec/pcm.c:620:1: warning: 'sample_fmts' is deprecated [-Wdeprecated-declarations]
  620 | PCM_CODEC  (PCM_U8,           AV_SAMPLE_FMT_U8,  pcm_u8,           "PCM unsigned 8-bit");
      | ^
libavcodec/pcm.c:595:5: note: expanded from macro 'PCM_CODEC'
  595 |     PCM_DECODER(id, sample_fmt_, name, long_name_)
      |     ^
libavcodec/pcm.c:591:5: note: expanded from macro 'PCM_DECODER'
  591 |     PCM_DECODER_3(CONFIG_ ## id ## _DECODER, id, sample_fmt, name, long_name)
      |     ^
libavcodec/pcm.c:589:5: note: expanded from macro 'PCM_DECODER_3'
  589 |     PCM_DECODER_2(cf, id, sample_fmt, name, long_name)
      |     ^
libavcodec/pcm.c:587:5: note: expanded from macro 'PCM_DECODER_2'
  587 |     PCM_DECODER_ ## cf(id, sample_fmt, name, long_name)
      |     ^
<scratch space>:242:1: note: expanded from here
  242 | PCM_DECODER_1
      | ^
libavcodec/pcm.c:582:8: note: expanded from macro 'PCM_DECODER_1'
  582 |     .p.sample_fmts  = (const enum AVSampleFormat[]){ sample_fmt_,           \
      |        ^
libavcodec/codec.h:218:5: note: 'sample_fmts' has been explicitly marked deprecated here
  218 |     attribute_deprecated
      |     ^
./libavutil/attributes.h:100:49: note: expanded from macro 'attribute_deprecated'
  100 | #    define attribute_deprecated __attribute__((deprecated))
      |                                                 ^
libavcodec/pcm.c:41:20: warning: unused function 'pcm_encode_init' [-Wunused-function]
   41 | static av_cold int pcm_encode_init(AVCodecContext *avctx)
      |                    ^~~~~~~~~~~~~~~
libavcodec/pcm.c:96:12: warning: unused function 'pcm_encode_frame' [-Wunused-function]
   96 | static int pcm_encode_frame(AVCodecContext *avctx, AVPacket *avpkt,
      |            ^~~~~~~~~~~~~~~~
CC	libavcodec/pthread_frame.o
9 warnings generated.
CC	libavcodec/pthread_slice.o
3 warnings generated.
CC	libavcodec/qsv_api.o
CC	libavcodec/raw.o
CC	libavcodec/refstruct.o
CC	libavcodec/simple_idct.o
CC	libavcodec/sinewin.o
CC	libavcodec/threadprogress.o
CC	libavcodec/utils.o
CC	libavcodec/version.o
CC	libavcodec/vlc.o
CC	libavcodec/vorbis_parser.o
CC	libavcodec/wma.o
CC	libavcodec/wma_common.o
CC	libavcodec/wma_freqs.o
CC	libavcodec/wmadec.o
CC	libavcodec/wmalosslessdec.o
CC	libavcodec/wmaprodec.o
libavcodec/wmadec.c:1018:8: warning: 'sample_fmts' is deprecated [-Wdeprecated-declarations]
 1018 |     .p.sample_fmts  = (const enum AVSampleFormat[]) { AV_SAMPLE_FMT_FLTP,
      |        ^
libavcodec/codec.h:218:5: note: 'sample_fmts' has been explicitly marked deprecated here
  218 |     attribute_deprecated
      |     ^
./libavutil/attributes.h:100:49: note: expanded from macro 'attribute_deprecated'
  100 | #    define attribute_deprecated __attribute__((deprecated))
      |                                                 ^
libavcodec/wmadec.c:1035:8: warning: 'sample_fmts' is deprecated [-Wdeprecated-declarations]
 1035 |     .p.sample_fmts  = (const enum AVSampleFormat[]) { AV_SAMPLE_FMT_FLTP,
      |        ^
libavcodec/codec.h:218:5: note: 'sample_fmts' has been explicitly marked deprecated here
  218 |     attribute_deprecated
      |     ^
./libavutil/attributes.h:100:49: note: expanded from macro 'attribute_deprecated'
  100 | #    define attribute_deprecated __attribute__((deprecated))
      |                                                 ^
libavcodec/wmalosslessdec.c:1344:8: warning: 'sample_fmts' is deprecated [-Wdeprecated-declarations]
 1344 |     .p.sample_fmts  = (const enum AVSampleFormat[]) { AV_SAMPLE_FMT_S16P,
      |        ^
libavcodec/codec.h:218:5: note: 'sample_fmts' has been explicitly marked deprecated here
  218 |     attribute_deprecated
      |     ^
./libavutil/attributes.h:100:49: note: expanded from macro 'attribute_deprecated'
  100 | #    define attribute_deprecated __attribute__((deprecated))
      |                                                 ^
libavcodec/wmaprodec.c:2109:8: warning: 'sample_fmts' is deprecated [-Wdeprecated-declarations]
 2109 |     .p.sample_fmts  = (const enum AVSampleFormat[]) { AV_SAMPLE_FMT_FLTP,
      |        ^
libavcodec/codec.h:218:5: note: 'sample_fmts' has been explicitly marked deprecated here
  218 |     attribute_deprecated
      |     ^
./libavutil/attributes.h:100:49: note: expanded from macro 'attribute_deprecated'
  100 | #    define attribute_deprecated __attribute__((deprecated))
      |                                                 ^
libavcodec/wmaprodec.c:2129:8: warning: 'sample_fmts' is deprecated [-Wdeprecated-declarations]
 2129 |     .p.sample_fmts  = (const enum AVSampleFormat[]) { AV_SAMPLE_FMT_FLTP,
      |        ^
libavcodec/codec.h:218:5: note: 'sample_fmts' has been explicitly marked deprecated here
  218 |     attribute_deprecated
      |     ^
./libavutil/attributes.h:100:49: note: expanded from macro 'attribute_deprecated'
  100 | #    define attribute_deprecated __attribute__((deprecated))
      |                                                 ^
libavcodec/wmaprodec.c:2149:8: warning: 'sample_fmts' is deprecated [-Wdeprecated-declarations]
 2149 |     .p.sample_fmts  = (const enum AVSampleFormat[]) { AV_SAMPLE_FMT_FLTP,
      |        ^
libavcodec/codec.h:218:5: note: 'sample_fmts' has been explicitly marked deprecated here
  218 |     attribute_deprecated
      |     ^
./libavutil/attributes.h:100:49: note: expanded from macro 'attribute_deprecated'
  100 | #    define attribute_deprecated __attribute__((deprecated))
      |                                                 ^
2 warnings generated.
CC	libavcodec/xiph.o
CC	libavcodec/ac3_channel_layout_tab.o
CC	libavcodec/to_upper4.o
GEN	libavcodec/libavcodec.pc
CC	libswresample/aarch64/audio_convert_init.o
1 warning generated.
AS	libswresample/aarch64/audio_convert_neon.o
3 warnings generated.
AS	libswresample/aarch64/resample.o
CC	libswresample/aarch64/resample_init.o
CC	libswresample/audioconvert.o
CC	libswresample/dither.o
CC	libswresample/options.o
CC	libswresample/rematrix.o
CC	libswresample/resample.o
CC	libswresample/resample_dsp.o
CC	libswresample/swresample.o
CC	libswresample/swresample_frame.o
CC	libswresample/version.o
GEN	libswresample/libswresample.pc
AS	libswscale/aarch64/hscale.o
AS	libswscale/aarch64/input.o
AS	libswscale/aarch64/output.o
AS	libswscale/aarch64/range_convert_neon.o
CC	libswscale/aarch64/rgb2rgb.o
AS	libswscale/aarch64/rgb2rgb_neon.o
CC	libswscale/aarch64/swscale.o
CC	libswscale/aarch64/swscale_unscaled.o
AS	libswscale/aarch64/swscale_unscaled_neon.o
AS	libswscale/aarch64/yuv2rgb_neon.o
CC	libswscale/alphablend.o
CC	libswscale/gamma.o
CC	libswscale/half2float.o
CC	libswscale/hscale.o
CC	libswscale/hscale_fast_bilinear.o
CC	libswscale/input.o
CC	libswscale/options.o
CC	libswscale/output.o
CC	libswscale/rgb2rgb.o
CC	libswscale/slice.o
CC	libswscale/swscale.o
CC	libswscale/swscale_unscaled.o
CC	libswscale/utils.o
CC	libswscale/version.o
CC	libswscale/vscale.o
CC	libswscale/yuv2rgb.o
GEN	libswscale/libswscale.pc
CC	libavutil/aarch64/cpu.o
CC	libavutil/aarch64/float_dsp_init.o
AS	libavutil/aarch64/float_dsp_neon.o
CC	libavutil/aarch64/tx_float_init.o
AS	libavutil/aarch64/tx_float_neon.o
CC	libavutil/adler32.o
CC	libavutil/aes.o
CC	libavutil/aes_ctr.o
CC	libavutil/ambient_viewing_environment.o
CC	libavutil/audio_fifo.o
CC	libavutil/avsscanf.o
CC	libavutil/avstring.o
CC	libavutil/base64.o
CC	libavutil/blowfish.o
CC	libavutil/bprint.o
CC	libavutil/buffer.o
CC	libavutil/camellia.o
CC	libavutil/cast5.o
CC	libavutil/channel_layout.o
CC	libavutil/cpu.o
CC	libavutil/crc.o
CC	libavutil/csp.o
CC	libavutil/des.o
CC	libavutil/detection_bbox.o
CC	libavutil/dict.o
CC	libavutil/display.o
CC	libavutil/dovi_meta.o
CC	libavutil/downmix_info.o
CC	libavutil/encryption_info.o
CC	libavutil/error.o
CC	libavutil/eval.o
CC	libavutil/executor.o
CC	libavutil/fifo.o
CC	libavutil/file.o
CC	libavutil/file_open.o
CC	libavutil/film_grain_params.o
CC	libavutil/fixed_dsp.o
CC	libavutil/frame.o
CC	libavutil/float_dsp.o
CC	libavutil/hash.o
CC	libavutil/hdr_dynamic_metadata.o
CC	libavutil/hdr_dynamic_vivid_metadata.o
CC	libavutil/hmac.o
CC	libavutil/hwcontext_stub.o
CC	libavutil/hwcontext.o
CC	libavutil/iamf.o
CC	libavutil/imgutils.o
CC	libavutil/integer.o
CC	libavutil/intmath.o
CC	libavutil/lfg.o
CC	libavutil/lls.o
CC	libavutil/log.o
CC	libavutil/log2_tab.o
CC	libavutil/lzo.o
CC	libavutil/mastering_display_metadata.o
CC	libavutil/mathematics.o
CC	libavutil/md5.o
CC	libavutil/mem.o
CC	libavutil/murmur3.o
CC	libavutil/opt.o
CC	libavutil/parseutils.o
CC	libavutil/pixdesc.o
CC	libavutil/pixelutils.o
CC	libavutil/random_seed.o
CC	libavutil/rational.o
CC	libavutil/rc4.o
CC	libavutil/reverse.o
CC	libavutil/ripemd.o
CC	libavutil/samplefmt.o
CC	libavutil/sha512.o
CC	libavutil/sha.o
CC	libavutil/slicethread.o
CC	libavutil/spherical.o
CC	libavutil/stereo3d.o
CC	libavutil/tea.o
CC	libavutil/threadmessage.o
CC	libavutil/timecode.o
CC	libavutil/time.o
CC	libavutil/timestamp.o
CC	libavutil/tree.o
CC	libavutil/twofish.o
CC	libavutil/tx.o
CC	libavutil/tx_double.o
CC	libavutil/tx_float.o
CC	libavutil/tx_int32.o
CC	libavutil/utils.o
CC	libavutil/uuid.o
CC	libavutil/version.o
CC	libavutil/video_enc_params.o
CC	libavutil/video_hint.o
CC	libavutil/xga_font_data.o
CC	libavutil/xtea.o
GEN	libavutil/libavutil.pc
AR	libavdevice/libavdevice.a
AR	libavfilter/libavfilter.a
AR	libavformat/libavformat.a
AR	libavcodec/libavcodec.a
AR	libswresample/libswresample.a
AR	libswscale/libswscale.a
AR	libavutil/libavutil.a
INSTALL	libavdevice/libavdevice.a
INSTALL	libavfilter/libavfilter.a
INSTALL	libavformat/libavformat.a
INSTALL	libavcodec/libavcodec.a
INSTALL	libswresample/libswresample.a
INSTALL	libswscale/libswscale.a
INSTALL	libavutil/libavutil.a
INSTALL	libavdevice/avdevice.h
INSTALL	libavdevice/version.h
INSTALL	libavdevice/version_major.h
INSTALL	libavdevice/libavdevice.pc
INSTALL	libavfilter/avfilter.h
INSTALL	libavfilter/buffersink.h
INSTALL	libavfilter/buffersrc.h
INSTALL	libavfilter/version.h
INSTALL	libavfilter/version_major.h
INSTALL	libavfilter/libavfilter.pc
INSTALL	libavformat/avformat.h
INSTALL	libavformat/avio.h
INSTALL	libavformat/version.h
INSTALL	libavformat/version_major.h
INSTALL	libavformat/libavformat.pc
INSTALL	libavcodec/ac3_parser.h
INSTALL	libavcodec/adts_parser.h
INSTALL	libavcodec/avcodec.h
INSTALL	libavcodec/avdct.h
INSTALL	libavcodec/avfft.h
INSTALL	libavcodec/bsf.h
INSTALL	libavcodec/codec.h
INSTALL	libavcodec/codec_desc.h
INSTALL	libavcodec/codec_id.h
INSTALL	libavcodec/codec_par.h
INSTALL	libavcodec/d3d11va.h
INSTALL	libavcodec/defs.h
INSTALL	libavcodec/dirac.h
INSTALL	libavcodec/dv_profile.h
INSTALL	libavcodec/dxva2.h
INSTALL	libavcodec/jni.h
INSTALL	libavcodec/mediacodec.h
INSTALL	libavcodec/packet.h
INSTALL	libavcodec/qsv.h
INSTALL	libavcodec/vdpau.h
INSTALL	libavcodec/version.h
INSTALL	libavcodec/version_major.h
INSTALL	libavcodec/videotoolbox.h
INSTALL	libavcodec/vorbis_parser.h
INSTALL	libavcodec/libavcodec.pc
INSTALL	libswresample/swresample.h
INSTALL	libswresample/version.h
INSTALL	libswresample/version_major.h
INSTALL	libswresample/libswresample.pc
INSTALL	libswscale/swscale.h
INSTALL	libswscale/version.h
INSTALL	libswscale/version_major.h
INSTALL	libswscale/libswscale.pc
INSTALL	libavutil/adler32.h
INSTALL	libavutil/aes.h
INSTALL	libavutil/aes_ctr.h
INSTALL	libavutil/ambient_viewing_environment.h
INSTALL	libavutil/attributes.h
INSTALL	libavutil/audio_fifo.h
INSTALL	libavutil/avassert.h
INSTALL	libavutil/avstring.h
INSTALL	libavutil/avutil.h
INSTALL	libavutil/base64.h
INSTALL	libavutil/blowfish.h
INSTALL	libavutil/bprint.h
INSTALL	libavutil/bswap.h
INSTALL	libavutil/buffer.h
INSTALL	libavutil/cast5.h
INSTALL	libavutil/camellia.h
INSTALL	libavutil/channel_layout.h
INSTALL	libavutil/common.h
INSTALL	libavutil/cpu.h
INSTALL	libavutil/crc.h
INSTALL	libavutil/csp.h
INSTALL	libavutil/des.h
INSTALL	libavutil/detection_bbox.h
INSTALL	libavutil/dict.h
INSTALL	libavutil/display.h
INSTALL	libavutil/dovi_meta.h
INSTALL	libavutil/downmix_info.h
INSTALL	libavutil/encryption_info.h
INSTALL	libavutil/error.h
INSTALL	libavutil/eval.h
INSTALL	libavutil/executor.h
INSTALL	libavutil/fifo.h
INSTALL	libavutil/file.h
INSTALL	libavutil/frame.h
INSTALL	libavutil/hash.h
INSTALL	libavutil/hdr_dynamic_metadata.h
INSTALL	libavutil/hdr_dynamic_vivid_metadata.h
INSTALL	libavutil/hmac.h
INSTALL	libavutil/hwcontext.h
INSTALL	libavutil/hwcontext_cuda.h
INSTALL	libavutil/hwcontext_d3d11va.h
INSTALL	libavutil/hwcontext_d3d12va.h
INSTALL	libavutil/hwcontext_drm.h
INSTALL	libavutil/hwcontext_dxva2.h
INSTALL	libavutil/hwcontext_qsv.h
INSTALL	libavutil/hwcontext_mediacodec.h
INSTALL	libavutil/hwcontext_opencl.h
INSTALL	libavutil/hwcontext_vaapi.h
INSTALL	libavutil/hwcontext_videotoolbox.h
INSTALL	libavutil/hwcontext_vdpau.h
INSTALL	libavutil/hwcontext_vulkan.h
INSTALL	libavutil/iamf.h
INSTALL	libavutil/imgutils.h
INSTALL	libavutil/intfloat.h
INSTALL	libavutil/intreadwrite.h
INSTALL	libavutil/lfg.h
INSTALL	libavutil/log.h
INSTALL	libavutil/lzo.h
INSTALL	libavutil/macros.h
INSTALL	libavutil/mathematics.h
INSTALL	libavutil/mastering_display_metadata.h
INSTALL	libavutil/md5.h
INSTALL	libavutil/mem.h
INSTALL	libavutil/motion_vector.h
INSTALL	libavutil/murmur3.h
INSTALL	libavutil/opt.h
INSTALL	libavutil/parseutils.h
INSTALL	libavutil/pixdesc.h
INSTALL	libavutil/pixelutils.h
INSTALL	libavutil/pixfmt.h
INSTALL	libavutil/random_seed.h
INSTALL	libavutil/rc4.h
INSTALL	libavutil/rational.h
INSTALL	libavutil/replaygain.h
INSTALL	libavutil/ripemd.h
INSTALL	libavutil/samplefmt.h
INSTALL	libavutil/sha.h
INSTALL	libavutil/sha512.h
INSTALL	libavutil/spherical.h
INSTALL	libavutil/stereo3d.h
INSTALL	libavutil/threadmessage.h
INSTALL	libavutil/time.h
INSTALL	libavutil/timecode.h
INSTALL	libavutil/timestamp.h
INSTALL	libavutil/tree.h
INSTALL	libavutil/twofish.h
INSTALL	libavutil/uuid.h
INSTALL	libavutil/version.h
INSTALL	libavutil/video_enc_params.h
INSTALL	libavutil/xtea.h
INSTALL	libavutil/tea.h
INSTALL	libavutil/tx.h
INSTALL	libavutil/film_grain_params.h
INSTALL	libavutil/video_hint.h
INSTALL	libavutil/avconfig.h
INSTALL	libavutil/ffversion.h
INSTALL	libavutil/libavutil.pc
FFmpeg iOS libraries and headers: /Users/runner/work/GTASanAndreas3DS/GTASanAndreas3DS/toolchains/ffmpeg-ios


======================== freetype-build.log ========================
CMake Warning (deprecated) at CMakeLists.txt:113 (cmake_minimum_required):
  Compatibility with CMake < 3.10 will be removed from a future version of
  CMake.

  Update the VERSION argument <min> value.  Or, use the <min>...<max> syntax
  to tell CMake that the project requires at least <min> but has been updated
  to work with policies introduced by <max> or earlier.
This warning is for project developers.  Use -Wno-author or -Wno-deprecated
to suppress it.

-- The C compiler identification is AppleClang 17.0.0.17000013
-- Detecting C compiler ABI info
-- Detecting C compiler ABI info - done
-- Check for working C compiler: /usr/bin/cc - skipped
-- Detecting C compile features
-- Detecting C compile features - done
-- Found PkgConfig: /opt/homebrew/bin/pkg-config (found version "3.0.7")
-- Looking for unistd.h
-- Looking for unistd.h - found
-- Looking for fcntl.h
-- Looking for fcntl.h - found
-- Configuring done (1.9s)
-- Generating done (0.0s)
-- Build files have been written to: /Users/runner/work/GTASanAndreas3DS/GTASanAndreas3DS/build/freetype-ios/build
[  2%] Building C object CMakeFiles/freetype.dir/src/base/ftbase.c.o
[  4%] Building C object CMakeFiles/freetype.dir/src/autofit/autofit.c.o
[  6%] Building C object CMakeFiles/freetype.dir/src/base/ftbdf.c.o
[  9%] Building C object CMakeFiles/freetype.dir/src/base/ftbbox.c.o
[ 11%] Building C object CMakeFiles/freetype.dir/src/base/ftbitmap.c.o
[ 13%] Building C object CMakeFiles/freetype.dir/src/base/ftcid.c.o
[ 16%] Building C object CMakeFiles/freetype.dir/src/base/ftgasp.c.o
[ 18%] Building C object CMakeFiles/freetype.dir/src/base/ftfstype.c.o
[ 20%] Building C object CMakeFiles/freetype.dir/src/base/ftglyph.c.o
[ 23%] Building C object CMakeFiles/freetype.dir/src/base/ftgxval.c.o
[ 25%] Building C object CMakeFiles/freetype.dir/src/base/ftinit.c.o
[ 27%] Building C object CMakeFiles/freetype.dir/src/base/ftmm.c.o
[ 30%] Building C object CMakeFiles/freetype.dir/src/base/ftotval.c.o
[ 32%] Building C object CMakeFiles/freetype.dir/src/base/ftpatent.c.o
[ 34%] Building C object CMakeFiles/freetype.dir/src/base/ftpfr.c.o
[ 37%] Building C object CMakeFiles/freetype.dir/src/base/ftstroke.c.o
[ 39%] Building C object CMakeFiles/freetype.dir/src/base/ftsynth.c.o
[ 41%] Building C object CMakeFiles/freetype.dir/src/base/fttype1.c.o
[ 44%] Building C object CMakeFiles/freetype.dir/src/base/ftwinfnt.c.o
[ 46%] Building C object CMakeFiles/freetype.dir/src/bdf/bdf.c.o
[ 48%] Building C object CMakeFiles/freetype.dir/src/bzip2/ftbzip2.c.o
[ 51%] Building C object CMakeFiles/freetype.dir/src/cff/cff.c.o
[ 53%] Building C object CMakeFiles/freetype.dir/src/cache/ftcache.c.o
[ 55%] Building C object CMakeFiles/freetype.dir/src/cid/type1cid.c.o
[ 58%] Building C object CMakeFiles/freetype.dir/src/gzip/ftgzip.c.o
In file included from /Users/runner/work/GTASanAndreas3DS/GTASanAndreas3DS/research/freetype/src/gzip/ftgzip.c:99:
In file included from /Users/runner/work/GTASanAndreas3DS/GTASanAndreas3DS/research/freetype/src/gzip/zutil.c:8:
/Users/runner/work/GTASanAndreas3DS/GTASanAndreas3DS/research/freetype/src/gzip/zutil.h:172:11: warning: 'OS_CODE' macro redefined [-Wmacro-redefined]
  172 | #  define OS_CODE 19
      |           ^
/Users/runner/work/GTASanAndreas3DS/GTASanAndreas3DS/research/freetype/src/gzip/zutil.h:143:11: note: previous definition is here
  143 | #  define OS_CODE  7
      |           ^
[ 60%] Building C object CMakeFiles/freetype.dir/src/lzw/ftlzw.c.o
[ 62%] Building C object CMakeFiles/freetype.dir/src/pcf/pcf.c.o
[ 65%] Building C object CMakeFiles/freetype.dir/src/pfr/pfr.c.o
[ 67%] Building C object CMakeFiles/freetype.dir/src/psaux/psaux.c.o
[ 69%] Building C object CMakeFiles/freetype.dir/src/pshinter/pshinter.c.o
[ 72%] Building C object CMakeFiles/freetype.dir/src/psnames/psnames.c.o
[ 74%] Building C object CMakeFiles/freetype.dir/src/raster/raster.c.o
1 warning generated.
[ 76%] Building C object CMakeFiles/freetype.dir/src/sdf/sdf.c.o
[ 79%] Building C object CMakeFiles/freetype.dir/src/sfnt/sfnt.c.o
[ 81%] Building C object CMakeFiles/freetype.dir/src/smooth/smooth.c.o
[ 83%] Building C object CMakeFiles/freetype.dir/src/svg/svg.c.o
[ 86%] Building C object CMakeFiles/freetype.dir/src/truetype/truetype.c.o
[ 88%] Building C object CMakeFiles/freetype.dir/src/type1/type1.c.o
[ 90%] Building C object CMakeFiles/freetype.dir/src/type42/type42.c.o
[ 93%] Building C object CMakeFiles/freetype.dir/src/winfonts/winfnt.c.o
[ 95%] Building C object CMakeFiles/freetype.dir/builds/unix/ftsystem.c.o
[ 97%] Building C object CMakeFiles/freetype.dir/src/base/ftdebug.c.o
[100%] Linking C static library libfreetype.a
[100%] Built target freetype
Done: /Users/runner/work/GTASanAndreas3DS/GTASanAndreas3DS/build/freetype-ios/build/libfreetype.a


======================== gnutls-build.log ========================
=== extracting gmp-6.3.0 ===
=== configuring GMP ===
=== building GMP ===
GMP ok
=== extracting nettle-3.10.1 ===
=== configuring nettle ===
=== building nettle ===
nettle ok
=== extracting gnutls-3.8.9 ===
=== configuring GnuTLS ===
=== building GnuTLS ===
GnuTLS ok

=== static libs in /Users/runner/work/GTASanAndreas3DS/GTASanAndreas3DS/toolchains/gnutls-ios/lib ===
-rw-r--r--  1 runner  staff   910216 Sep 28 13:40 /Users/runner/work/GTASanAndreas3DS/GTASanAndreas3DS/toolchains/gnutls-ios/lib/libgmp.a
-rw-r--r--  1 runner  staff  4418728 Sep 28 13:42 /Users/runner/work/GTASanAndreas3DS/GTASanAndreas3DS/toolchains/gnutls-ios/lib/libgnutls.a
-rw-r--r--  1 runner  staff  1145896 Sep 28 13:40 /Users/runner/work/GTASanAndreas3DS/GTASanAndreas3DS/toolchains/gnutls-ios/lib/libhogweed.a
-rw-r--r--  1 runner  staff  1590872 Sep 28 13:40 /Users/runner/work/GTASanAndreas3DS/GTASanAndreas3DS/toolchains/gnutls-ios/lib/libnettle.a
Non-fat file: /Users/runner/work/GTASanAndreas3DS/GTASanAndreas3DS/toolchains/gnutls-ios/lib/libgnutls.a is architecture: arm64


======================== metal-toolchain.log ========================
2026-09-28 13:39:19.837 xcodebuild[8343:25054] Writing error result bundle to /var/folders/nj/vtw8zd2j31d1gdrtntc5y4600000gn/T/ResultBundle_2026-28-09_13-39-0019.xcresult
xcodebuild: error: invalid option '-downloadComponent'

Usage: xcodebuild [-project <projectname>] [[-target <targetname>]...|-alltargets] [-configuration <configurationname>] [-arch <architecture>]... [-sdk [<sdkname>|<sdkpath>]] [-showBuildSettings [-json]] [<buildsetting>=<value>]... [<buildaction>]...
       xcodebuild [-project <projectname>] -scheme <schemeName> [-destination <destinationspecifier>]... [-configuration <configurationname>] [-arch <architecture>]... [-sdk [<sdkname>|<sdkpath>]] [-showBuildSettings [-json]] [-showdestinations] [<buildsetting>=<value>]... [<buildaction>]...
       xcodebuild -workspace <workspacename> -scheme <schemeName> [-destination <destinationspecifier>]... [-configuration <configurationname>] [-arch <architecture>]... [-sdk [<sdkname>|<sdkpath>]] [-showBuildSettings] [-showdestinations] [<buildsetting>=<value>]... [<buildaction>]...
       xcodebuild -version [-sdk [<sdkfullpath>|<sdkname>] [-json] [<infoitem>] ]
       xcodebuild -list [[-project <projectname>]|[-workspace <workspacename>]] [-json]
       xcodebuild -showsdks [-json]
       xcodebuild -exportArchive -archivePath <xcarchivepath> [-exportPath <destinationpath>] -exportOptionsPlist <plistpath>
       xcodebuild -exportNotarizedApp -archivePath <xcarchivepath> -exportPath <destinationpath>
       xcodebuild -exportLocalizations -localizationPath <path> -project <projectname> [-defaultLanguage <language>] [-exportLanguage <targetlanguage>... [-includeScreenshots]]
       xcodebuild -importLocalizations -localizationPath <path> -project <projectname> [-mergeImport]
       xcodebuild -resolvePackageDependencies [-project <projectname>|-workspace <workspacename>] -clonedSourcePackagesDirPath <path>
       xcodebuild -create-xcframework [-help] [-framework <path>] [-library <path> [-headers <path>]] -output <path>
       xcodebuild -downloadPlatform <iOS|watchOS|tvOS|visionOS>  [-exportPath <destinationpath> -buildVersion <version>]
       xcodebuild -downloadAllPlatforms [-exportPath <destinationpath>]
       xcodebuild -importPlatform <simruntimedmgpath>

Options:
    -usage                                                   print brief usage
    -help                                                    print complete usage
    -verbose                                                 provide additional status output
    -license                                                 show the Xcode and SDK license agreements
    -checkFirstLaunchStatus                                  Check if any First Launch tasks need to be performed
    -runFirstLaunch                                          install packages and agree to the license. Add an `-checkForNewerComponents` flag to check for any additional Xcode Device support components.
    -downloadAllPlatforms                                    downloads a matching simulator runtime for every platform in this Xcode
    -prepareDeviceSupport                                    prepares the Device Support symbols folder for the device
    -downloadPlatform NAME                                   download the platform NAME
    -importPlatform DMG_Path                                 import the platform NAME
    -downloadAllPreviouslySelectedPlatforms                  download all previously selected platforms
    -project NAME                                            build the project NAME
    -target NAME                                             build the target NAME
    -alltargets                                              build all targets
    -workspace NAME                                          build the workspace NAME
    -scheme NAME                                             build the scheme NAME
    -configuration NAME                                      use the build configuration NAME for building each target
    -xcconfig PATH                                           apply the build settings defined in the file at PATH as overrides
    -arch ARCH                                               build each target for the architecture ARCH; this will override architectures defined in the project
    -sdk SDK                                                 use SDK as the name or path of the base SDK when building the project
    -toolchain NAME                                          use the toolchain with identifier or name NAME
    -destination DESTINATIONSPECIFIER                        use the destination described by DESTINATIONSPECIFIER (a comma-separated set of key=value pairs describing the destination to use)
    -destination-timeout TIMEOUT                             wait for TIMEOUT seconds while searching for the destination device
    -parallelizeTargets                                      build independent targets in parallel
    -jobs NUMBER                                             specify the maximum number of concurrent build operations
    -maximum-concurrent-test-device-destinations NUMBER      the maximum number of device destinations to test on concurrently
    -maximum-concurrent-test-simulator-destinations NUMBER   the maximum number of simulator destinations to test on concurrently
    -parallel-testing-enabled YES|NO                         overrides the per-target setting in the scheme
    -parallel-testing-worker-count NUMBER                    the exact number of test runners that will be spawned during parallel testing
    -maximum-parallel-testing-workers NUMBER                 the maximum number of test runners that will be spawned during parallel testing
    -dry-run                                                 do everything except actually running the commands
    -quiet                                                   do not print any output except for warnings and errors
    -hideShellScriptEnvironment                              don't show shell script environment variables in build log
    -showsdks                                                display a compact list of the installed SDKs
    -showdestinations                                        display a list of destinations
    -showTestPlans                                           display a list of test plans
    -showBuildSettings                                       display a list of build settings and values
    -showBuildSettingsForIndex                               display build settings for the index service
    -list                                                    lists the targets and configurations in a project, or the schemes in a workspace
    -find-executable NAME                                    display the full path to executable NAME in the provided SDK and toolchain
    -find-library NAME                                       display the full path to library NAME in the provided SDK and toolchain
    -version                                                 display the version of Xcode; with -sdk will display info about one or all installed SDKs
    -enableAddressSanitizer YES|NO                           turn the address sanitizer on or off
    -enableThreadSanitizer YES|NO                            turn the thread sanitizer on or off
    -enableUndefinedBehaviorSanitizer YES|NO                 turn the undefined behavior sanitizer on or off
    -resultBundlePath PATH                                   specifies the directory where a result bundle describing what occurred will be placed
    -resultStreamPath PATH                                   specifies the file where a result stream will be written to (the file must already exist)
    -resultBundleVersion 3 [default]                         specifies which result bundle version should be used
    -clonedSourcePackagesDirPath PATH                        specifies the directory to which remote source packages are fetch or expected to be found
    -derivedDataPath PATH                                    specifies the directory where build products and other derived data will go
    -archivePath PATH                                        specifies the directory where any created archives will be placed, or the archive that should be exported
    -exportArchive                                           specifies that an archive should be exported
    -exportNotarizedApp                                      export an archive that has been notarized by Apple
    -exportOptionsPlist PATH                                 specifies a path to a plist file that configures archive exporting
    -enableCodeCoverage YES|NO                               turn code coverage on or off when testing
    -exportPath PATH                                         specifies the destination for the product exported from an archive
    -importPath PATH                                         specifies the source location for the product that will be imported
    -skipUnavailableActions                                  specifies that scheme actions that cannot be performed should be skipped instead of causing a failure
    -exportLocalizations                                     exports completed and outstanding project localizations
    -importLocalizations                                     imports localizations for a project, assuming any necessary localized resources have been created in Xcode
    -localizationPath                                        specifies a path to XLIFF localization files
    -exportLanguage                                          specifies multiple optional ISO 639-1 languages included in a localization export
    -defaultLanguage                                         specifies the default ISO 639-1 language to be used as the source language on export
    -xctestrun                                               specifies a path to a test run specification
    -testProductsPath                                        specifies a path for the test products
    -enablePerformanceTestsDiagnostics YES|NO                enables performance trace and memgraph collection for performance XCTests
    -testPlan                                                specifies the name of the test plan associated with the scheme to use for testing
    -only-testing                                            constrains testing by specifying tests to include, and excluding other tests
    -only-testing:TEST-IDENTIFIER                            constrains testing by specifying tests to include, and excluding other tests
    -skip-testing                                            constrains testing by specifying tests to exclude, but including other tests
    -skip-testing:TEST-IDENTIFIER                            constrains testing by specifying tests to exclude, but including other tests
    -test-timeouts-enabled YES|NO                            enable or disable test timeout behavior
    -default-test-execution-time-allowance SECONDS           the default execution time an individual test is given to execute, if test timeouts are enabled
    -maximum-test-execution-time-allowance SECONDS           the maximum execution time an individual test is given to execute, regardless of the test's preferred allowance
    -test-iterations <number>                                If specified, tests will run <number> times. May be used in conjunction with either -retry-tests-on-failure or -run-tests-until-failure, in which case this will become the maximum number of iterations.
    -retry-tests-on-failure                                  If specified, tests will retry on failure. May be used in conjunction with -test-iterations <number>, in which case <number> will be the maximum number of iterations. Otherwise, a maximum of 3 is assumed. May not be used with -run-tests-until-failure.
    -run-tests-until-failure                                 If specified, tests will run until they fail. May be used in conjunction with -test-iterations <number>, in which case <number> will be the maximum number of iterations. Otherwise, a maximum of 100 is assumed. May not be used with -retry-tests-on-failure.
    -test-repetition-relaunch-enabled YES|NO                 Enable or disable, tests repeating in a new process for each repetition.  Must be used in conjunction with -test-iterations, -retry-tests-on-failure, or -run-tests-until-failure. If not specified, tests will repeat in the same process.
    -only-test-configuration                                 constrains testing by specifying test configurations to include, and excluding other test configurations
    -skip-test-configuration                                 constrains testing by specifying test configurations to exclude, but including other test configurations
    -collect-test-diagnostics on-failure|never               Whether or not testing collects verbose diagnostics (like a sysdiagnose) when encountering a failure
    -testLanguage                                            constrains testing by specifying ISO 639-1 language in which to run the tests
    -testRegion                                              constrains testing by specifying ISO 3166-1 region in which to run the tests
    -enumerate-tests                                         Enumerate the tests that would be executed by this command without actually executing them
    -test-enumeration-style                                  The style in which to enumerate the tests. Valid styles: flat, hierarchical
    -test-enumeration-format                                 The output format of the enumerated tests. Valid formats: text, json
    -test-enumeration-output-path                            The path (relative or absolute) where the results of test enumeration should be written. If '-' is supplied, writes to standard out.
    -resolvePackageDependencies                              resolves any Swift package dependencies referenced by the project or workspace
    -disableAutomaticPackageResolution                       prevents packages from automatically being resolved to versions other than those recorded in the `Package.resolved` file
    -onlyUsePackageVersionsFromResolvedFile                  prevents packages from automatically being resolved to versions other than those recorded in the `Package.resolved` file
    -skipPackageUpdates                                      Skip updating package dependencies from their remote
    -disablePackageRepositoryCache                           disable use of a local cache of remote package repositories
    -skipPackagePluginValidation                             Skip validation of package plugins (this can be a security risk if they are not from trusted sources)
    -skipMacroValidation                                     Skip validation of macros (this can be a security risk if they are not from trusted sources)
    -packageCachePath                                        path of caches used for package support
    -packageAuthorizationProvider keychain|netrc             Specify the credential store to be used when resolving packages
    -defaultPackageRegistryURL                               URL of the default package registry
    -packageDependencySCMToRegistryTransformation            specifies the transformation to apply to SCM-based package dependencies (none, useRegistryIdentity, or useRegistryIdentityAndSources)
    -skipPackageSignatureValidation                          Skip validation of package signatures (this can be a security risk if they are not from trusted sources)
    -packageFingerprintPolicy                                Package fingerprint checking policy (`warn` or `strict`)
    -packageSigningEntityPolicy                              Package signing entity checking policy (`warn` or `strict`)
    -json                                                    output as JSON (note: -json implies -quiet)
    -allowProvisioningUpdates                                Allow xcodebuild to communicate with the Apple Developer website. For automatically signed targets, xcodebuild will create and update profiles, app IDs, and certificates. For manually signed targets, xcodebuild will download missing or updated provisioning profiles. Requires a developer account to have been added in Xcode's Accounts settings or an App Store Connect authentication key to be specified via the -authenticationKeyPath, -authenticationKeyID, and -authenticationKeyIssuerID parameters.
    -allowProvisioningDeviceRegistration                     Allow xcodebuild to register your destination device on the developer portal if necessary. This flag only takes effect if -allowProvisioningUpdates is also passed.
    -authenticationKeyPath                                   specifies the path to an authentication key issued by App Store Connect. If specified, xcodebuild will authenticate with the Apple Developer website using this credential. The -authenticationKeyID and -authenticationKeyIssuerID parameters are required.
    -authenticationKeyID                                     specifies the key identifier associated with the App Store Conect authentication key at -authenticationKeyPath. This string can be located in the users and access details for your provider at "https://appstoreconnect.apple.com".
    -authenticationKeyIssuerID                               specifies the App Store Connect issuer identifier associated with the authentication key at -authenticationKeyPath. This string can be located in the users and access details for your provider at "https://appstoreconnect.apple.com".
    -scmProvider                                             which implementation to use for Git operations (system/xcode)
    -showBuildTimingSummary                                  display a report of the timings of all the commands invoked during the build
    -create-xcframework                                      create an xcframework from prebuilt libraries; -help for more information.


======================== outcome.txt ========================
source_commit=670eb5e6753bec7cf2bc20cf0bd278c396be9f1e
xcodebuild_outcome=skipped
missing_inputs=11
The build did not succeed; no IPA was created.


======================== readiness.txt ========================
MISSING FEX/build-ios/FEXCore/Source/libFEXCore.a
MISSING FEX/build-ios/FEXCore/Source/libFEXCore_Base.a
MISSING FEX/build-ios/FEXCore/Source/libJemallocLibs.a
MISSING FEX/build-ios/External/fmt/libfmt.a
MISSING FEX/build-ios/External/cephes/libcephes_128bit.a
MISSING FEX/build-ios/External/xxhash/cmake_unofficial/libxxhash.a
MISSING FEX/build-ios/External/SoftFloat-3e/libsoftfloat_3e.a
MISSING app/Madeira/libntdll_unix.a
MISSING app/Madeira/libwineserver.a
MISSING app/Madeira/libwin32u_unix.a
MISSING app/Madeira/libdxmt_combined.a
missing_count=11


======================== Historical full Xcode log from run 36405908846 ========================
This is the full Xcode build log from the earlier attempt that stopped because app/Madeira/x86_64-vcruntime was absent. That resource was subsequently staged; this historical log is not the current first unresolved failure.
Command line invocation:
    /Applications/Xcode_16.4.app/Contents/Developer/usr/bin/xcodebuild -project app/Madeira.xcodeproj -scheme Madeira -configuration Debug -destination generic/platform=iOS -derivedDataPath /Users/runner/work/GTASanAndreas3DS/GTASanAndreas3DS/DerivedData CODE_SIGNING_ALLOWED=NO build

Build settings from command line:
    CODE_SIGNING_ALLOWED = NO

2026-09-28 09:53:38.909 xcodebuild[5947:18958] warning:  The file reference for "SwiftSteam/Helpers/SteamDevice.swift" is a member of multiple groups ("Madeira" and "Libraries"); this indicates a malformed project.  Only the membership in one of the groups will be preserved (but membership in targets will be unaffected).  If you want a reference to the same file in more than one group, please add another reference to the same path.
ComputePackagePrebuildTargetDependencyGraph

Prepare packages

CreateBuildRequest

SendProjectDescription

CreateBuildOperation

ComputeTargetDependencyGraph
note: Building targets in dependency order
note: Target dependency graph (1 target)
    Target 'Madeira' in project 'Madeira' (no dependencies)

GatherProvisioningInputs

CreateBuildDescription

ExecuteExternalTool /Applications/Xcode_16.4.app/Contents/Developer/Toolchains/XcodeDefault.xctoolchain/usr/bin/clang -v -E -dM -arch arm64 -isysroot /Applications/Xcode_16.4.app/Contents/Developer/Platforms/iPhoneOS.platform/Developer/SDKs/iPhoneOS18.5.sdk -x c -c /dev/null

ExecuteExternalTool /Applications/Xcode_16.4.app/Contents/Developer/Toolchains/XcodeDefault.xctoolchain/usr/bin/clang -v -E -dM -isysroot /Applications/Xcode_16.4.app/Contents/Developer/Platforms/iPhoneOS.platform/Developer/SDKs/iPhoneOS18.5.sdk -x c -c /dev/null

ExecuteExternalTool /Applications/Xcode_16.4.app/Contents/Developer/Toolchains/XcodeDefault.xctoolchain/usr/bin/clang -v -E -dM -arch arm64 -isysroot /Applications/Xcode_16.4.app/Contents/Developer/Platforms/iPhoneOS.platform/Developer/SDKs/iPhoneOS18.5.sdk -x objective-c++ -c /dev/null

ExecuteExternalTool /Applications/Xcode_16.4.app/Contents/Developer/Toolchains/XcodeDefault.xctoolchain/usr/bin/clang -v -E -dM -arch arm64 -isysroot /Applications/Xcode_16.4.app/Contents/Developer/Platforms/iPhoneOS.platform/Developer/SDKs/iPhoneOS18.5.sdk -x objective-c -c /dev/null

ExecuteExternalTool /Applications/Xcode_16.4.app/Contents/Developer/Toolchains/XcodeDefault.xctoolchain/usr/bin/swiftc --version

ExecuteExternalTool /Applications/Xcode_16.4.app/Contents/Developer/Toolchains/XcodeDefault.xctoolchain/usr/bin/ld -version_details

Build description signature: 139b0cd6b2d0e72798ed0b717486ea0a
Build description path: /Users/runner/work/GTASanAndreas3DS/GTASanAndreas3DS/DerivedData/Build/Intermediates.noindex/XCBuildData/139b0cd6b2d0e72798ed0b717486ea0a.xcbuilddata
CreateBuildDirectory /Users/runner/work/GTASanAndreas3DS/GTASanAndreas3DS/DerivedData/Build/Products
    cd /Users/runner/work/GTASanAndreas3DS/GTASanAndreas3DS/app/Madeira.xcodeproj
    builtin-create-build-directory /Users/runner/work/GTASanAndreas3DS/GTASanAndreas3DS/DerivedData/Build/Products

CreateBuildDirectory /Users/runner/work/GTASanAndreas3DS/GTASanAndreas3DS/DerivedData/Build/Intermediates.noindex
    cd /Users/runner/work/GTASanAndreas3DS/GTASanAndreas3DS/app/Madeira.xcodeproj
    builtin-create-build-directory /Users/runner/work/GTASanAndreas3DS/GTASanAndreas3DS/DerivedData/Build/Intermediates.noindex

ClangStatCache /Applications/Xcode_16.4.app/Contents/Developer/Toolchains/XcodeDefault.xctoolchain/usr/bin/clang-stat-cache /Applications/Xcode_16.4.app/Contents/Developer/Platforms/iPhoneOS.platform/Developer/SDKs/iPhoneOS18.5.sdk /Users/runner/work/GTASanAndreas3DS/GTASanAndreas3DS/DerivedData/SDKStatCaches.noindex/iphoneos18.5-22F76-a529daf784b3616c7c04a36aeb7f5c05.sdkstatcache
    cd /Users/runner/work/GTASanAndreas3DS/GTASanAndreas3DS/app/Madeira.xcodeproj
    /Applications/Xcode_16.4.app/Contents/Developer/Toolchains/XcodeDefault.xctoolchain/usr/bin/clang-stat-cache /Applications/Xcode_16.4.app/Contents/Developer/Platforms/iPhoneOS.platform/Developer/SDKs/iPhoneOS18.5.sdk -o /Users/runner/work/GTASanAndreas3DS/GTASanAndreas3DS/DerivedData/SDKStatCaches.noindex/iphoneos18.5-22F76-a529daf784b3616c7c04a36aeb7f5c05.sdkstatcache

CreateBuildDirectory /Users/runner/work/GTASanAndreas3DS/GTASanAndreas3DS/DerivedData/Build/Products/Debug-iphoneos
    cd /Users/runner/work/GTASanAndreas3DS/GTASanAndreas3DS/app/Madeira.xcodeproj
    builtin-create-build-directory /Users/runner/work/GTASanAndreas3DS/GTASanAndreas3DS/DerivedData/Build/Products/Debug-iphoneos

WriteAuxiliaryFile /Users/runner/work/GTASanAndreas3DS/GTASanAndreas3DS/DerivedData/Build/Intermediates.noindex/Madeira.build/Debug-iphoneos/Madeira-867671e9ec4a56c52159f2af31002d1d-VFS-iphoneos/all-product-headers.yaml
    cd /Users/runner/work/GTASanAndreas3DS/GTASanAndreas3DS/app/Madeira.xcodeproj
    write-file /Users/runner/work/GTASanAndreas3DS/GTASanAndreas3DS/DerivedData/Build/Intermediates.noindex/Madeira.build/Debug-iphoneos/Madeira-867671e9ec4a56c52159f2af31002d1d-VFS-iphoneos/all-product-headers.yaml

CreateBuildDirectory /Users/runner/work/GTASanAndreas3DS/GTASanAndreas3DS/DerivedData/Build/Intermediates.noindex/EagerLinkingTBDs/Debug-iphoneos
    cd /Users/runner/work/GTASanAndreas3DS/GTASanAndreas3DS/app/Madeira.xcodeproj
    builtin-create-build-directory /Users/runner/work/GTASanAndreas3DS/GTASanAndreas3DS/DerivedData/Build/Intermediates.noindex/EagerLinkingTBDs/Debug-iphoneos

WriteAuxiliaryFile /Users/runner/work/GTASanAndreas3DS/GTASanAndreas3DS/DerivedData/Build/Intermediates.noindex/Madeira.build/Debug-iphoneos/Madeira.build/Script-A30000D1.sh (in target 'Madeira' from project 'Madeira')
    cd /Users/runner/work/GTASanAndreas3DS/GTASanAndreas3DS/app
    write-file /Users/runner/work/GTASanAndreas3DS/GTASanAndreas3DS/DerivedData/Build/Intermediates.noindex/Madeira.build/Debug-iphoneos/Madeira.build/Script-A30000D1.sh

WriteAuxiliaryFile /Users/runner/work/GTASanAndreas3DS/GTASanAndreas3DS/DerivedData/Build/Intermediates.noindex/Madeira.build/Debug-iphoneos/Madeira.build/Objects-normal/arm64/e6072d4f65d7061329687fe24e3d63a7-common-args.resp (in target 'Madeira' from project 'Madeira')
    cd /Users/runner/work/GTASanAndreas3DS/GTASanAndreas3DS/app
    write-file /Users/runner/work/GTASanAndreas3DS/GTASanAndreas3DS/DerivedData/Build/Intermediates.noindex/Madeira.build/Debug-iphoneos/Madeira.build/Objects-normal/arm64/e6072d4f65d7061329687fe24e3d63a7-common-args.resp
-target arm64-apple-ios17.0 -fobjc-arc -fmodules -gmodules '-fmodules-cache-path=/Users/runner/work/GTASanAndreas3DS/GTASanAndreas3DS/DerivedData/ModuleCache.noindex' -fpascal-strings -O0 '-DDEBUG=1' '-DOBJC_OLD_DISPATCH_PROTOTYPES=0' -isysroot /Applications/Xcode_16.4.app/Contents/Developer/Platforms/iPhoneOS.platform/Developer/SDKs/iPhoneOS18.5.sdk -g -iquote /Users/runner/work/GTASanAndreas3DS/GTASanAndreas3DS/DerivedData/Build/Intermediates.noindex/Madeira.build/Debug-iphoneos/Madeira.build/Madeira-generated-files.hmap -I/Users/runner/work/GTASanAndreas3DS/GTASanAndreas3DS/DerivedData/Build/Intermediates.noindex/Madeira.build/Debug-iphoneos/Madeira.build/Madeira-own-target-headers.hmap -I/Users/runner/work/GTASanAndreas3DS/GTASanAndreas3DS/DerivedData/Build/Intermediates.noindex/Madeira.build/Debug-iphoneos/Madeira.build/Madeira-all-target-headers.hmap -iquote /Users/runner/work/GTASanAndreas3DS/GTASanAndreas3DS/DerivedData/Build/Intermediates.noindex/Madeira.build/Debug-iphoneos/Madeira.build/Madeira-project-headers.hmap -I/Users/runner/work/GTASanAndreas3DS/GTASanAndreas3DS/DerivedData/Build/Products/Debug-iphoneos/include -I/Users/runner/work/GTASanAndreas3DS/GTASanAndreas3DS/FEX/FEXCore/include -I/Users/runner/work/GTASanAndreas3DS/GTASanAndreas3DS/FEX/FEXHeaderUtils -I/Users/runner/work/GTASanAndreas3DS/GTASanAndreas3DS/FEX/CodeEmitter -I/Users/runner/work/GTASanAndreas3DS/GTASanAndreas3DS/FEX/External/fmt/include -I/Users/runner/work/GTASanAndreas3DS/GTASanAndreas3DS/FEX/External/range-v3/include -I/Users/runner/work/GTASanAndreas3DS/GTASanAndreas3DS/FEX/External/unordered_dense/include -I/Users/runner/work/GTASanAndreas3DS/GTASanAndreas3DS/FEX/build-ios -I/Users/runner/work/GTASanAndreas3DS/GTASanAndreas3DS/FEX/build-ios/include -I/Users/runner/work/GTASanAndreas3DS/GTASanAndreas3DS/FEX/build-ios/FEXCore/Source -I/Users/runner/work/GTASanAndreas3DS/GTASanAndreas3DS/FEX -I/Users/runner/work/GTASanAndreas3DS/GTASanAndreas3DS/DerivedData/Build/Intermediates.noindex/Madeira.build/Debug-iphoneos/Madeira.build/DerivedSources-normal/arm64 -I/Users/runner/work/GTASanAndreas3DS/GTASanAndreas3DS/DerivedData/Build/Intermediates.noindex/Madeira.build/Debug-iphoneos/Madeira.build/DerivedSources/arm64 -I/Users/runner/work/GTASanAndreas3DS/GTASanAndreas3DS/DerivedData/Build/Intermediates.noindex/Madeira.build/Debug-iphoneos/Madeira.build/DerivedSources -F/Users/runner/work/GTASanAndreas3DS/GTASanAndreas3DS/DerivedData/Build/Products/Debug-iphoneos

WriteAuxiliaryFile /Users/runner/work/GTASanAndreas3DS/GTASanAndreas3DS/DerivedData/Build/Intermediates.noindex/Madeira.build/Debug-iphoneos/Madeira.build/Objects-normal/arm64/af3fcb34312c57c0f52879cdce924b91-common-args.resp (in target 'Madeira' from project 'Madeira')
    cd /Users/runner/work/GTASanAndreas3DS/GTASanAndreas3DS/app
    write-file /Users/runner/work/GTASanAndreas3DS/GTASanAndreas3DS/DerivedData/Build/Intermediates.noindex/Madeira.build/Debug-iphoneos/Madeira.build/Objects-normal/arm64/af3fcb34312c57c0f52879cdce924b91-common-args.resp
-target arm64-apple-ios17.0 '-std=gnu++20' -fobjc-arc -fmodules -fno-cxx-modules -gmodules '-fmodules-cache-path=/Users/runner/work/GTASanAndreas3DS/GTASanAndreas3DS/DerivedData/ModuleCache.noindex' '-D_LIBCPP_HARDENING_MODE=_LIBCPP_HARDENING_MODE_DEBUG' -fpascal-strings -O0 '-DDEBUG=1' '-DOBJC_OLD_DISPATCH_PROTOTYPES=0' -isysroot /Applications/Xcode_16.4.app/Contents/Developer/Platforms/iPhoneOS.platform/Developer/SDKs/iPhoneOS18.5.sdk -g -fvisibility-inlines-hidden -iquote /Users/runner/work/GTASanAndreas3DS/GTASanAndreas3DS/DerivedData/Build/Intermediates.noindex/Madeira.build/Debug-iphoneos/Madeira.build/Madeira-generated-files.hmap -I/Users/runner/work/GTASanAndreas3DS/GTASanAndreas3DS/DerivedData/Build/Intermediates.noindex/Madeira.build/Debug-iphoneos/Madeira.build/Madeira-own-target-headers.hmap -I/Users/runner/work/GTASanAndreas3DS/GTASanAndreas3DS/DerivedData/Build/Intermediates.noindex/Madeira.build/Debug-iphoneos/Madeira.build/Madeira-all-target-headers.hmap -iquote /Users/runner/work/GTASanAndreas3DS/GTASanAndreas3DS/DerivedData/Build/Intermediates.noindex/Madeira.build/Debug-iphoneos/Madeira.build/Madeira-project-headers.hmap -I/Users/runner/work/GTASanAndreas3DS/GTASanAndreas3DS/DerivedData/Build/Products/Debug-iphoneos/include -I/Users/runner/work/GTASanAndreas3DS/GTASanAndreas3DS/FEX/FEXCore/include -I/Users/runner/work/GTASanAndreas3DS/GTASanAndreas3DS/FEX/FEXHeaderUtils -I/Users/runner/work/GTASanAndreas3DS/GTASanAndreas3DS/FEX/CodeEmitter -I/Users/runner/work/GTASanAndreas3DS/GTASanAndreas3DS/FEX/External/fmt/include -I/Users/runner/work/GTASanAndreas3DS/GTASanAndreas3DS/FEX/External/range-v3/include -I/Users/runner/work/GTASanAndreas3DS/GTASanAndreas3DS/FEX/External/unordered_dense/include -I/Users/runner/work/GTASanAndreas3DS/GTASanAndreas3DS/FEX/build-ios -I/Users/runner/work/GTASanAndreas3DS/GTASanAndreas3DS/FEX/build-ios/include -I/Users/runner/work/GTASanAndreas3DS/GTASanAndreas3DS/FEX/build-ios/FEXCore/Source -I/Users/runner/work/GTASanAndreas3DS/GTASanAndreas3DS/FEX -I/Users/runner/work/GTASanAndreas3DS/GTASanAndreas3DS/DerivedData/Build/Intermediates.noindex/Madeira.build/Debug-iphoneos/Madeira.build/DerivedSources-normal/arm64 -I/Users/runner/work/GTASanAndreas3DS/GTASanAndreas3DS/DerivedData/Build/Intermediates.noindex/Madeira.build/Debug-iphoneos/Madeira.build/DerivedSources/arm64 -I/Users/runner/work/GTASanAndreas3DS/GTASanAndreas3DS/DerivedData/Build/Intermediates.noindex/Madeira.build/Debug-iphoneos/Madeira.build/DerivedSources -F/Users/runner/work/GTASanAndreas3DS/GTASanAndreas3DS/DerivedData/Build/Products/Debug-iphoneos

WriteAuxiliaryFile /Users/runner/work/GTASanAndreas3DS/GTASanAndreas3DS/DerivedData/Build/Intermediates.noindex/Madeira.build/Debug-iphoneos/Madeira.build/Objects-normal/arm64/Madeira_const_extract_protocols.json (in target 'Madeira' from project 'Madeira')
    cd /Users/runner/work/GTASanAndreas3DS/GTASanAndreas3DS/app
    write-file /Users/runner/work/GTASanAndreas3DS/GTASanAndreas3DS/DerivedData/Build/Intermediates.noindex/Madeira.build/Debug-iphoneos/Madeira.build/Objects-normal/arm64/Madeira_const_extract_protocols.json

WriteAuxiliaryFile /Users/runner/work/GTASanAndreas3DS/GTASanAndreas3DS/DerivedData/Build/Intermediates.noindex/Madeira.build/Debug-iphoneos/Madeira.build/Objects-normal/arm64/Madeira.SwiftFileList (in target 'Madeira' from project 'Madeira')
    cd /Users/runner/work/GTASanAndreas3DS/GTASanAndreas3DS/app
    write-file /Users/runner/work/GTASanAndreas3DS/GTASanAndreas3DS/DerivedData/Build/Intermediates.noindex/Madeira.build/Debug-iphoneos/Madeira.build/Objects-normal/arm64/Madeira.SwiftFileList

WriteAuxiliaryFile /Users/runner/work/GTASanAndreas3DS/GTASanAndreas3DS/DerivedData/Build/Intermediates.noindex/Madeira.build/Debug-iphoneos/Madeira.build/Objects-normal/arm64/Madeira.SwiftConstValuesFileList (in target 'Madeira' from project 'Madeira')
    cd /Users/runner/work/GTASanAndreas3DS/GTASanAndreas3DS/app
    write-file /Users/runner/work/GTASanAndreas3DS/GTASanAndreas3DS/DerivedData/Build/Intermediates.noindex/Madeira.build/Debug-iphoneos/Madeira.build/Objects-normal/arm64/Madeira.SwiftConstValuesFileList

WriteAuxiliaryFile /Users/runner/work/GTASanAndreas3DS/GTASanAndreas3DS/DerivedData/Build/Intermediates.noindex/Madeira.build/Debug-iphoneos/Madeira.build/Objects-normal/arm64/Madeira.LinkFileList (in target 'Madeira' from project 'Madeira')
    cd /Users/runner/work/GTASanAndreas3DS/GTASanAndreas3DS/app
    write-file /Users/runner/work/GTASanAndreas3DS/GTASanAndreas3DS/DerivedData/Build/Intermediates.noindex/Madeira.build/Debug-iphoneos/Madeira.build/Objects-normal/arm64/Madeira.LinkFileList

WriteAuxiliaryFile /Users/runner/work/GTASanAndreas3DS/GTASanAndreas3DS/DerivedData/Build/Intermediates.noindex/Madeira.build/Debug-iphoneos/Madeira.build/Objects-normal/arm64/Madeira-OutputFileMap.json (in target 'Madeira' from project 'Madeira')
    cd /Users/runner/work/GTASanAndreas3DS/GTASanAndreas3DS/app
    write-file /Users/runner/work/GTASanAndreas3DS/GTASanAndreas3DS/DerivedData/Build/Intermediates.noindex/Madeira.build/Debug-iphoneos/Madeira.build/Objects-normal/arm64/Madeira-OutputFileMap.json

WriteAuxiliaryFile /Users/runner/work/GTASanAndreas3DS/GTASanAndreas3DS/DerivedData/Build/Intermediates.noindex/Madeira.build/Debug-iphoneos/Madeira.build/Objects-normal/arm64/7187679823f38a2a940e0043cdf9d637-common-args.resp (in target 'Madeira' from project 'Madeira')
    cd /Users/runner/work/GTASanAndreas3DS/GTASanAndreas3DS/app
    write-file /Users/runner/work/GTASanAndreas3DS/GTASanAndreas3DS/DerivedData/Build/Intermediates.noindex/Madeira.build/Debug-iphoneos/Madeira.build/Objects-normal/arm64/7187679823f38a2a940e0043cdf9d637-common-args.resp
-target arm64-apple-ios17.0 -fmodules -gmodules '-fmodules-cache-path=/Users/runner/work/GTASanAndreas3DS/GTASanAndreas3DS/DerivedData/ModuleCache.noindex' -fpascal-strings -O0 '-DDEBUG=1' -isysroot /Applications/Xcode_16.4.app/Contents/Developer/Platforms/iPhoneOS.platform/Developer/SDKs/iPhoneOS18.5.sdk -g -iquote /Users/runner/work/GTASanAndreas3DS/GTASanAndreas3DS/DerivedData/Build/Intermediates.noindex/Madeira.build/Debug-iphoneos/Madeira.build/Madeira-generated-files.hmap -I/Users/runner/work/GTASanAndreas3DS/GTASanAndreas3DS/DerivedData/Build/Intermediates.noindex/Madeira.build/Debug-iphoneos/Madeira.build/Madeira-own-target-headers.hmap -I/Users/runner/work/GTASanAndreas3DS/GTASanAndreas3DS/DerivedData/Build/Intermediates.noindex/Madeira.build/Debug-iphoneos/Madeira.build/Madeira-all-target-headers.hmap -iquote /Users/runner/work/GTASanAndreas3DS/GTASanAndreas3DS/DerivedData/Build/Intermediates.noindex/Madeira.build/Debug-iphoneos/Madeira.build/Madeira-project-headers.hmap -I/Users/runner/work/GTASanAndreas3DS/GTASanAndreas3DS/DerivedData/Build/Products/Debug-iphoneos/include -I/Users/runner/work/GTASanAndreas3DS/GTASanAndreas3DS/FEX/FEXCore/include -I/Users/runner/work/GTASanAndreas3DS/GTASanAndreas3DS/FEX/FEXHeaderUtils -I/Users/runner/work/GTASanAndreas3DS/GTASanAndreas3DS/FEX/CodeEmitter -I/Users/runner/work/GTASanAndreas3DS/GTASanAndreas3DS/FEX/External/fmt/include -I/Users/runner/work/GTASanAndreas3DS/GTASanAndreas3DS/FEX/External/range-v3/include -I/Users/runner/work/GTASanAndreas3DS/GTASanAndreas3DS/FEX/External/unordered_dense/include -I/Users/runner/work/GTASanAndreas3DS/GTASanAndreas3DS/FEX/build-ios -I/Users/runner/work/GTASanAndreas3DS/GTASanAndreas3DS/FEX/build-ios/include -I/Users/runner/work/GTASanAndreas3DS/GTASanAndreas3DS/FEX/build-ios/FEXCore/Source -I/Users/runner/work/GTASanAndreas3DS/GTASanAndreas3DS/FEX -I/Users/runner/work/GTASanAndreas3DS/GTASanAndreas3DS/DerivedData/Build/Intermediates.noindex/Madeira.build/Debug-iphoneos/Madeira.build/DerivedSources-normal/arm64 -I/Users/runner/work/GTASanAndreas3DS/GTASanAndreas3DS/DerivedData/Build/Intermediates.noindex/Madeira.build/Debug-iphoneos/Madeira.build/DerivedSources/arm64 -I/Users/runner/work/GTASanAndreas3DS/GTASanAndreas3DS/DerivedData/Build/Intermediates.noindex/Madeira.build/Debug-iphoneos/Madeira.build/DerivedSources -F/Users/runner/work/GTASanAndreas3DS/GTASanAndreas3DS/DerivedData/Build/Products/Debug-iphoneos

WriteAuxiliaryFile /Users/runner/work/GTASanAndreas3DS/GTASanAndreas3DS/DerivedData/Build/Intermediates.noindex/Madeira.build/Debug-iphoneos/Madeira.build/Madeira.hmap (in target 'Madeira' from project 'Madeira')
    cd /Users/runner/work/GTASanAndreas3DS/GTASanAndreas3DS/app
    write-file /Users/runner/work/GTASanAndreas3DS/GTASanAndreas3DS/DerivedData/Build/Intermediates.noindex/Madeira.build/Debug-iphoneos/Madeira.build/Madeira.hmap

WriteAuxiliaryFile /Users/runner/work/GTASanAndreas3DS/GTASanAndreas3DS/DerivedData/Build/Intermediates.noindex/Madeira.build/Debug-iphoneos/Madeira.build/Madeira.DependencyStaticMetadataFileList (in target 'Madeira' from project 'Madeira')
    cd /Users/runner/work/GTASanAndreas3DS/GTASanAndreas3DS/app
    write-file /Users/runner/work/GTASanAndreas3DS/GTASanAndreas3DS/DerivedData/Build/Intermediates.noindex/Madeira.build/Debug-iphoneos/Madeira.build/Madeira.DependencyStaticMetadataFileList

WriteAuxiliaryFile /Users/runner/work/GTASanAndreas3DS/GTASanAndreas3DS/DerivedData/Build/Intermediates.noindex/Madeira.build/Debug-iphoneos/Madeira.build/Madeira.DependencyMetadataFileList (in target 'Madeira' from project 'Madeira')
    cd /Users/runner/work/GTASanAndreas3DS/GTASanAndreas3DS/app
    write-file /Users/runner/work/GTASanAndreas3DS/GTASanAndreas3DS/DerivedData/Build/Intermediates.noindex/Madeira.build/Debug-iphoneos/Madeira.build/Madeira.DependencyMetadataFileList

WriteAuxiliaryFile /Users/runner/work/GTASanAndreas3DS/GTASanAndreas3DS/DerivedData/Build/Intermediates.noindex/Madeira.build/Debug-iphoneos/Madeira.build/Madeira-project-headers.hmap (in target 'Madeira' from project 'Madeira')
    cd /Users/runner/work/GTASanAndreas3DS/GTASanAndreas3DS/app
    write-file /Users/runner/work/GTASanAndreas3DS/GTASanAndreas3DS/DerivedData/Build/Intermediates.noindex/Madeira.build/Debug-iphoneos/Madeira.build/Madeira-project-headers.hmap

WriteAuxiliaryFile /Users/runner/work/GTASanAndreas3DS/GTASanAndreas3DS/DerivedData/Build/Intermediates.noindex/Madeira.build/Debug-iphoneos/Madeira.build/Madeira-own-target-headers.hmap (in target 'Madeira' from project 'Madeira')
    cd /Users/runner/work/GTASanAndreas3DS/GTASanAndreas3DS/app
    write-file /Users/runner/work/GTASanAndreas3DS/GTASanAndreas3DS/DerivedData/Build/Intermediates.noindex/Madeira.build/Debug-iphoneos/Madeira.build/Madeira-own-target-headers.hmap

WriteAuxiliaryFile /Users/runner/work/GTASanAndreas3DS/GTASanAndreas3DS/DerivedData/Build/Intermediates.noindex/Madeira.build/Debug-iphoneos/Madeira.build/Madeira-generated-files.hmap (in target 'Madeira' from project 'Madeira')
    cd /Users/runner/work/GTASanAndreas3DS/GTASanAndreas3DS/app
    write-file /Users/runner/work/GTASanAndreas3DS/GTASanAndreas3DS/DerivedData/Build/Intermediates.noindex/Madeira.build/Debug-iphoneos/Madeira.build/Madeira-generated-files.hmap

WriteAuxiliaryFile /Users/runner/work/GTASanAndreas3DS/GTASanAndreas3DS/DerivedData/Build/Intermediates.noindex/Madeira.build/Debug-iphoneos/Madeira.build/Madeira-all-target-headers.hmap (in target 'Madeira' from project 'Madeira')
    cd /Users/runner/work/GTASanAndreas3DS/GTASanAndreas3DS/app
    write-file /Users/runner/work/GTASanAndreas3DS/GTASanAndreas3DS/DerivedData/Build/Intermediates.noindex/Madeira.build/Debug-iphoneos/Madeira.build/Madeira-all-target-headers.hmap

WriteAuxiliaryFile /Users/runner/work/GTASanAndreas3DS/GTASanAndreas3DS/DerivedData/Build/Intermediates.noindex/Madeira.build/Debug-iphoneos/Madeira.build/Madeira-all-non-framework-target-headers.hmap (in target 'Madeira' from project 'Madeira')
    cd /Users/runner/work/GTASanAndreas3DS/GTASanAndreas3DS/app
    write-file /Users/runner/work/GTASanAndreas3DS/GTASanAndreas3DS/DerivedData/Build/Intermediates.noindex/Madeira.build/Debug-iphoneos/Madeira.build/Madeira-all-non-framework-target-headers.hmap

WriteAuxiliaryFile /Users/runner/work/GTASanAndreas3DS/GTASanAndreas3DS/DerivedData/Build/Intermediates.noindex/Madeira.build/Debug-iphoneos/Madeira.build/Madeira-DebugDylibPath-normal-arm64.txt (in target 'Madeira' from project 'Madeira')
    cd /Users/runner/work/GTASanAndreas3DS/GTASanAndreas3DS/app
    write-file /Users/runner/work/GTASanAndreas3DS/GTASanAndreas3DS/DerivedData/Build/Intermediates.noindex/Madeira.build/Debug-iphoneos/Madeira.build/Madeira-DebugDylibPath-normal-arm64.txt

WriteAuxiliaryFile /Users/runner/work/GTASanAndreas3DS/GTASanAndreas3DS/DerivedData/Build/Intermediates.noindex/Madeira.build/Debug-iphoneos/Madeira.build/Madeira-DebugDylibInstallName-normal-arm64.txt (in target 'Madeira' from project 'Madeira')
    cd /Users/runner/work/GTASanAndreas3DS/GTASanAndreas3DS/app
    write-file /Users/runner/work/GTASanAndreas3DS/GTASanAndreas3DS/DerivedData/Build/Intermediates.noindex/Madeira.build/Debug-iphoneos/Madeira.build/Madeira-DebugDylibInstallName-normal-arm64.txt

MkDir /Users/runner/work/GTASanAndreas3DS/GTASanAndreas3DS/DerivedData/Build/Products/Debug-iphoneos/Madeira.app (in target 'Madeira' from project 'Madeira')
    cd /Users/runner/work/GTASanAndreas3DS/GTASanAndreas3DS/app
    /bin/mkdir -p /Users/runner/work/GTASanAndreas3DS/GTASanAndreas3DS/DerivedData/Build/Products/Debug-iphoneos/Madeira.app

Ld /Users/runner/work/GTASanAndreas3DS/GTASanAndreas3DS/DerivedData/Build/Products/Debug-iphoneos/Madeira.app/__preview.dylib normal (in target 'Madeira' from project 'Madeira')
    cd /Users/runner/work/GTASanAndreas3DS/GTASanAndreas3DS/app
    /Applications/Xcode_16.4.app/Contents/Developer/Toolchains/XcodeDefault.xctoolchain/usr/bin/clang -Xlinker -reproducible -target arm64-apple-ios17.0 -dynamiclib -isysroot /Applications/Xcode_16.4.app/Contents/Developer/Platforms/iPhoneOS.platform/Developer/SDKs/iPhoneOS18.5.sdk -O0 -L/Users/runner/work/GTASanAndreas3DS/GTASanAndreas3DS/DerivedData/Build/Products/Debug-iphoneos -L/Users/runner/work/GTASanAndreas3DS/GTASanAndreas3DS/FEX/build-ios/FEXCore/Source -L/Users/runner/work/GTASanAndreas3DS/GTASanAndreas3DS/FEX/build-ios/External/fmt -L/Users/runner/work/GTASanAndreas3DS/GTASanAndreas3DS/FEX/build-ios/External/cephes -L/Users/runner/work/GTASanAndreas3DS/GTASanAndreas3DS/FEX/build-ios/External/xxhash/cmake_unofficial -L/Users/runner/work/GTASanAndreas3DS/GTASanAndreas3DS/FEX/build-ios/External/SoftFloat-3e -L/Users/runner/work/GTASanAndreas3DS/GTASanAndreas3DS/app/Madeira -F/Users/runner/work/GTASanAndreas3DS/GTASanAndreas3DS/DerivedData/Build/Products/Debug-iphoneos -install_name @rpath/Madeira.debug.dylib -dead_strip -rdynamic -Xlinker -no_deduplicate -Xlinker -dependency_info -Xlinker /Users/runner/work/GTASanAndreas3DS/GTASanAndreas3DS/DerivedData/Build/Intermediates.noindex/Madeira.build/Debug-iphoneos/Madeira.build/Objects-normal/arm64/Madeira_dependency_info.dat -o /Users/runner/work/GTASanAndreas3DS/GTASanAndreas3DS/DerivedData/Build/Products/Debug-iphoneos/Madeira.app/__preview.dylib

ProcessInfoPlistFile /Users/runner/work/GTASanAndreas3DS/GTASanAndreas3DS/DerivedData/Build/Products/Debug-iphoneos/Madeira.app/Info.plist /Users/runner/work/GTASanAndreas3DS/GTASanAndreas3DS/app/Madeira/Info.plist (in target 'Madeira' from project 'Madeira')
    cd /Users/runner/work/GTASanAndreas3DS/GTASanAndreas3DS/app
    builtin-infoPlistUtility /Users/runner/work/GTASanAndreas3DS/GTASanAndreas3DS/app/Madeira/Info.plist -producttype com.apple.product-type.application -genpkginfo /Users/runner/work/GTASanAndreas3DS/GTASanAndreas3DS/DerivedData/Build/Products/Debug-iphoneos/Madeira.app/PkgInfo -expandbuildsettings -format binary -platform iphoneos -requiredArchitecture arm64 -o /Users/runner/work/GTASanAndreas3DS/GTASanAndreas3DS/DerivedData/Build/Products/Debug-iphoneos/Madeira.app/Info.plist

CpResource /Users/runner/work/GTASanAndreas3DS/GTASanAndreas3DS/DerivedData/Build/Products/Debug-iphoneos/Madeira.app/x86_64-vcruntime /Users/runner/work/GTASanAndreas3DS/GTASanAndreas3DS/app/Madeira/x86_64-vcruntime (in target 'Madeira' from project 'Madeira')
    cd /Users/runner/work/GTASanAndreas3DS/GTASanAndreas3DS/app
    builtin-copy -exclude .DS_Store -exclude CVS -exclude .svn -exclude .git -exclude .hg -resolve-src-symlinks /Users/runner/work/GTASanAndreas3DS/GTASanAndreas3DS/app/Madeira/x86_64-vcruntime /Users/runner/work/GTASanAndreas3DS/GTASanAndreas3DS/DerivedData/Build/Products/Debug-iphoneos/Madeira.app
error: lstat(/Users/runner/work/GTASanAndreas3DS/GTASanAndreas3DS/app/Madeira/x86_64-vcruntime): No such file or directory (2) (in target 'Madeira' from project 'Madeira')

CpResource /Users/runner/work/GTASanAndreas3DS/GTASanAndreas3DS/DerivedData/Build/Products/Debug-iphoneos/Madeira.app/prefix-template.tar.gz /Users/runner/work/GTASanAndreas3DS/GTASanAndreas3DS/app/Madeira/prefix-template.tar.gz (in target 'Madeira' from project 'Madeira')
    cd /Users/runner/work/GTASanAndreas3DS/GTASanAndreas3DS/app
    builtin-copy -exclude .DS_Store -exclude CVS -exclude .svn -exclude .git -exclude .hg -resolve-src-symlinks /Users/runner/work/GTASanAndreas3DS/GTASanAndreas3DS/app/Madeira/prefix-template.tar.gz /Users/runner/work/GTASanAndreas3DS/GTASanAndreas3DS/DerivedData/Build/Products/Debug-iphoneos/Madeira.app

note: Run script build phase 'Sign bundled dylibs' will be run during every build because the option to run the script phase "Based on dependency analysis" is unchecked. (in target 'Madeira' from project 'Madeira')
** BUILD FAILED **


The following build commands failed:
	CpResource /Users/runner/work/GTASanAndreas3DS/GTASanAndreas3DS/DerivedData/Build/Products/Debug-iphoneos/Madeira.app/x86_64-vcruntime /Users/runner/work/GTASanAndreas3DS/GTASanAndreas3DS/app/Madeira/x86_64-vcruntime (in target 'Madeira' from project 'Madeira')
	Building project Madeira with scheme Madeira and configuration Debug
(2 failures)


======================== Latest runner allocation failures ========================
Runs 36432170346 and 36432537267 never received a runner. GitHub check-run annotation: The job was not started because recent account payments have failed or your spending limit needs to be increased. Please check the Billing & plans section in your settings.
