-- The C compiler identification is Clang 22.1.8
-- The CXX compiler identification is Clang 22.1.8
-- The ASM compiler identification is Clang with GNU-like command-line
-- Found assembler: /Users/runner/work/GTASanAndreas3DS/GTASanAndreas3DS/toolchains/llvm-mingw-20260616-ucrt-macos-universal/bin/arm64ec-w64-mingw32-clang
-- Detecting C compiler ABI info
-- Detecting C compiler ABI info - done
-- Check for working C compiler: /Users/runner/work/GTASanAndreas3DS/GTASanAndreas3DS/toolchains/llvm-mingw-20260616-ucrt-macos-universal/bin/arm64ec-w64-mingw32-clang - skipped
-- Detecting C compile features
-- Detecting C compile features - done
-- Detecting CXX compiler ABI info
-- Detecting CXX compiler ABI info - done
-- Check for working CXX compiler: /Users/runner/work/GTASanAndreas3DS/GTASanAndreas3DS/toolchains/llvm-mingw-20260616-ucrt-macos-universal/bin/arm64ec-w64-mingw32-clang++ - skipped
-- Detecting CXX compile features
-- Detecting CXX compile features - done
-- Looking for include file gdb/jit-reader.h
-- Looking for include file gdb/jit-reader.h - not found
-- Building for MinGW
-- Performing Test HAS_CLANG_PRESERVE_ALL
-- Performing Test HAS_CLANG_PRESERVE_ALL - Success
-- Ignoring broken clang::preserve_all support
-- Performing Test HAS_PROGRAM_INVOCATION_NAME
-- Performing Test HAS_PROGRAM_INVOCATION_NAME - Failed
-- Enabling ccache 4.14
-- Found Python: /opt/homebrew/Frameworks/Python.framework/Versions/3.14/bin/python3.14 (found suitable version "3.14.7", minimum required is "3.9") found components: Interpreter
-- xxHash build type: RELEASE
-- Architecture: arm64
-- {fmt} version: 12.1.0
-- Build type: RELEASE
-- Performing Test HAS_NULLPTR_WARNING
-- Performing Test HAS_NULLPTR_WARNING - Success
CMake Warning (deprecated) at External/range-v3/CMakeLists.txt:8 (cmake_minimum_required):
  Compatibility with CMake < 3.10 will be removed from a future version of
  CMake.

  Update the VERSION argument <min> value.  Or, use the <min>...<max> syntax
  to tell CMake that the project requires at least <min> but has been updated
  to work with policies introduced by <max> or earlier.
This warning is for project developers.  Use -Wno-author or -Wno-deprecated
to suppress it.

CMake Warning at External/range-v3/cmake/ranges_env.cmake:92 (message):
  [range-v3 warning]: unknown build type, defaults to release!
Call Stack (most recent call first):
  External/range-v3/CMakeLists.txt:24 (include)


-- Found Git: /opt/homebrew/bin/git (found version "2.55.0")
-- [range-v3]: C++ std=2a
-- Performing Test RANGES_HAS_CXXSTD
-- Performing Test RANGES_HAS_CXXSTD - Success
-- Performing Test RANGES_HAS_WALL
-- Performing Test RANGES_HAS_WALL - Success
-- Performing Test RANGES_HAS_WEXTRA
-- Performing Test RANGES_HAS_WEXTRA - Success
-- Performing Test RANGES_HAS_WERROR
-- Performing Test RANGES_HAS_WERROR - Success
-- Performing Test RANGES_HAS_FDIAGNOSTIC_SHOW_TEMPLATE_TREE
-- Performing Test RANGES_HAS_FDIAGNOSTIC_SHOW_TEMPLATE_TREE - Success
-- Performing Test RANGES_HAS_FTEMPLATE_BACKTRACE_LIMIT
-- Performing Test RANGES_HAS_FTEMPLATE_BACKTRACE_LIMIT - Success
-- Performing Test RANGES_HAS_FMACRO_BACKTRACE_LIMIT
-- Performing Test RANGES_HAS_FMACRO_BACKTRACE_LIMIT - Success
-- Performing Test RANGES_HAS_OMIT_FRAME_POINTER
-- Performing Test RANGES_HAS_OMIT_FRAME_POINTER - Success
-- Performing Test RANGES_HAS_OFAST
-- Performing Test RANGES_HAS_OFAST - Success
-- Performing Test RANGES_HAS_STRICT_ALIASING
-- Performing Test RANGES_HAS_STRICT_ALIASING - Success
-- Performing Test RANGES_HAS_STRICT_VTABLE_POINTERS
-- Performing Test RANGES_HAS_STRICT_VTABLE_POINTERS - Success
-- Performing Test RANGES_HAS_FAST_MATH
-- Performing Test RANGES_HAS_FAST_MATH - Success
-- Performing Test RANGES_HAS_VECTORIZE
-- Performing Test RANGES_HAS_VECTORIZE - Success
-- Performing Test RANGES_HAS_SIZED_DEALLOCATION
-- Performing Test RANGES_HAS_SIZED_DEALLOCATION - Success
-- Performing Test RANGES_HAS_MARCH_NATIVE
-- Performing Test RANGES_HAS_MARCH_NATIVE - Success
-- Performing Test RANGES_HAS_MTUNE_NATIVE
-- Performing Test RANGES_HAS_MTUNE_NATIVE - Success
-- Performing Test RANGE_V3_ALIGNED_NEW_PROBE
-- Performing Test RANGE_V3_ALIGNED_NEW_PROBE - Success
-- Performing Test RANGES_HAS_FCOROUTINES_TS
-- Performing Test RANGES_HAS_FCOROUTINES_TS - Failed
-- Performing Test RANGE_V3_HAS_FCONCEPTS
-- Performing Test RANGE_V3_HAS_FCONCEPTS - Failed
-- Performing Test GCC_COLOR
-- Performing Test GCC_COLOR - Success
-- Performing Test CLANG_COLOR
-- Performing Test CLANG_COLOR - Success
-- Performing Test ENUM_ENUM_WARNING
-- Performing Test ENUM_ENUM_WARNING - Success
-- Performing Test COMPILER_SUPPORTS_CPU_TYPE
-- Performing Test COMPILER_SUPPORTS_CPU_TYPE - Success
-- FEX version: 
-- FEX commit: 7b528d8a57cb12b794c589dd7e42fff813fc9abd
-- Performing Test HAS_SYSCALL_GETCPU
-- Performing Test HAS_SYSCALL_GETCPU - Failed
-- Performing Test HAS_SYSCALL_GETTID
-- Performing Test HAS_SYSCALL_GETTID - Failed
-- Performing Test HAS_SYSCALL_TGKILL
-- Performing Test HAS_SYSCALL_TGKILL - Failed
-- Performing Test HAS_SYSCALL_STATX
-- Performing Test HAS_SYSCALL_STATX - Failed
-- Performing Test HAS_SYSCALL_RENAMEAT2
-- Performing Test HAS_SYSCALL_RENAMEAT2 - Failed
-- Configuring done (14.4s)
-- Generating done (0.2s)
CMake Warning (unused-cli):
  Manually-specified variables were not used by the project:

    ENABLE_OFFLINE_RUNTIME


-- Build files have been written to: /Users/runner/work/GTASanAndreas3DS/GTASanAndreas3DS/FEX/build-arm64ec
 ../../../FEXCore/Source/libFEXCore_Base.a ../../Common/libCommon.a ../../Tools/CommonTools/libCommonTools.a ../Common/libCommonWindows.a ../Common/libCommonWindowsRuntime.a ../libntdll_ex.a -lc++ -lc++abi -lunwind "../../Common/cpp-optparse/libcpp-optparse.a" "../../../External/tiny-json/libtiny-json.a" ../../../FEXCore/Source/libFEXCore_Base.a ../../../External/fmt/libfmt.a ../../../External/xxhash/cmake_unofficial/libxxhash.a ../../../External/cephes/libcephes_128bit.a "../../../External/SoftFloat-3e/libsoftfloat_3e.a" -lsynchronization -lmincore ../../../FEXCore/Source/libJemallocLibs.a ../../../External/rpmalloc/librpmalloc.a 
Change Dir: '/Users/runner/work/GTASanAndreas3DS/GTASanAndreas3DS/FEX/build-arm64ec'

Run Build Command(s): /opt/homebrew/bin/cmake -E env VERBOSE=1 /usr/bin/make -f Makefile arm64ecfex
/opt/homebrew/bin/cmake -P /Users/runner/work/GTASanAndreas3DS/GTASanAndreas3DS/FEX/build-arm64ec/CMakeFiles/VerifyGlobs.cmake
/opt/homebrew/bin/cmake -S/Users/runner/work/GTASanAndreas3DS/GTASanAndreas3DS/FEX -B/Users/runner/work/GTASanAndreas3DS/GTASanAndreas3DS/FEX/build-arm64ec --check-build-system CMakeFiles/Makefile.cmake 0
/Applications/Xcode_16.4.app/Contents/Developer/usr/bin/make  -f CMakeFiles/Makefile2 arm64ecfex
/opt/homebrew/bin/cmake -P /Users/runner/work/GTASanAndreas3DS/GTASanAndreas3DS/FEX/build-arm64ec/CMakeFiles/VerifyGlobs.cmake
/opt/homebrew/bin/cmake -S/Users/runner/work/GTASanAndreas3DS/GTASanAndreas3DS/FEX -B/Users/runner/work/GTASanAndreas3DS/GTASanAndreas3DS/FEX/build-arm64ec --check-build-system CMakeFiles/Makefile.cmake 0
/opt/homebrew/bin/cmake -E cmake_progress_start /Users/runner/work/GTASanAndreas3DS/GTASanAndreas3DS/FEX/build-arm64ec/CMakeFiles 97
/Applications/Xcode_16.4.app/Contents/Developer/usr/bin/make  -f CMakeFiles/Makefile2 Source/Windows/ARM64EC/CMakeFiles/arm64ecfex.dir/all
/Applications/Xcode_16.4.app/Contents/Developer/usr/bin/make  -f FEXCore/Source/CMakeFiles/CONFIG_INC.dir/build.make FEXCore/Source/CMakeFiles/CONFIG_INC.dir/depend
cd /Users/runner/work/GTASanAndreas3DS/GTASanAndreas3DS/FEX/build-arm64ec && /opt/homebrew/bin/cmake -E cmake_depends "Unix Makefiles" /Users/runner/work/GTASanAndreas3DS/GTASanAndreas3DS/FEX /Users/runner/work/GTASanAndreas3DS/GTASanAndreas3DS/FEX/FEXCore/Source /Users/runner/work/GTASanAndreas3DS/GTASanAndreas3DS/FEX/build-arm64ec /Users/runner/work/GTASanAndreas3DS/GTASanAndreas3DS/FEX/build-arm64ec/FEXCore/Source /Users/runner/work/GTASanAndreas3DS/GTASanAndreas3DS/FEX/build-arm64ec/FEXCore/Source/CMakeFiles/CONFIG_INC.dir/DependInfo.cmake "--color=" CONFIG_INC
/Applications/Xcode_16.4.app/Contents/Developer/usr/bin/make  -f FEXCore/Source/CMakeFiles/CONFIG_INC.dir/build.make FEXCore/Source/CMakeFiles/CONFIG_INC.dir/build
[  0%] Generating ../../include/FEXCore/Config/ConfigValues.inl, ../../include/FEXCore/Config/ConfigOptions.inl, ../../generated/FEX.1
cd /Users/runner/work/GTASanAndreas3DS/GTASanAndreas3DS/FEX/build-arm64ec/FEXCore/Source && python3 /Users/runner/work/GTASanAndreas3DS/GTASanAndreas3DS/FEX/FEXCore/Source/../Scripts/config_generator.py /Users/runner/work/GTASanAndreas3DS/GTASanAndreas3DS/FEX/build-arm64ec/generated/Config/Config.json /Users/runner/work/GTASanAndreas3DS/GTASanAndreas3DS/FEX/build-arm64ec/include/FEXCore/Config/ConfigValues.inl /Users/runner/work/GTASanAndreas3DS/GTASanAndreas3DS/FEX/build-arm64ec/generated/FEX.1 /Users/runner/work/GTASanAndreas3DS/GTASanAndreas3DS/FEX/build-arm64ec/include/FEXCore/Config/ConfigOptions.inl
[  0%] Generating ../../generated/FEX.1.gz
cd /Users/runner/work/GTASanAndreas3DS/GTASanAndreas3DS/FEX/build-arm64ec/FEXCore/Source && gzip -kf9n /Users/runner/work/GTASanAndreas3DS/GTASanAndreas3DS/FEX/build-arm64ec/generated/FEX.1
[  0%] Built target CONFIG_INC
/Applications/Xcode_16.4.app/Contents/Developer/usr/bin/make  -f External/xxhash/cmake_unofficial/CMakeFiles/xxhash.dir/build.make External/xxhash/cmake_unofficial/CMakeFiles/xxhash.dir/depend
cd /Users/runner/work/GTASanAndreas3DS/GTASanAndreas3DS/FEX/build-arm64ec && /opt/homebrew/bin/cmake -E cmake_depends "Unix Makefiles" /Users/runner/work/GTASanAndreas3DS/GTASanAndreas3DS/FEX /Users/runner/work/GTASanAndreas3DS/GTASanAndreas3DS/FEX/External/xxhash/cmake_unofficial /Users/runner/work/GTASanAndreas3DS/GTASanAndreas3DS/FEX/build-arm64ec /Users/runner/work/GTASanAndreas3DS/GTASanAndreas3DS/FEX/build-arm64ec/External/xxhash/cmake_unofficial /Users/runner/work/GTASanAndreas3DS/GTASanAndreas3DS/FEX/build-arm64ec/External/xxhash/cmake_unofficial/CMakeFiles/xxhash.dir/DependInfo.cmake "--color=" xxhash
/Applications/Xcode_16.4.app/Contents/Developer/usr/bin/make  -f External/xxhash/cmake_unofficial/CMakeFiles/xxhash.dir/build.make External/xxhash/cmake_unofficial/CMakeFiles/xxhash.dir/build
[  0%] Building C object External/xxhash/cmake_unofficial/CMakeFiles/xxhash.dir/__/xxhash.c.obj
cd /Users/runner/work/GTASanAndreas3DS/GTASanAndreas3DS/FEX/build-arm64ec/External/xxhash/cmake_unofficial && /opt/homebrew/bin/ccache sloppiness=time_macros /Users/runner/work/GTASanAndreas3DS/GTASanAndreas3DS/toolchains/llvm-mingw-20260616-ucrt-macos-universal/bin/arm64ec-w64-mingw32-clang -DARCHITECTURE_arm64=1 -DARCHITECTURE_arm64ec=1 -DFEX_HAS_PRESERVE_ALL_ATTR=0 -DFEX_PRESERVE_ALL_ATTR="" -DHAS_PROGRAM_INVOCATION_NAME="" -D_LARGEFILE64_SOURCE @CMakeFiles/xxhash.dir/includes_C.rsp -DFEX_IOS_HOST -O3 -DNDEBUG -flto=thin -MD -MT External/xxhash/cmake_unofficial/CMakeFiles/xxhash.dir/__/xxhash.c.obj -MF CMakeFiles/xxhash.dir/__/xxhash.c.obj.d -o CMakeFiles/xxhash.dir/__/xxhash.c.obj -c /Users/runner/work/GTASanAndreas3DS/GTASanAndreas3DS/FEX/External/xxhash/xxhash.c
[  1%] Linking C static library libxxhash.a
cd /Users/runner/work/GTASanAndreas3DS/GTASanAndreas3DS/FEX/build-arm64ec/External/xxhash/cmake_unofficial && /opt/homebrew/bin/cmake -P CMakeFiles/xxhash.dir/cmake_clean_target.cmake
cd /Users/runner/work/GTASanAndreas3DS/GTASanAndreas3DS/FEX/build-arm64ec/External/xxhash/cmake_unofficial && /opt/homebrew/bin/cmake -E cmake_link_script CMakeFiles/xxhash.dir/link.txt --verbose=1
"/Users/runner/work/GTASanAndreas3DS/GTASanAndreas3DS/toolchains/llvm-mingw-20260616-ucrt-macos-universal/bin/arm64ec-w64-mingw32-llvm-ar" qc libxxhash.a CMakeFiles/xxhash.dir/__/xxhash.c.obj
"/Users/runner/work/GTASanAndreas3DS/GTASanAndreas3DS/toolchains/llvm-mingw-20260616-ucrt-macos-universal/bin/arm64ec-w64-mingw32-llvm-ranlib" libxxhash.a
[  1%] Built target xxhash
/Applications/Xcode_16.4.app/Contents/Developer/usr/bin/make  -f External/fmt/CMakeFiles/fmt.dir/build.make External/fmt/CMakeFiles/fmt.dir/depend
cd /Users/runner/work/GTASanAndreas3DS/GTASanAndreas3DS/FEX/build-arm64ec && /opt/homebrew/bin/cmake -E cmake_depends "Unix Makefiles" /Users/runner/work/GTASanAndreas3DS/GTASanAndreas3DS/FEX /Users/runner/work/GTASanAndreas3DS/GTASanAndreas3DS/FEX/External/fmt /Users/runner/work/GTASanAndreas3DS/GTASanAndreas3DS/FEX/build-arm64ec /Users/runner/work/GTASanAndreas3DS/GTASanAndreas3DS/FEX/build-arm64ec/External/fmt /Users/runner/work/GTASanAndreas3DS/GTASanAndreas3DS/FEX/build-arm64ec/External/fmt/CMakeFiles/fmt.dir/DependInfo.cmake "--color=" fmt
/Applications/Xcode_16.4.app/Contents/Developer/usr/bin/make  -f External/fmt/CMakeFiles/fmt.dir/build.make External/fmt/CMakeFiles/fmt.dir/build
[  2%] Building CXX object External/fmt/CMakeFiles/fmt.dir/src/format.cc.obj
cd /Users/runner/work/GTASanAndreas3DS/GTASanAndreas3DS/FEX/build-arm64ec/External/fmt && /opt/homebrew/bin/ccache sloppiness=time_macros /Users/runner/work/GTASanAndreas3DS/GTASanAndreas3DS/toolchains/llvm-mingw-20260616-ucrt-macos-universal/bin/arm64ec-w64-mingw32-clang++ -DARCHITECTURE_arm64=1 -DARCHITECTURE_arm64ec=1 -DFEX_HAS_PRESERVE_ALL_ATTR=0 -DFEX_PRESERVE_ALL_ATTR="" -DGLOBAL_DATA_DIRECTORY=\"/usr/local/share/fex-emu/\" -DHAS_PROGRAM_INVOCATION_NAME="" -D_LARGEFILE64_SOURCE @CMakeFiles/fmt.dir/includes_CXX.rsp -DFEX_IOS_HOST -O3 -DNDEBUG -fomit-frame-pointer -std=gnu++20 -flto=thin -Wno-trigraphs -MD -MT External/fmt/CMakeFiles/fmt.dir/src/format.cc.obj -MF CMakeFiles/fmt.dir/src/format.cc.obj.d -o CMakeFiles/fmt.dir/src/format.cc.obj -c /Users/runner/work/GTASanAndreas3DS/GTASanAndreas3DS/FEX/External/fmt/src/format.cc
[  2%] Building CXX object External/fmt/CMakeFiles/fmt.dir/src/os.cc.obj
cd /Users/runner/work/GTASanAndreas3DS/GTASanAndreas3DS/FEX/build-arm64ec/External/fmt && /opt/homebrew/bin/ccache sloppiness=time_macros /Users/runner/work/GTASanAndreas3DS/GTASanAndreas3DS/toolchains/llvm-mingw-20260616-ucrt-macos-universal/bin/arm64ec-w64-mingw32-clang++ -DARCHITECTURE_arm64=1 -DARCHITECTURE_arm64ec=1 -DFEX_HAS_PRESERVE_ALL_ATTR=0 -DFEX_PRESERVE_ALL_ATTR="" -DGLOBAL_DATA_DIRECTORY=\"/usr/local/share/fex-emu/\" -DHAS_PROGRAM_INVOCATION_NAME="" -D_LARGEFILE64_SOURCE @CMakeFiles/fmt.dir/includes_CXX.rsp -DFEX_IOS_HOST -O3 -DNDEBUG -fomit-frame-pointer -std=gnu++20 -flto=thin -Wno-trigraphs -MD -MT External/fmt/CMakeFiles/fmt.dir/src/os.cc.obj -MF CMakeFiles/fmt.dir/src/os.cc.obj.d -o CMakeFiles/fmt.dir/src/os.cc.obj -c /Users/runner/work/GTASanAndreas3DS/GTASanAndreas3DS/FEX/External/fmt/src/os.cc
[  3%] Linking CXX static library libfmt.a
cd /Users/runner/work/GTASanAndreas3DS/GTASanAndreas3DS/FEX/build-arm64ec/External/fmt && /opt/homebrew/bin/cmake -P CMakeFiles/fmt.dir/cmake_clean_target.cmake
cd /Users/runner/work/GTASanAndreas3DS/GTASanAndreas3DS/FEX/build-arm64ec/External/fmt && /opt/homebrew/bin/cmake -E cmake_link_script CMakeFiles/fmt.dir/link.txt --verbose=1
"/Users/runner/work/GTASanAndreas3DS/GTASanAndreas3DS/toolchains/llvm-mingw-20260616-ucrt-macos-universal/bin/arm64ec-w64-mingw32-llvm-ar" qc libfmt.a CMakeFiles/fmt.dir/src/format.cc.obj CMakeFiles/fmt.dir/src/os.cc.obj
"/Users/runner/work/GTASanAndreas3DS/GTASanAndreas3DS/toolchains/llvm-mingw-20260616-ucrt-macos-universal/bin/arm64ec-w64-mingw32-llvm-ranlib" libfmt.a
[  3%] Built target fmt
/Applications/Xcode_16.4.app/Contents/Developer/usr/bin/make  -f External/SoftFloat-3e/CMakeFiles/softfloat_3e.dir/build.make External/SoftFloat-3e/CMakeFiles/softfloat_3e.dir/depend
cd /Users/runner/work/GTASanAndreas3DS/GTASanAndreas3DS/FEX/build-arm64ec && /opt/homebrew/bin/cmake -E cmake_depends "Unix Makefiles" /Users/runner/work/GTASanAndreas3DS/GTASanAndreas3DS/FEX /Users/runner/work/GTASanAndreas3DS/GTASanAndreas3DS/FEX/External/SoftFloat-3e /Users/runner/work/GTASanAndreas3DS/GTASanAndreas3DS/FEX/build-arm64ec /Users/runner/work/GTASanAndreas3DS/GTASanAndreas3DS/FEX/build-arm64ec/External/SoftFloat-3e /Users/runner/work/GTASanAndreas3DS/GTASanAndreas3DS/FEX/build-arm64ec/External/SoftFloat-3e/CMakeFiles/softfloat_3e.dir/DependInfo.cmake "--color=" softfloat_3e
/Applications/Xcode_16.4.app/Contents/Developer/usr/bin/make  -f External/SoftFloat-3e/CMakeFiles/softfloat_3e.dir/build.make External/SoftFloat-3e/CMakeFiles/softfloat_3e.dir/build
[  4%] Building C object External/SoftFloat-3e/CMakeFiles/softfloat_3e.dir/src/extF80_add.c.obj
cd /Users/runner/work/GTASanAndreas3DS/GTASanAndreas3DS/FEX/build-arm64ec/External/SoftFloat-3e && /opt/homebrew/bin/ccache sloppiness=time_macros /Users/runner/work/GTASanAndreas3DS/GTASanAndreas3DS/toolchains/llvm-mingw-20260616-ucrt-macos-universal/bin/arm64ec-w64-mingw32-clang -DARCHITECTURE_arm64=1 -DARCHITECTURE_arm64ec=1 -DFEXCORE_HAS_PRESERVE_ALL_ATTR=0 -DFEXCORE_PRESERVE_ALL_ATTR="" -DFEX_HAS_PRESERVE_ALL_ATTR=0 -DFEX_PRESERVE_ALL_ATTR="" -DGLOBAL_DATA_DIRECTORY=\"/usr/local/share/fex-emu/\" -DHAS_PROGRAM_INVOCATION_NAME="" -DINLINE="static inline" -DINLINE_LEVEL=4 -DSOFTFLOAT_BUILTIN_CLZ=1 -DSOFTFLOAT_FAST_DIV32TO16=1 -DSOFTFLOAT_FAST_DIV64TO32=1 -DSOFTFLOAT_FAST_INT64=1 -D_LARGEFILE64_SOURCE @CMakeFiles/softfloat_3e.dir/includes_C.rsp -DFEX_IOS_HOST -O3 -DNDEBUG -flto=thin -Wno-trigraphs -fdiagnostics-color=always -fcolor-diagnostics -Wno-deprecated-enum-enum-conversion -Wall -MD -MT External/SoftFloat-3e/CMakeFiles/softfloat_3e.dir/src/extF80_add.c.obj -MF CMakeFiles/softfloat_3e.dir/src/extF80_add.c.obj.d -o CMakeFiles/softfloat_3e.dir/src/extF80_add.c.obj -c /Users/runner/work/GTASanAndreas3DS/GTASanAndreas3DS/FEX/External/SoftFloat-3e/src/extF80_add.c
[  4%] Building C object External/SoftFloat-3e/CMakeFiles/softfloat_3e.dir/src/extF80_div.c.obj
cd /Users/runner/work/GTASanAndreas3DS/GTASanAndreas3DS/FEX/build-arm64ec/External/SoftFloat-3e && /opt/homebrew/bin/ccache sloppiness=time_macros /Users/runner/work/GTASanAndreas3DS/GTASanAndreas3DS/toolchains/llvm-mingw-20260616-ucrt-macos-universal/bin/arm64ec-w64-mingw32-clang -DARCHITECTURE_arm64=1 -DARCHITECTURE_arm64ec=1 -DFEXCORE_HAS_PRESERVE_ALL_ATTR=0 -DFEXCORE_PRESERVE_ALL_ATTR="" -DFEX_HAS_PRESERVE_ALL_ATTR=0 -DFEX_PRESERVE_ALL_ATTR="" -DGLOBAL_DATA_DIRECTORY=\"/usr/local/share/fex-emu/\" -DHAS_PROGRAM_INVOCATION_NAME="" -DINLINE="static inline" -DINLINE_LEVEL=4 -DSOFTFLOAT_BUILTIN_CLZ=1 -DSOFTFLOAT_FAST_DIV32TO16=1 -DSOFTFLOAT_FAST_DIV64TO32=1 -DSOFTFLOAT_FAST_INT64=1 -D_LARGEFILE64_SOURCE @CMakeFiles/softfloat_3e.dir/includes_C.rsp -DFEX_IOS_HOST -O3 -DNDEBUG -flto=thin -Wno-trigraphs -fdiagnostics-color=always -fcolor-diagnostics -Wno-deprecated-enum-enum-conversion -Wall -MD -MT External/SoftFloat-3e/CMakeFiles/softfloat_3e.dir/src/extF80_div.c.obj -MF CMakeFiles/softfloat_3e.dir/src/extF80_div.c.obj.d -o CMakeFiles/softfloat_3e.dir/src/extF80_div.c.obj -c /Users/runner/work/GTASanAndreas3DS/GTASanAndreas3DS/FEX/External/SoftFloat-3e/src/extF80_div.c
[  5%] Building C object External/SoftFloat-3e/CMakeFiles/softfloat_3e.dir/src/extF80_sub.c.obj
cd /Users/runner/work/GTASanAndreas3DS/GTASanAndreas3DS/FEX/build-arm64ec/External/SoftFloat-3e && /opt/homebrew/bin/ccache sloppiness=time_macros /Users/runner/work/GTASanAndreas3DS/GTASanAndreas3DS/toolchains/llvm-mingw-20260616-ucrt-macos-universal/bin/arm64ec-w64-mingw32-clang -DARCHITECTURE_arm64=1 -DARCHITECTURE_arm64ec=1 -DFEXCORE_HAS_PRESERVE_ALL_ATTR=0 -DFEXCORE_PRESERVE_ALL_ATTR="" -DFEX_HAS_PRESERVE_ALL_ATTR=0 -DFEX_PRESERVE_ALL_ATTR="" -DGLOBAL_DATA_DIRECTORY=\"/usr/local/share/fex-emu/\" -DHAS_PROGRAM_INVOCATION_NAME="" -DINLINE="static inline" -DINLINE_LEVEL=4 -DSOFTFLOAT_BUILTIN_CLZ=1 -DSOFTFLOAT_FAST_DIV32TO16=1 -DSOFTFLOAT_FAST_DIV64TO32=1 -DSOFTFLOAT_FAST_INT64=1 -D_LARGEFILE64_SOURCE @CMakeFiles/softfloat_3e.dir/includes_C.rsp -DFEX_IOS_HOST -O3 -DNDEBUG -flto=thin -Wno-trigraphs -fdiagnostics-color=always -fcolor-diagnostics -Wno-deprecated-enum-enum-conversion -Wall -MD -MT External/SoftFloat-3e/CMakeFiles/softfloat_3e.dir/src/extF80_sub.c.obj -MF CMakeFiles/softfloat_3e.dir/src/extF80_sub.c.obj.d -o CMakeFiles/softfloat_3e.dir/src/extF80_sub.c.obj -c /Users/runner/work/GTASanAndreas3DS/GTASanAndreas3DS/FEX/External/SoftFloat-3e/src/extF80_sub.c
[  5%] Building C object External/SoftFloat-3e/CMakeFiles/softfloat_3e.dir/src/extF80_mul.c.obj
cd /Users/runner/work/GTASanAndreas3DS/GTASanAndreas3DS/FEX/build-arm64ec/External/SoftFloat-3e && /opt/homebrew/bin/ccache sloppiness=time_macros /Users/runner/work/GTASanAndreas3DS/GTASanAndreas3DS/toolchains/llvm-mingw-20260616-ucrt-macos-universal/bin/arm64ec-w64-mingw32-clang -DARCHITECTURE_arm64=1 -DARCHITECTURE_arm64ec=1 -DFEXCORE_HAS_PRESERVE_ALL_ATTR=0 -DFEXCORE_PRESERVE_ALL_ATTR="" -DFEX_HAS_PRESERVE_ALL_ATTR=0 -DFEX_PRESERVE_ALL_ATTR="" -DGLOBAL_DATA_DIRECTORY=\"/usr/local/share/fex-emu/\" -DHAS_PROGRAM_INVOCATION_NAME="" -DINLINE="static inline" -DINLINE_LEVEL=4 -DSOFTFLOAT_BUILTIN_CLZ=1 -DSOFTFLOAT_FAST_DIV32TO16=1 -DSOFTFLOAT_FAST_DIV64TO32=1 -DSOFTFLOAT_FAST_INT64=1 -D_LARGEFILE64_SOURCE @CMakeFiles/softfloat_3e.dir/includes_C.rsp -DFEX_IOS_HOST -O3 -DNDEBUG -flto=thin -Wno-trigraphs -fdiagnostics-color=always -fcolor-diagnostics -Wno-deprecated-enum-enum-conversion -Wall -MD -MT External/SoftFloat-3e/CMakeFiles/softfloat_3e.dir/src/extF80_mul.c.obj -MF CMakeFiles/softfloat_3e.dir/src/extF80_mul.c.obj.d -o CMakeFiles/softfloat_3e.dir/src/extF80_mul.c.obj -c /Users/runner/work/GTASanAndreas3DS/GTASanAndreas3DS/FEX/External/SoftFloat-3e/src/extF80_mul.c
[  6%] Building C object External/SoftFloat-3e/CMakeFiles/softfloat_3e.dir/src/extF80_rem.c.obj
cd /Users/runner/work/GTASanAndreas3DS/GTASanAndreas3DS/FEX/build-arm64ec/External/SoftFloat-3e && /opt/homebrew/bin/ccache sloppiness=time_macros /Users/runner/work/GTASanAndreas3DS/GTASanAndreas3DS/toolchains/llvm-mingw-20260616-ucrt-macos-universal/bin/arm64ec-w64-mingw32-clang -DARCHITECTURE_arm64=1 -DARCHITECTURE_arm64ec=1 -DFEXCORE_HAS_PRESERVE_ALL_ATTR=0 -DFEXCORE_PRESERVE_ALL_ATTR="" -DFEX_HAS_PRESERVE_ALL_ATTR=0 -DFEX_PRESERVE_ALL_ATTR="" -DGLOBAL_DATA_DIRECTORY=\"/usr/local/share/fex-emu/\" -DHAS_PROGRAM_INVOCATION_NAME="" -DINLINE="static inline" -DINLINE_LEVEL=4 -DSOFTFLOAT_BUILTIN_CLZ=1 -DSOFTFLOAT_FAST_DIV32TO16=1 -DSOFTFLOAT_FAST_DIV64TO32=1 -DSOFTFLOAT_FAST_INT64=1 -D_LARGEFILE64_SOURCE @CMakeFiles/softfloat_3e.dir/includes_C.rsp -DFEX_IOS_HOST -O3 -DNDEBUG -flto=thin -Wno-trigraphs -fdiagnostics-color=always -fcolor-diagnostics -Wno-deprecated-enum-enum-conversion -Wall -MD -MT External/SoftFloat-3e/CMakeFiles/softfloat_3e.dir/src/extF80_rem.c.obj -MF CMakeFiles/softfloat_3e.dir/src/extF80_rem.c.obj.d -o CMakeFiles/softfloat_3e.dir/src/extF80_rem.c.obj -c /Users/runner/work/GTASanAndreas3DS/GTASanAndreas3DS/FEX/External/SoftFloat-3e/src/extF80_rem.c
[  6%] Building C object External/SoftFloat-3e/CMakeFiles/softfloat_3e.dir/src/extF80_sqrt.c.obj
cd /Users/runner/work/GTASanAndreas3DS/GTASanAndreas3DS/FEX/build-arm64ec/External/SoftFloat-3e && /opt/homebrew/bin/ccache sloppiness=time_macros /Users/runner/work/GTASanAndreas3DS/GTASanAndreas3DS/toolchains/llvm-mingw-20260616-ucrt-macos-universal/bin/arm64ec-w64-mingw32-clang -DARCHITECTURE_arm64=1 -DARCHITECTURE_arm64ec=1 -DFEXCORE_HAS_PRESERVE_ALL_ATTR=0 -DFEXCORE_PRESERVE_ALL_ATTR="" -DFEX_HAS_PRESERVE_ALL_ATTR=0 -DFEX_PRESERVE_ALL_ATTR="" -DGLOBAL_DATA_DIRECTORY=\"/usr/local/share/fex-emu/\" -DHAS_PROGRAM_INVOCATION_NAME="" -DINLINE="static inline" -DINLINE_LEVEL=4 -DSOFTFLOAT_BUILTIN_CLZ=1 -DSOFTFLOAT_FAST_DIV32TO16=1 -DSOFTFLOAT_FAST_DIV64TO32=1 -DSOFTFLOAT_FAST_INT64=1 -D_LARGEFILE64_SOURCE @CMakeFiles/softfloat_3e.dir/includes_C.rsp -DFEX_IOS_HOST -O3 -DNDEBUG -flto=thin -Wno-trigraphs -fdiagnostics-color=always -fcolor-diagnostics -Wno-deprecated-enum-enum-conversion -Wall -MD -MT External/SoftFloat-3e/CMakeFiles/softfloat_3e.dir/src/extF80_sqrt.c.obj -MF CMakeFiles/softfloat_3e.dir/src/extF80_sqrt.c.obj.d -o CMakeFiles/softfloat_3e.dir/src/extF80_sqrt.c.obj -c /Users/runner/work/GTASanAndreas3DS/GTASanAndreas3DS/FEX/External/SoftFloat-3e/src/extF80_sqrt.c
[  7%] Building C object External/SoftFloat-3e/CMakeFiles/softfloat_3e.dir/src/extF80_le.c.obj
cd /Users/runner/work/GTASanAndreas3DS/GTASanAndreas3DS/FEX/build-arm64ec/External/SoftFloat-3e && /opt/homebrew/bin/ccache sloppiness=time_macros /Users/runner/work/GTASanAndreas3DS/GTASanAndreas3DS/toolchains/llvm-mingw-20260616-ucrt-macos-universal/bin/arm64ec-w64-mingw32-clang -DARCHITECTURE_arm64=1 -DARCHITECTURE_arm64ec=1 -DFEXCORE_HAS_PRESERVE_ALL_ATTR=0 -DFEXCORE_PRESERVE_ALL_ATTR="" -DFEX_HAS_PRESERVE_ALL_ATTR=0 -DFEX_PRESERVE_ALL_ATTR="" -DGLOBAL_DATA_DIRECTORY=\"/usr/local/share/fex-emu/\" -DHAS_PROGRAM_INVOCATION_NAME="" -DINLINE="static inline" -DINLINE_LEVEL=4 -DSOFTFLOAT_BUILTIN_CLZ=1 -DSOFTFLOAT_FAST_DIV32TO16=1 -DSOFTFLOAT_FAST_DIV64TO32=1 -DSOFTFLOAT_FAST_INT64=1 -D_LARGEFILE64_SOURCE @CMakeFiles/softfloat_3e.dir/includes_C.rsp -DFEX_IOS_HOST -O3 -DNDEBUG -flto=thin -Wno-trigraphs -fdiagnostics-color=always -fcolor-diagnostics -Wno-deprecated-enum-enum-conversion -Wall -MD -MT External/SoftFloat-3e/CMakeFiles/softfloat_3e.dir/src/extF80_le.c.obj -MF CMakeFiles/softfloat_3e.dir/src/extF80_le.c.obj.d -o CMakeFiles/softfloat_3e.dir/src/extF80_le.c.obj -c /Users/runner/work/GTASanAndreas3DS/GTASanAndreas3DS/FEX/External/SoftFloat-3e/src/extF80_le.c
[  7%] Building C object External/SoftFloat-3e/CMakeFiles/softfloat_3e.dir/src/extF80_to_i32.c.obj
cd /Users/runner/work/GTASanAndreas3DS/GTASanAndreas3DS/FEX/build-arm64ec/External/SoftFloat-3e && /opt/homebrew/bin/ccache sloppiness=time_macros /Users/runner/work/GTASanAndreas3DS/GTASanAndreas3DS/toolchains/llvm-mingw-20260616-ucrt-macos-universal/bin/arm64ec-w64-mingw32-clang -DARCHITECTURE_arm64=1 -DARCHITECTURE_arm64ec=1 -DFEXCORE_HAS_PRESERVE_ALL_ATTR=0 -DFEXCORE_PRESERVE_ALL_ATTR="" -DFEX_HAS_PRESERVE_ALL_ATTR=0 -DFEX_PRESERVE_ALL_ATTR="" -DGLOBAL_DATA_DIRECTORY=\"/usr/local/share/fex-emu/\" -DHAS_PROGRAM_INVOCATION_NAME="" -DINLINE="static inline" -DINLINE_LEVEL=4 -DSOFTFLOAT_BUILTIN_CLZ=1 -DSOFTFLOAT_FAST_DIV32TO16=1 -DSOFTFLOAT_FAST_DIV64TO32=1 -DSOFTFLOAT_FAST_INT64=1 -D_LARGEFILE64_SOURCE @CMakeFiles/softfloat_3e.dir/includes_C.rsp -DFEX_IOS_HOST -O3 -DNDEBUG -flto=thin -Wno-trigraphs -fdiagnostics-color=always -fcolor-diagnostics -Wno-deprecated-enum-enum-conversion -Wall -MD -MT External/SoftFloat-3e/CMakeFiles/softfloat_3e.dir/src/extF80_to_i32.c.obj -MF CMakeFiles/softfloat_3e.dir/src/extF80_to_i32.c.obj.d -o CMakeFiles/softfloat_3e.dir/src/extF80_to_i32.c.obj -c /Users/runner/work/GTASanAndreas3DS/GTASanAndreas3DS/FEX/External/SoftFloat-3e/src/extF80_to_i32.c
[  8%] Building C object External/SoftFloat-3e/CMakeFiles/softfloat_3e.dir/src/extF80_to_i64.c.obj
cd /Users/runner/work/GTASanAndreas3DS/GTASanAndreas3DS/FEX/build-arm64ec/External/SoftFloat-3e && /opt/homebrew/bin/ccache sloppiness=time_macros /Users/runner/work/GTASanAndreas3DS/GTASanAndreas3DS/toolchains/llvm-mingw-20260616-ucrt-macos-universal/bin/arm64ec-w64-mingw32-clang -DARCHITECTURE_arm64=1 -DARCHITECTURE_arm64ec=1 -DFEXCORE_HAS_PRESERVE_ALL_ATTR=0 -DFEXCORE_PRESERVE_ALL_ATTR="" -DFEX_HAS_PRESERVE_ALL_ATTR=0 -DFEX_PRESERVE_ALL_ATTR="" -DGLOBAL_DATA_DIRECTORY=\"/usr/local/share/fex-emu/\" -DHAS_PROGRAM_INVOCATION_NAME="" -DINLINE="static inline" -DINLINE_LEVEL=4 -DSOFTFLOAT_BUILTIN_CLZ=1 -DSOFTFLOAT_FAST_DIV32TO16=1 -DSOFTFLOAT_FAST_DIV64TO32=1 -DSOFTFLOAT_FAST_INT64=1 -D_LARGEFILE64_SOURCE @CMakeFiles/softfloat_3e.dir/includes_C.rsp -DFEX_IOS_HOST -O3 -DNDEBUG -flto=thin -Wno-trigraphs -fdiagnostics-color=always -fcolor-diagnostics -Wno-deprecated-enum-enum-conversion -Wall -MD -MT External/SoftFloat-3e/CMakeFiles/softfloat_3e.dir/src/extF80_to_i64.c.obj -MF CMakeFiles/softfloat_3e.dir/src/extF80_to_i64.c.obj.d -o CMakeFiles/softfloat_3e.dir/src/extF80_to_i64.c.obj -c /Users/runner/work/GTASanAndreas3DS/GTASanAndreas3DS/FEX/External/SoftFloat-3e/src/extF80_to_i64.c
[  8%] Building C object External/SoftFloat-3e/CMakeFiles/softfloat_3e.dir/src/extF80_to_ui64.c.obj
cd /Users/runner/work/GTASanAndreas3DS/GTASanAndreas3DS/FEX/build-arm64ec/External/SoftFloat-3e && /opt/homebrew/bin/ccache sloppiness=time_macros /Users/runner/work/GTASanAndreas3DS/GTASanAndreas3DS/toolchains/llvm-mingw-20260616-ucrt-macos-universal/bin/arm64ec-w64-mingw32-clang -DARCHITECTURE_arm64=1 -DARCHITECTURE_arm64ec=1 -DFEXCORE_HAS_PRESERVE_ALL_ATTR=0 -DFEXCORE_PRESERVE_ALL_ATTR="" -DFEX_HAS_PRESERVE_ALL_ATTR=0 -DFEX_PRESERVE_ALL_ATTR="" -DGLOBAL_DATA_DIRECTORY=\"/usr/local/share/fex-emu/\" -DHAS_PROGRAM_INVOCATION_NAME="" -DINLINE="static inline" -DINLINE_LEVEL=4 -DSOFTFLOAT_BUILTIN_CLZ=1 -DSOFTFLOAT_FAST_DIV32TO16=1 -DSOFTFLOAT_FAST_DIV64TO32=1 -DSOFTFLOAT_FAST_INT64=1 -D_LARGEFILE64_SOURCE @CMakeFiles/softfloat_3e.dir/includes_C.rsp -DFEX_IOS_HOST -O3 -DNDEBUG -flto=thin -Wno-trigraphs -fdiagnostics-color=always -fcolor-diagnostics -Wno-deprecated-enum-enum-conversion -Wall -MD -MT External/SoftFloat-3e/CMakeFiles/softfloat_3e.dir/src/extF80_to_ui64.c.obj -MF CMakeFiles/softfloat_3e.dir/src/extF80_to_ui64.c.obj.d -o CMakeFiles/softfloat_3e.dir/src/extF80_to_ui64.c.obj -c /Users/runner/work/GTASanAndreas3DS/GTASanAndreas3DS/FEX/External/SoftFloat-3e/src/extF80_to_ui64.c
[  9%] Building C object External/SoftFloat-3e/CMakeFiles/softfloat_3e.dir/src/extF80_to_f32.c.obj
cd /Users/runner/work/GTASanAndreas3DS/GTASanAndreas3DS/FEX/build-arm64ec/External/SoftFloat-3e && /opt/homebrew/bin/ccache sloppiness=time_macros /Users/runner/work/GTASanAndreas3DS/GTASanAndreas3DS/toolchains/llvm-mingw-20260616-ucrt-macos-universal/bin/arm64ec-w64-mingw32-clang -DARCHITECTURE_arm64=1 -DARCHITECTURE_arm64ec=1 -DFEXCORE_HAS_PRESERVE_ALL_ATTR=0 -DFEXCORE_PRESERVE_ALL_ATTR="" -DFEX_HAS_PRESERVE_ALL_ATTR=0 -DFEX_PRESERVE_ALL_ATTR="" -DGLOBAL_DATA_DIRECTORY=\"/usr/local/share/fex-emu/\" -DHAS_PROGRAM_INVOCATION_NAME="" -DINLINE="static inline" -DINLINE_LEVEL=4 -DSOFTFLOAT_BUILTIN_CLZ=1 -DSOFTFLOAT_FAST_DIV32TO16=1 -DSOFTFLOAT_FAST_DIV64TO32=1 -DSOFTFLOAT_FAST_INT64=1 -D_LARGEFILE64_SOURCE @CMakeFiles/softfloat_3e.dir/includes_C.rsp -DFEX_IOS_HOST -O3 -DNDEBUG -flto=thin -Wno-trigraphs -fdiagnostics-color=always -fcolor-diagnostics -Wno-deprecated-enum-enum-conversion -Wall -MD -MT External/SoftFloat-3e/CMakeFiles/softfloat_3e.dir/src/extF80_to_f32.c.obj -MF CMakeFiles/softfloat_3e.dir/src/extF80_to_f32.c.obj.d -o CMakeFiles/softfloat_3e.dir/src/extF80_to_f32.c.obj -c /Users/runner/work/GTASanAndreas3DS/GTASanAndreas3DS/FEX/External/SoftFloat-3e/src/extF80_to_f32.c
[  9%] Building C object External/SoftFloat-3e/CMakeFiles/softfloat_3e.dir/src/extF80_to_f64.c.obj
cd /Users/runner/work/GTASanAndreas3DS/GTASanAndreas3DS/FEX/build-arm64ec/External/SoftFloat-3e && /opt/homebrew/bin/ccache sloppiness=time_macros /Users/runner/work/GTASanAndreas3DS/GTASanAndreas3DS/toolchains/llvm-mingw-20260616-ucrt-macos-universal/bin/arm64ec-w64-mingw32-clang -DARCHITECTURE_arm64=1 -DARCHITECTURE_arm64ec=1 -DFEXCORE_HAS_PRESERVE_ALL_ATTR=0 -DFEXCORE_PRESERVE_ALL_ATTR="" -DFEX_HAS_PRESERVE_ALL_ATTR=0 -DFEX_PRESERVE_ALL_ATTR="" -DGLOBAL_DATA_DIRECTORY=\"/usr/local/share/fex-emu/\" -DHAS_PROGRAM_INVOCATION_NAME="" -DINLINE="static inline" -DINLINE_LEVEL=4 -DSOFTFLOAT_BUILTIN_CLZ=1 -DSOFTFLOAT_FAST_DIV32TO16=1 -DSOFTFLOAT_FAST_DIV64TO32=1 -DSOFTFLOAT_FAST_INT64=1 -D_LARGEFILE64_SOURCE @CMakeFiles/softfloat_3e.dir/includes_C.rsp -DFEX_IOS_HOST -O3 -DNDEBUG -flto=thin -Wno-trigraphs -fdiagnostics-color=always -fcolor-diagnostics -Wno-deprecated-enum-enum-conversion -Wall -MD -MT External/SoftFloat-3e/CMakeFiles/softfloat_3e.dir/src/extF80_to_f64.c.obj -MF CMakeFiles/softfloat_3e.dir/src/extF80_to_f64.c.obj.d -o CMakeFiles/softfloat_3e.dir/src/extF80_to_f64.c.obj -c /Users/runner/work/GTASanAndreas3DS/GTASanAndreas3DS/FEX/External/SoftFloat-3e/src/extF80_to_f64.c
[ 10%] Building C object External/SoftFloat-3e/CMakeFiles/softfloat_3e.dir/src/i32_to_extF80.c.obj
cd /Users/runner/work/GTASanAndreas3DS/GTASanAndreas3DS/FEX/build-arm64ec/External/SoftFloat-3e && /opt/homebrew/bin/ccache sloppiness=time_macros /Users/runner/work/GTASanAndreas3DS/GTASanAndreas3DS/toolchains/llvm-mingw-20260616-ucrt-macos-universal/bin/arm64ec-w64-mingw32-clang -DARCHITECTURE_arm64=1 -DARCHITECTURE_arm64ec=1 -DFEXCORE_HAS_PRESERVE_ALL_ATTR=0 -DFEXCORE_PRESERVE_ALL_ATTR="" -DFEX_HAS_PRESERVE_ALL_ATTR=0 -DFEX_PRESERVE_ALL_ATTR="" -DGLOBAL_DATA_DIRECTORY=\"/usr/local/share/fex-emu/\" -DHAS_PROGRAM_INVOCATION_NAME="" -DINLINE="static inline" -DINLINE_LEVEL=4 -DSOFTFLOAT_BUILTIN_CLZ=1 -DSOFTFLOAT_FAST_DIV32TO16=1 -DSOFTFLOAT_FAST_DIV64TO32=1 -DSOFTFLOAT_FAST_INT64=1 -D_LARGEFILE64_SOURCE @CMakeFiles/softfloat_3e.dir/includes_C.rsp -DFEX_IOS_HOST -O3 -DNDEBUG -flto=thin -Wno-trigraphs -fdiagnostics-color=always -fcolor-diagnostics -Wno-deprecated-enum-enum-conversion -Wall -MD -MT External/SoftFloat-3e/CMakeFiles/softfloat_3e.dir/src/i32_to_extF80.c.obj -MF CMakeFiles/softfloat_3e.dir/src/i32_to_extF80.c.obj.d -o CMakeFiles/softfloat_3e.dir/src/i32_to_extF80.c.obj -c /Users/runner/work/GTASanAndreas3DS/GTASanAndreas3DS/FEX/External/SoftFloat-3e/src/i32_to_extF80.c
[ 10%] Building C object External/SoftFloat-3e/CMakeFiles/softfloat_3e.dir/src/ui64_to_extF80.c.obj
cd /Users/runner/work/GTASanAndreas3DS/GTASanAndreas3DS/FEX/build-arm64ec/External/SoftFloat-3e && /opt/homebrew/bin/ccache sloppiness=time_macros /Users/runner/work/GTASanAndreas3DS/GTASanAndreas3DS/toolchains/llvm-mingw-20260616-ucrt-macos-universal/bin/arm64ec-w64-mingw32-clang -DARCHITECTURE_arm64=1 -DARCHITECTURE_arm64ec=1 -DFEXCORE_HAS_PRESERVE_ALL_ATTR=0 -DFEXCORE_PRESERVE_ALL_ATTR="" -DFEX_HAS_PRESERVE_ALL_ATTR=0 -DFEX_PRESERVE_ALL_ATTR="" -DGLOBAL_DATA_DIRECTORY=\"/usr/local/share/fex-emu/\" -DHAS_PROGRAM_INVOCATION_NAME="" -DINLINE="static inline" -DINLINE_LEVEL=4 -DSOFTFLOAT_BUILTIN_CLZ=1 -DSOFTFLOAT_FAST_DIV32TO16=1 -DSOFTFLOAT_FAST_DIV64TO32=1 -DSOFTFLOAT_FAST_INT64=1 -D_LARGEFILE64_SOURCE @CMakeFiles/softfloat_3e.dir/includes_C.rsp -DFEX_IOS_HOST -O3 -DNDEBUG -flto=thin -Wno-trigraphs -fdiagnostics-color=always -fcolor-diagnostics -Wno-deprecated-enum-enum-conversion -Wall -MD -MT External/SoftFloat-3e/CMakeFiles/softfloat_3e.dir/src/ui64_to_extF80.c.obj -MF CMakeFiles/softfloat_3e.dir/src/ui64_to_extF80.c.obj.d -o CMakeFiles/softfloat_3e.dir/src/ui64_to_extF80.c.obj -c /Users/runner/work/GTASanAndreas3DS/GTASanAndreas3DS/FEX/External/SoftFloat-3e/src/ui64_to_extF80.c
[ 10%] Building C object External/SoftFloat-3e/CMakeFiles/softfloat_3e.dir/src/extF80_to_f128.c.obj
cd /Users/runner/work/GTASanAndreas3DS/GTASanAndreas3DS/FEX/build-arm64ec/External/SoftFloat-3e && /opt/homebrew/bin/ccache sloppiness=time_macros /Users/runner/work/GTASanAndreas3DS/GTASanAndreas3DS/toolchains/llvm-mingw-20260616-ucrt-macos-universal/bin/arm64ec-w64-mingw32-clang -DARCHITECTURE_arm64=1 -DARCHITECTURE_arm64ec=1 -DFEXCORE_HAS_PRESERVE_ALL_ATTR=0 -DFEXCORE_PRESERVE_ALL_ATTR="" -DFEX_HAS_PRESERVE_ALL_ATTR=0 -DFEX_PRESERVE_ALL_ATTR="" -DGLOBAL_DATA_DIRECTORY=\"/usr/local/share/fex-emu/\" -DHAS_PROGRAM_INVOCATION_NAME="" -DINLINE="static inline" -DINLINE_LEVEL=4 -DSOFTFLOAT_BUILTIN_CLZ=1 -DSOFTFLOAT_FAST_DIV32TO16=1 -DSOFTFLOAT_FAST_DIV64TO32=1 -DSOFTFLOAT_FAST_INT64=1 -D_LARGEFILE64_SOURCE @CMakeFiles/softfloat_3e.dir/includes_C.rsp -DFEX_IOS_HOST -O3 -DNDEBUG -flto=thin -Wno-trigraphs -fdiagnostics-color=always -fcolor-diagnostics -Wno-deprecated-enum-enum-conversion -Wall -MD -MT External/SoftFloat-3e/CMakeFiles/softfloat_3e.dir/src/extF80_to_f128.c.obj -MF CMakeFiles/softfloat_3e.dir/src/extF80_to_f128.c.obj.d -o CMakeFiles/softfloat_3e.dir/src/extF80_to_f128.c.obj -c /Users/runner/work/GTASanAndreas3DS/GTASanAndreas3DS/FEX/External/SoftFloat-3e/src/extF80_to_f128.c
[ 11%] Building C object External/SoftFloat-3e/CMakeFiles/softfloat_3e.dir/src/f128_to_extF80.c.obj
cd /Users/runner/work/GTASanAndreas3DS/GTASanAndreas3DS/FEX/build-arm64ec/External/SoftFloat-3e && /opt/homebrew/bin/ccache sloppiness=time_macros /Users/runner/work/GTASanAndreas3DS/GTASanAndreas3DS/toolchains/llvm-mingw-20260616-ucrt-macos-universal/bin/arm64ec-w64-mingw32-clang -DARCHITECTURE_arm64=1 -DARCHITECTURE_arm64ec=1 -DFEXCORE_HAS_PRESERVE_ALL_ATTR=0 -DFEXCORE_PRESERVE_ALL_ATTR="" -DFEX_HAS_PRESERVE_ALL_ATTR=0 -DFEX_PRESERVE_ALL_ATTR="" -DGLOBAL_DATA_DIRECTORY=\"/usr/local/share/fex-emu/\" -DHAS_PROGRAM_INVOCATION_NAME="" -DINLINE="static inline" -DINLINE_LEVEL=4 -DSOFTFLOAT_BUILTIN_CLZ=1 -DSOFTFLOAT_FAST_DIV32TO16=1 -DSOFTFLOAT_FAST_DIV64TO32=1 -DSOFTFLOAT_FAST_INT64=1 -D_LARGEFILE64_SOURCE @CMakeFiles/softfloat_3e.dir/includes_C.rsp -DFEX_IOS_HOST -O3 -DNDEBUG -flto=thin -Wno-trigraphs -fdiagnostics-color=always -fcolor-diagnostics -Wno-deprecated-enum-enum-conversion -Wall -MD -MT External/SoftFloat-3e/CMakeFiles/softfloat_3e.dir/src/f128_to_extF80.c.obj -MF CMakeFiles/softfloat_3e.dir/src/f128_to_extF80.c.obj.d -o CMakeFiles/softfloat_3e.dir/src/f128_to_extF80.c.obj -c /Users/runner/work/GTASanAndreas3DS/GTASanAndreas3DS/FEX/External/SoftFloat-3e/src/f128_to_extF80.c
[ 11%] Building C object External/SoftFloat-3e/CMakeFiles/softfloat_3e.dir/src/f128_add.c.obj
cd /Users/runner/work/GTASanAndreas3DS/GTASanAndreas3DS/FEX/build-arm64ec/External/SoftFloat-3e && /opt/homebrew/bin/ccache sloppiness=time_macros /Users/runner/work/GTASanAndreas3DS/GTASanAndreas3DS/toolchains/llvm-mingw-20260616-ucrt-macos-universal/bin/arm64ec-w64-mingw32-clang -DARCHITECTURE_arm64=1 -DARCHITECTURE_arm64ec=1 -DFEXCORE_HAS_PRESERVE_ALL_ATTR=0 -DFEXCORE_PRESERVE_ALL_ATTR="" -DFEX_HAS_PRESERVE_ALL_ATTR=0 -DFEX_PRESERVE_ALL_ATTR="" -DGLOBAL_DATA_DIRECTORY=\"/usr/local/share/fex-emu/\" -DHAS_PROGRAM_INVOCATION_NAME="" -DINLINE="static inline" -DINLINE_LEVEL=4 -DSOFTFLOAT_BUILTIN_CLZ=1 -DSOFTFLOAT_FAST_DIV32TO16=1 -DSOFTFLOAT_FAST_DIV64TO32=1 -DSOFTFLOAT_FAST_INT64=1 -D_LARGEFILE64_SOURCE @CMakeFiles/softfloat_3e.dir/includes_C.rsp -DFEX_IOS_HOST -O3 -DNDEBUG -flto=thin -Wno-trigraphs -fdiagnostics-color=always -fcolor-diagnostics -Wno-deprecated-enum-enum-conversion -Wall -MD -MT External/SoftFloat-3e/CMakeFiles/softfloat_3e.dir/src/f128_add.c.obj -MF CMakeFiles/softfloat_3e.dir/src/f128_add.c.obj.d -o CMakeFiles/softfloat_3e.dir/src/f128_add.c.obj -c /Users/runner/work/GTASanAndreas3DS/GTASanAndreas3DS/FEX/External/SoftFloat-3e/src/f128_add.c
[ 12%] Building C object External/SoftFloat-3e/CMakeFiles/softfloat_3e.dir/src/f128_div.c.obj
cd /Users/runner/work/GTASanAndreas3DS/GTASanAndreas3DS/FEX/build-arm64ec/External/SoftFloat-3e && /opt/homebrew/bin/ccache sloppiness=time_macros /Users/runner/work/GTASanAndreas3DS/GTASanAndreas3DS/toolchains/llvm-mingw-20260616-ucrt-macos-universal/bin/arm64ec-w64-mingw32-clang -DARCHITECTURE_arm64=1 -DARCHITECTURE_arm64ec=1 -DFEXCORE_HAS_PRESERVE_ALL_ATTR=0 -DFEXCORE_PRESERVE_ALL_ATTR="" -DFEX_HAS_PRESERVE_ALL_ATTR=0 -DFEX_PRESERVE_ALL_ATTR="" -DGLOBAL_DATA_DIRECTORY=\"/usr/local/share/fex-emu/\" -DHAS_PROGRAM_INVOCATION_NAME="" -DINLINE="static inline" -DINLINE_LEVEL=4 -DSOFTFLOAT_BUILTIN_CLZ=1 -DSOFTFLOAT_FAST_DIV32TO16=1 -DSOFTFLOAT_FAST_DIV64TO32=1 -DSOFTFLOAT_FAST_INT64=1 -D_LARGEFILE64_SOURCE @CMakeFiles/softfloat_3e.dir/includes_C.rsp -DFEX_IOS_HOST -O3 -DNDEBUG -flto=thin -Wno-trigraphs -fdiagnostics-color=always -fcolor-diagnostics -Wno-deprecated-enum-enum-conversion -Wall -MD -MT External/SoftFloat-3e/CMakeFiles/softfloat_3e.dir/src/f128_div.c.obj -MF CMakeFiles/softfloat_3e.dir/src/f128_div.c.obj.d -o CMakeFiles/softfloat_3e.dir/src/f128_div.c.obj -c /Users/runner/work/GTASanAndreas3DS/GTASanAndreas3DS/FEX/External/SoftFloat-3e/src/f128_div.c
[ 12%] Building C object External/SoftFloat-3e/CMakeFiles/softfloat_3e.dir/src/f128_eq.c.obj
cd /Users/runner/work/GTASanAndreas3DS/GTASanAndreas3DS/FEX/build-arm64ec/External/SoftFloat-3e && /opt/homebrew/bin/ccache sloppiness=time_macros /Users/runner/work/GTASanAndreas3DS/GTASanAndreas3DS/toolchains/llvm-mingw-20260616-ucrt-macos-universal/bin/arm64ec-w64-mingw32-clang -DARCHITECTURE_arm64=1 -DARCHITECTURE_arm64ec=1 -DFEXCORE_HAS_PRESERVE_ALL_ATTR=0 -DFEXCORE_PRESERVE_ALL_ATTR="" -DFEX_HAS_PRESERVE_ALL_ATTR=0 -DFEX_PRESERVE_ALL_ATTR="" -DGLOBAL_DATA_DIRECTORY=\"/usr/local/share/fex-emu/\" -DHAS_PROGRAM_INVOCATION_NAME="" -DINLINE="static inline" -DINLINE_LEVEL=4 -DSOFTFLOAT_BUILTIN_CLZ=1 -DSOFTFLOAT_FAST_DIV32TO16=1 -DSOFTFLOAT_FAST_DIV64TO32=1 -DSOFTFLOAT_FAST_INT64=1 -D_LARGEFILE64_SOURCE @CMakeFiles/softfloat_3e.dir/includes_C.rsp -DFEX_IOS_HOST -O3 -DNDEBUG -flto=thin -Wno-trigraphs -fdiagnostics-color=always -fcolor-diagnostics -Wno-deprecated-enum-enum-conversion -Wall -MD -MT External/SoftFloat-3e/CMakeFiles/softfloat_3e.dir/src/f128_eq.c.obj -MF CMakeFiles/softfloat_3e.dir/src/f128_eq.c.obj.d -o CMakeFiles/softfloat_3e.dir/src/f128_eq.c.obj -c /Users/runner/work/GTASanAndreas3DS/GTASanAndreas3DS/FEX/External/SoftFloat-3e/src/f128_eq.c
[ 13%] Building C object External/SoftFloat-3e/CMakeFiles/softfloat_3e.dir/src/f128_eq_signaling.c.obj
cd /Users/runner/work/GTASanAndreas3DS/GTASanAndreas3DS/FEX/build-arm64ec/External/SoftFloat-3e && /opt/homebrew/bin/ccache sloppiness=time_macros /Users/runner/work/GTASanAndreas3DS/GTASanAndreas3DS/toolchains/llvm-mingw-20260616-ucrt-macos-universal/bin/arm64ec-w64-mingw32-clang -DARCHITECTURE_arm64=1 -DARCHITECTURE_arm64ec=1 -DFEXCORE_HAS_PRESERVE_ALL_ATTR=0 -DFEXCORE_PRESERVE_ALL_ATTR="" -DFEX_HAS_PRESERVE_ALL_ATTR=0 -DFEX_PRESERVE_ALL_ATTR="" -DGLOBAL_DATA_DIRECTORY=\"/usr/local/share/fex-emu/\" -DHAS_PROGRAM_INVOCATION_NAME="" -DINLINE="static inline" -DINLINE_LEVEL=4 -DSOFTFLOAT_BUILTIN_CLZ=1 -DSOFTFLOAT_FAST_DIV32TO16=1 -DSOFTFLOAT_FAST_DIV64TO32=1 -DSOFTFLOAT_FAST_INT64=1 -D_LARGEFILE64_SOURCE @CMakeFiles/softfloat_3e.dir/includes_C.rsp -DFEX_IOS_HOST -O3 -DNDEBUG -flto=thin -Wno-trigraphs -fdiagnostics-color=always -fcolor-diagnostics -Wno-deprecated-enum-enum-conversion -Wall -MD -MT External/SoftFloat-3e/CMakeFiles/softfloat_3e.dir/src/f128_eq_signaling.c.obj -MF CMakeFiles/softfloat_3e.dir/src/f128_eq_signaling.c.obj.d -o CMakeFiles/softfloat_3e.dir/src/f128_eq_signaling.c.obj -c /Users/runner/work/GTASanAndreas3DS/GTASanAndreas3DS/FEX/External/SoftFloat-3e/src/f128_eq_signaling.c
[ 13%] Building C object External/SoftFloat-3e/CMakeFiles/softfloat_3e.dir/src/f128_isSignalingNaN.c.obj
cd /Users/runner/work/GTASanAndreas3DS/GTASanAndreas3DS/FEX/build-arm64ec/External/SoftFloat-3e && /opt/homebrew/bin/ccache sloppiness=time_macros /Users/runner/work/GTASanAndreas3DS/GTASanAndreas3DS/toolchains/llvm-mingw-20260616-ucrt-macos-universal/bin/arm64ec-w64-mingw32-clang -DARCHITECTURE_arm64=1 -DARCHITECTURE_arm64ec=1 -DFEXCORE_HAS_PRESERVE_ALL_ATTR=0 -DFEXCORE_PRESERVE_ALL_ATTR="" -DFEX_HAS_PRESERVE_ALL_ATTR=0 -DFEX_PRESERVE_ALL_ATTR="" -DGLOBAL_DATA_DIRECTORY=\"/usr/local/share/fex-emu/\" -DHAS_PROGRAM_INVOCATION_NAME="" -DINLINE="static inline" -DINLINE_LEVEL=4 -DSOFTFLOAT_BUILTIN_CLZ=1 -DSOFTFLOAT_FAST_DIV32TO16=1 -DSOFTFLOAT_FAST_DIV64TO32=1 -DSOFTFLOAT_FAST_INT64=1 -D_LARGEFILE64_SOURCE @CMakeFiles/softfloat_3e.dir/includes_C.rsp -DFEX_IOS_HOST -O3 -DNDEBUG -flto=thin -Wno-trigraphs -fdiagnostics-color=always -fcolor-diagnostics -Wno-deprecated-enum-enum-conversion -Wall -MD -MT External/SoftFloat-3e/CMakeFiles/softfloat_3e.dir/src/f128_isSignalingNaN.c.obj -MF CMakeFiles/softfloat_3e.dir/src/f128_isSignalingNaN.c.obj.d -o CMakeFiles/softfloat_3e.dir/src/f128_isSignalingNaN.c.obj -c /Users/runner/work/GTASanAndreas3DS/GTASanAndreas3DS/FEX/External/SoftFloat-3e/src/f128_isSignalingNaN.c
[ 14%] Building C object External/SoftFloat-3e/CMakeFiles/softfloat_3e.dir/src/f128_le.c.obj
cd /Users/runner/work/GTASanAndreas3DS/GTASanAndreas3DS/FEX/build-arm64ec/External/SoftFloat-3e && /opt/homebrew/bin/ccache sloppiness=time_macros /Users/runner/work/GTASanAndreas3DS/GTASanAndreas3DS/toolchains/llvm-mingw-20260616-ucrt-macos-universal/bin/arm64ec-w64-mingw32-clang -DARCHITECTURE_arm64=1 -DARCHITECTURE_arm64ec=1 -DFEXCORE_HAS_PRESERVE_ALL_ATTR=0 -DFEXCORE_PRESERVE_ALL_ATTR="" -DFEX_HAS_PRESERVE_ALL_ATTR=0 -DFEX_PRESERVE_ALL_ATTR="" -DGLOBAL_DATA_DIRECTORY=\"/usr/local/share/fex-emu/\" -DHAS_PROGRAM_INVOCATION_NAME="" -DINLINE="static inline" -DINLINE_LEVEL=4 -DSOFTFLOAT_BUILTIN_CLZ=1 -DSOFTFLOAT_FAST_DIV32TO16=1 -DSOFTFLOAT_FAST_DIV64TO32=1 -DSOFTFLOAT_FAST_INT64=1 -D_LARGEFILE64_SOURCE @CMakeFiles/softfloat_3e.dir/includes_C.rsp -DFEX_IOS_HOST -O3 -DNDEBUG -flto=thin -Wno-trigraphs -fdiagnostics-color=always -fcolor-diagnostics -Wno-deprecated-enum-enum-conversion -Wall -MD -MT External/SoftFloat-3e/CMakeFiles/softfloat_3e.dir/src/f128_le.c.obj -MF CMakeFiles/softfloat_3e.dir/src/f128_le.c.obj.d -o CMakeFiles/softfloat_3e.dir/src/f128_le.c.obj -c /Users/runner/work/GTASanAndreas3DS/GTASanAndreas3DS/FEX/External/SoftFloat-3e/src/f128_le.c
[ 14%] Building C object External/SoftFloat-3e/CMakeFiles/softfloat_3e.dir/src/f128_le_quiet.c.obj
cd /Users/runner/work/GTASanAndreas3DS/GTASanAndreas3DS/FEX/build-arm64ec/External/SoftFloat-3e && /opt/homebrew/bin/ccache sloppiness=time_macros /Users/runner/work/GTASanAndreas3DS/GTASanAndreas3DS/toolchains/llvm-mingw-20260616-ucrt-macos-universal/bin/arm64ec-w64-mingw32-clang -DARCHITECTURE_arm64=1 -DARCHITECTURE_arm64ec=1 -DFEXCORE_HAS_PRESERVE_ALL_ATTR=0 -DFEXCORE_PRESERVE_ALL_ATTR="" -DFEX_HAS_PRESERVE_ALL_ATTR=0 -DFEX_PRESERVE_ALL_ATTR="" -DGLOBAL_DATA_DIRECTORY=\"/usr/local/share/fex-emu/\" -DHAS_PROGRAM_INVOCATION_NAME="" -DINLINE="static inline" -DINLINE_LEVEL=4 -DSOFTFLOAT_BUILTIN_CLZ=1 -DSOFTFLOAT_FAST_DIV32TO16=1 -DSOFTFLOAT_FAST_DIV64TO32=1 -DSOFTFLOAT_FAST_INT64=1 -D_LARGEFILE64_SOURCE @CMakeFiles/softfloat_3e.dir/includes_C.rsp -DFEX_IOS_HOST -O3 -DNDEBUG -flto=thin -Wno-trigraphs -fdiagnostics-color=always -fcolor-diagnostics -Wno-deprecated-enum-enum-conversion -Wall -MD -MT External/SoftFloat-3e/CMakeFiles/softfloat_3e.dir/src/f128_le_quiet.c.obj -MF CMakeFiles/softfloat_3e.dir/src/f128_le_quiet.c.obj.d -o CMakeFiles/softfloat_3e.dir/src/f128_le_quiet.c.obj -c /Users/runner/work/GTASanAndreas3DS/GTASanAndreas3DS/FEX/External/SoftFloat-3e/src/f128_le_quiet.c
[ 15%] Building C object External/SoftFloat-3e/CMakeFiles/softfloat_3e.dir/src/f128_lt.c.obj
cd /Users/runner/work/GTASanAndreas3DS/GTASanAndreas3DS/FEX/build-arm64ec/External/SoftFloat-3e && /opt/homebrew/bin/ccache sloppiness=time_macros /Users/runner/work/GTASanAndreas3DS/GTASanAndreas3DS/toolchains/llvm-mingw-20260616-ucrt-macos-universal/bin/arm64ec-w64-mingw32-clang -DARCHITECTURE_arm64=1 -DARCHITECTURE_arm64ec=1 -DFEXCORE_HAS_PRESERVE_ALL_ATTR=0 -DFEXCORE_PRESERVE_ALL_ATTR="" -DFEX_HAS_PRESERVE_ALL_ATTR=0 -DFEX_PRESERVE_ALL_ATTR="" -DGLOBAL_DATA_DIRECTORY=\"/usr/local/share/fex-emu/\" -DHAS_PROGRAM_INVOCATION_NAME="" -DINLINE="static inline" -DINLINE_LEVEL=4 -DSOFTFLOAT_BUILTIN_CLZ=1 -DSOFTFLOAT_FAST_DIV32TO16=1 -DSOFTFLOAT_FAST_DIV64TO32=1 -DSOFTFLOAT_FAST_INT64=1 -D_LARGEFILE64_SOURCE @CMakeFiles/softfloat_3e.dir/includes_C.rsp -DFEX_IOS_HOST -O3 -DNDEBUG -flto=thin -Wno-trigraphs -fdiagnostics-color=always -fcolor-diagnostics -Wno-deprecated-enum-enum-conversion -Wall -MD -MT External/SoftFloat-3e/CMakeFiles/softfloat_3e.dir/src/f128_lt.c.obj -MF CMakeFiles/softfloat_3e.dir/src/f128_lt.c.obj.d -o CMakeFiles/softfloat_3e.dir/src/f128_lt.c.obj -c /Users/runner/work/GTASanAndreas3DS/GTASanAndreas3DS/FEX/External/SoftFloat-3e/src/f128_lt.c
[ 15%] Building C object External/SoftFloat-3e/CMakeFiles/softfloat_3e.dir/src/f128_lt_quiet.c.obj
cd /Users/runner/work/GTASanAndreas3DS/GTASanAndreas3DS/FEX/build-arm64ec/External/SoftFloat-3e && /opt/homebrew/bin/ccache sloppiness=time_macros /Users/runner/work/GTASanAndreas3DS/GTASanAndreas3DS/toolchains/llvm-mingw-20260616-ucrt-macos-universal/bin/arm64ec-w64-mingw32-clang -DARCHITECTURE_arm64=1 -DARCHITECTURE_arm64ec=1 -DFEXCORE_HAS_PRESERVE_ALL_ATTR=0 -DFEXCORE_PRESERVE_ALL_ATTR="" -DFEX_HAS_PRESERVE_ALL_ATTR=0 -DFEX_PRESERVE_ALL_ATTR="" -DGLOBAL_DATA_DIRECTORY=\"/usr/local/share/fex-emu/\" -DHAS_PROGRAM_INVOCATION_NAME="" -DINLINE="static inline" -DINLINE_LEVEL=4 -DSOFTFLOAT_BUILTIN_CLZ=1 -DSOFTFLOAT_FAST_DIV32TO16=1 -DSOFTFLOAT_FAST_DIV64TO32=1 -DSOFTFLOAT_FAST_INT64=1 -D_LARGEFILE64_SOURCE @CMakeFiles/softfloat_3e.dir/includes_C.rsp -DFEX_IOS_HOST -O3 -DNDEBUG -flto=thin -Wno-trigraphs -fdiagnostics-color=always -fcolor-diagnostics -Wno-deprecated-enum-enum-conversion -Wall -MD -MT External/SoftFloat-3e/CMakeFiles/softfloat_3e.dir/src/f128_lt_quiet.c.obj -MF CMakeFiles/softfloat_3e.dir/src/f128_lt_quiet.c.obj.d -o CMakeFiles/softfloat_3e.dir/src/f128_lt_quiet.c.obj -c /Users/runner/work/GTASanAndreas3DS/GTASanAndreas3DS/FEX/External/SoftFloat-3e/src/f128_lt_quiet.c
[ 16%] Building C object External/SoftFloat-3e/CMakeFiles/softfloat_3e.dir/src/f128_mulAdd.c.obj
cd /Users/runner/work/GTASanAndreas3DS/GTASanAndreas3DS/FEX/build-arm64ec/External/SoftFloat-3e && /opt/homebrew/bin/ccache sloppiness=time_macros /Users/runner/work/GTASanAndreas3DS/GTASanAndreas3DS/toolchains/llvm-mingw-20260616-ucrt-macos-universal/bin/arm64ec-w64-mingw32-clang -DARCHITECTURE_arm64=1 -DARCHITECTURE_arm64ec=1 -DFEXCORE_HAS_PRESERVE_ALL_ATTR=0 -DFEXCORE_PRESERVE_ALL_ATTR="" -DFEX_HAS_PRESERVE_ALL_ATTR=0 -DFEX_PRESERVE_ALL_ATTR="" -DGLOBAL_DATA_DIRECTORY=\"/usr/local/share/fex-emu/\" -DHAS_PROGRAM_INVOCATION_NAME="" -DINLINE="static inline" -DINLINE_LEVEL=4 -DSOFTFLOAT_BUILTIN_CLZ=1 -DSOFTFLOAT_FAST_DIV32TO16=1 -DSOFTFLOAT_FAST_DIV64TO32=1 -DSOFTFLOAT_FAST_INT64=1 -D_LARGEFILE64_SOURCE @CMakeFiles/softfloat_3e.dir/includes_C.rsp -DFEX_IOS_HOST -O3 -DNDEBUG -flto=thin -Wno-trigraphs -fdiagnostics-color=always -fcolor-diagnostics -Wno-deprecated-enum-enum-conversion -Wall -MD -MT External/SoftFloat-3e/CMakeFiles/softfloat_3e.dir/src/f128_mulAdd.c.obj -MF CMakeFiles/softfloat_3e.dir/src/f128_mulAdd.c.obj.d -o CMakeFiles/softfloat_3e.dir/src/f128_mulAdd.c.obj -c /Users/runner/work/GTASanAndreas3DS/GTASanAndreas3DS/FEX/External/SoftFloat-3e/src/f128_mulAdd.c
[ 16%] Building C object External/SoftFloat-3e/CMakeFiles/softfloat_3e.dir/src/f128_mul.c.obj
cd /Users/runner/work/GTASanAndreas3DS/GTASanAndreas3DS/FEX/build-arm64ec/External/SoftFloat-3e && /opt/homebrew/bin/ccache sloppiness=time_macros /Users/runner/work/GTASanAndreas3DS/GTASanAndreas3DS/toolchains/llvm-mingw-20260616-ucrt-macos-universal/bin/arm64ec-w64-mingw32-clang -DARCHITECTURE_arm64=1 -DARCHITECTURE_arm64ec=1 -DFEXCORE_HAS_PRESERVE_ALL_ATTR=0 -DFEXCORE_PRESERVE_ALL_ATTR="" -DFEX_HAS_PRESERVE_ALL_ATTR=0 -DFEX_PRESERVE_ALL_ATTR="" -DGLOBAL_DATA_DIRECTORY=\"/usr/local/share/fex-emu/\" -DHAS_PROGRAM_INVOCATION_NAME="" -DINLINE="static inline" -DINLINE_LEVEL=4 -DSOFTFLOAT_BUILTIN_CLZ=1 -DSOFTFLOAT_FAST_DIV32TO16=1 -DSOFTFLOAT_FAST_DIV64TO32=1 -DSOFTFLOAT_FAST_INT64=1 -D_LARGEFILE64_SOURCE @CMakeFiles/softfloat_3e.dir/includes_C.rsp -DFEX_IOS_HOST -O3 -DNDEBUG -flto=thin -Wno-trigraphs -fdiagnostics-color=always -fcolor-diagnostics -Wno-deprecated-enum-enum-conversion -Wall -MD -MT External/SoftFloat-3e/CMakeFiles/softfloat_3e.dir/src/f128_mul.c.obj -MF CMakeFiles/softfloat_3e.dir/src/f128_mul.c.obj.d -o CMakeFiles/softfloat_3e.dir/src/f128_mul.c.obj -c /Users/runner/work/GTASanAndreas3DS/GTASanAndreas3DS/FEX/External/SoftFloat-3e/src/f128_mul.c
[ 17%] Building C object External/SoftFloat-3e/CMakeFiles/softfloat_3e.dir/src/f128_rem.c.obj
cd /Users/runner/work/GTASanAndreas3DS/GTASanAndreas3DS/FEX/build-arm64ec/External/SoftFloat-3e && /opt/homebrew/bin/ccache sloppiness=time_macros /Users/runner/work/GTASanAndreas3DS/GTASanAndreas3DS/toolchains/llvm-mingw-20260616-ucrt-macos-universal/bin/arm64ec-w64-mingw32-clang -DARCHITECTURE_arm64=1 -DARCHITECTURE_arm64ec=1 -DFEXCORE_HAS_PRESERVE_ALL_ATTR=0 -DFEXCORE_PRESERVE_ALL_ATTR="" -DFEX_HAS_PRESERVE_ALL_ATTR=0 -DFEX_PRESERVE_ALL_ATTR="" -DGLOBAL_DATA_DIRECTORY=\"/usr/local/share/fex-emu/\" -DHAS_PROGRAM_INVOCATION_NAME="" -DINLINE="static inline" -DINLINE_LEVEL=4 -DSOFTFLOAT_BUILTIN_CLZ=1 -DSOFTFLOAT_FAST_DIV32TO16=1 -DSOFTFLOAT_FAST_DIV64TO32=1 -DSOFTFLOAT_FAST_INT64=1 -D_LARGEFILE64_SOURCE @CMakeFiles/softfloat_3e.dir/includes_C.rsp -DFEX_IOS_HOST -O3 -DNDEBUG -flto=thin -Wno-trigraphs -fdiagnostics-color=always -fcolor-diagnostics -Wno-deprecated-enum-enum-conversion -Wall -MD -MT External/SoftFloat-3e/CMakeFiles/softfloat_3e.dir/src/f128_rem.c.obj -MF CMakeFiles/softfloat_3e.dir/src/f128_rem.c.obj.d -o CMakeFiles/softfloat_3e.dir/src/f128_rem.c.obj -c /Users/runner/work/GTASanAndreas3DS/GTASanAndreas3DS/FEX/External/SoftFloat-3e/src/f128_rem.c
[ 17%] Building C object External/SoftFloat-3e/CMakeFiles/softfloat_3e.dir/src/f128_sqrt.c.obj
cd /Users/runner/work/GTASanAndreas3DS/GTASanAndreas3DS/FEX/build-arm64ec/External/SoftFloat-3e && /opt/homebrew/bin/ccache sloppiness=time_macros /Users/runner/work/GTASanAndreas3DS/GTASanAndreas3DS/toolchains/llvm-mingw-20260616-ucrt-macos-universal/bin/arm64ec-w64-mingw32-clang -DARCHITECTURE_arm64=1 -DARCHITECTURE_arm64ec=1 -DFEXCORE_HAS_PRESERVE_ALL_ATTR=0 -DFEXCORE_PRESERVE_ALL_ATTR="" -DFEX_HAS_PRESERVE_ALL_ATTR=0 -DFEX_PRESERVE_ALL_ATTR="" -DGLOBAL_DATA_DIRECTORY=\"/usr/local/share/fex-emu/\" -DHAS_PROGRAM_INVOCATION_NAME="" -DINLINE="static inline" -DINLINE_LEVEL=4 -DSOFTFLOAT_BUILTIN_CLZ=1 -DSOFTFLOAT_FAST_DIV32TO16=1 -DSOFTFLOAT_FAST_DIV64TO32=1 -DSOFTFLOAT_FAST_INT64=1 -D_LARGEFILE64_SOURCE @CMakeFiles/softfloat_3e.dir/includes_C.rsp -DFEX_IOS_HOST -O3 -DNDEBUG -flto=thin -Wno-trigraphs -fdiagnostics-color=always -fcolor-diagnostics -Wno-deprecated-enum-enum-conversion -Wall -MD -MT External/SoftFloat-3e/CMakeFiles/softfloat_3e.dir/src/f128_sqrt.c.obj -MF CMakeFiles/softfloat_3e.dir/src/f128_sqrt.c.obj.d -o CMakeFiles/softfloat_3e.dir/src/f128_sqrt.c.obj -c /Users/runner/work/GTASanAndreas3DS/GTASanAndreas3DS/FEX/External/SoftFloat-3e/src/f128_sqrt.c
[ 18%] Building C object External/SoftFloat-3e/CMakeFiles/softfloat_3e.dir/src/f128_sub.c.obj
cd /Users/runner/work/GTASanAndreas3DS/GTASanAndreas3DS/FEX/build-arm64ec/External/SoftFloat-3e && /opt/homebrew/bin/ccache sloppiness=time_macros /Users/runner/work/GTASanAndreas3DS/GTASanAndreas3DS/toolchains/llvm-mingw-20260616-ucrt-macos-universal/bin/arm64ec-w64-mingw32-clang -DARCHITECTURE_arm64=1 -DARCHITECTURE_arm64ec=1 -DFEXCORE_HAS_PRESERVE_ALL_ATTR=0 -DFEXCORE_PRESERVE_ALL_ATTR="" -DFEX_HAS_PRESERVE_ALL_ATTR=0 -DFEX_PRESERVE_ALL_ATTR="" -DGLOBAL_DATA_DIRECTORY=\"/usr/local/share/fex-emu/\" -DHAS_PROGRAM_INVOCATION_NAME="" -DINLINE="static inline" -DINLINE_LEVEL=4 -DSOFTFLOAT_BUILTIN_CLZ=1 -DSOFTFLOAT_FAST_DIV32TO16=1 -DSOFTFLOAT_FAST_DIV64TO32=1 -DSOFTFLOAT_FAST_INT64=1 -D_LARGEFILE64_SOURCE @CMakeFiles/softfloat_3e.dir/includes_C.rsp -DFEX_IOS_HOST -O3 -DNDEBUG -flto=thin -Wno-trigraphs -fdiagnostics-color=always -fcolor-diagnostics -Wno-deprecated-enum-enum-conversion -Wall -MD -MT External/SoftFloat-3e/CMakeFiles/softfloat_3e.dir/src/f128_sub.c.obj -MF CMakeFiles/softfloat_3e.dir/src/f128_sub.c.obj.d -o CMakeFiles/softfloat_3e.dir/src/f128_sub.c.obj -c /Users/runner/work/GTASanAndreas3DS/GTASanAndreas3DS/FEX/External/SoftFloat-3e/src/f128_sub.c
[ 18%] Building C object External/SoftFloat-3e/CMakeFiles/softfloat_3e.dir/src/f128_to_f16.c.obj
cd /Users/runner/work/GTASanAndreas3DS/GTASanAndreas3DS/FEX/build-arm64ec/External/SoftFloat-3e && /opt/homebrew/bin/ccache sloppiness=time_macros /Users/runner/work/GTASanAndreas3DS/GTASanAndreas3DS/toolchains/llvm-mingw-20260616-ucrt-macos-universal/bin/arm64ec-w64-mingw32-clang -DARCHITECTURE_arm64=1 -DARCHITECTURE_arm64ec=1 -DFEXCORE_HAS_PRESERVE_ALL_ATTR=0 -DFEXCORE_PRESERVE_ALL_ATTR="" -DFEX_HAS_PRESERVE_ALL_ATTR=0 -DFEX_PRESERVE_ALL_ATTR="" -DGLOBAL_DATA_DIRECTORY=\"/usr/local/share/fex-emu/\" -DHAS_PROGRAM_INVOCATION_NAME="" -DINLINE="static inline" -DINLINE_LEVEL=4 -DSOFTFLOAT_BUILTIN_CLZ=1 -DSOFTFLOAT_FAST_DIV32TO16=1 -DSOFTFLOAT_FAST_DIV64TO32=1 -DSOFTFLOAT_FAST_INT64=1 -D_LARGEFILE64_SOURCE @CMakeFiles/softfloat_3e.dir/includes_C.rsp -DFEX_IOS_HOST -O3 -DNDEBUG -flto=thin -Wno-trigraphs -fdiagnostics-color=always -fcolor-diagnostics -Wno-deprecated-enum-enum-conversion -Wall -MD -MT External/SoftFloat-3e/CMakeFiles/softfloat_3e.dir/src/f128_to_f16.c.obj -MF CMakeFiles/softfloat_3e.dir/src/f128_to_f16.c.obj.d -o CMakeFiles/softfloat_3e.dir/src/f128_to_f16.c.obj -c /Users/runner/work/GTASanAndreas3DS/GTASanAndreas3DS/FEX/External/SoftFloat-3e/src/f128_to_f16.c
[ 19%] Building C object External/SoftFloat-3e/CMakeFiles/softfloat_3e.dir/src/f128_to_f32.c.obj
cd /Users/runner/work/GTASanAndreas3DS/GTASanAndreas3DS/FEX/build-arm64ec/External/SoftFloat-3e && /opt/homebrew/bin/ccache sloppiness=time_macros /Users/runner/work/GTASanAndreas3DS/GTASanAndreas3DS/toolchains/llvm-mingw-20260616-ucrt-macos-universal/bin/arm64ec-w64-mingw32-clang -DARCHITECTURE_arm64=1 -DARCHITECTURE_arm64ec=1 -DFEXCORE_HAS_PRESERVE_ALL_ATTR=0 -DFEXCORE_PRESERVE_ALL_ATTR="" -DFEX_HAS_PRESERVE_ALL_ATTR=0 -DFEX_PRESERVE_ALL_ATTR="" -DGLOBAL_DATA_DIRECTORY=\"/usr/local/share/fex-emu/\" -DHAS_PROGRAM_INVOCATION_NAME="" -DINLINE="static inline" -DINLINE_LEVEL=4 -DSOFTFLOAT_BUILTIN_CLZ=1 -DSOFTFLOAT_FAST_DIV32TO16=1 -DSOFTFLOAT_FAST_DIV64TO32=1 -DSOFTFLOAT_FAST_INT64=1 -D_LARGEFILE64_SOURCE @CMakeFiles/softfloat_3e.dir/includes_C.rsp -DFEX_IOS_HOST -O3 -DNDEBUG -flto=thin -Wno-trigraphs -fdiagnostics-color=always -fcolor-diagnostics -Wno-deprecated-enum-enum-conversion -Wall -MD -MT External/SoftFloat-3e/CMakeFiles/softfloat_3e.dir/src/f128_to_f32.c.obj -MF CMakeFiles/softfloat_3e.dir/src/f128_to_f32.c.obj.d -o CMakeFiles/softfloat_3e.dir/src/f128_to_f32.c.obj -c /Users/runner/work/GTASanAndreas3DS/GTASanAndreas3DS/FEX/External/SoftFloat-3e/src/f128_to_f32.c
[ 19%] Building C object External/SoftFloat-3e/CMakeFiles/softfloat_3e.dir/src/f128_to_f64.c.obj
cd /Users/runner/work/GTASanAndreas3DS/GTASanAndreas3DS/FEX/build-arm64ec/External/SoftFloat-3e && /opt/homebrew/bin/ccache sloppiness=time_macros /Users/runner/work/GTASanAndreas3DS/GTASanAndreas3DS/toolchains/llvm-mingw-20260616-ucrt-macos-universal/bin/arm64ec-w64-mingw32-clang -DARCHITECTURE_arm64=1 -DARCHITECTURE_arm64ec=1 -DFEXCORE_HAS_PRESERVE_ALL_ATTR=0 -DFEXCORE_PRESERVE_ALL_ATTR="" -DFEX_HAS_PRESERVE_ALL_ATTR=0 -DFEX_PRESERVE_ALL_ATTR="" -DGLOBAL_DATA_DIRECTORY=\"/usr/local/share/fex-emu/\" -DHAS_PROGRAM_INVOCATION_NAME="" -DINLINE="static inline" -DINLINE_LEVEL=4 -DSOFTFLOAT_BUILTIN_CLZ=1 -DSOFTFLOAT_FAST_DIV32TO16=1 -DSOFTFLOAT_FAST_DIV64TO32=1 -DSOFTFLOAT_FAST_INT64=1 -D_LARGEFILE64_SOURCE @CMakeFiles/softfloat_3e.dir/includes_C.rsp -DFEX_IOS_HOST -O3 -DNDEBUG -flto=thin -Wno-trigraphs -fdiagnostics-color=always -fcolor-diagnostics -Wno-deprecated-enum-enum-conversion -Wall -MD -MT External/SoftFloat-3e/CMakeFiles/softfloat_3e.dir/src/f128_to_f64.c.obj -MF CMakeFiles/softfloat_3e.dir/src/f128_to_f64.c.obj.d -o CMakeFiles/softfloat_3e.dir/src/f128_to_f64.c.obj -c /Users/runner/work/GTASanAndreas3DS/GTASanAndreas3DS/FEX/External/SoftFloat-3e/src/f128_to_f64.c
[ 20%] Building C object External/SoftFloat-3e/CMakeFiles/softfloat_3e.dir/src/f128_to_i32.c.obj
cd /Users/runner/work/GTASanAndreas3DS/GTASanAndreas3DS/FEX/build-arm64ec/External/SoftFloat-3e && /opt/homebrew/bin/ccache sloppiness=time_macros /Users/runner/work/GTASanAndreas3DS/GTASanAndreas3DS/toolchains/llvm-mingw-20260616-ucrt-macos-universal/bin/arm64ec-w64-mingw32-clang -DARCHITECTURE_arm64=1 -DARCHITECTURE_arm64ec=1 -DFEXCORE_HAS_PRESERVE_ALL_ATTR=0 -DFEXCORE_PRESERVE_ALL_ATTR="" -DFEX_HAS_PRESERVE_ALL_ATTR=0 -DFEX_PRESERVE_ALL_ATTR="" -DGLOBAL_DATA_DIRECTORY=\"/usr/local/share/fex-emu/\" -DHAS_PROGRAM_INVOCATION_NAME="" -DINLINE="static inline" -DINLINE_LEVEL=4 -DSOFTFLOAT_BUILTIN_CLZ=1 -DSOFTFLOAT_FAST_DIV32TO16=1 -DSOFTFLOAT_FAST_DIV64TO32=1 -DSOFTFLOAT_FAST_INT64=1 -D_LARGEFILE64_SOURCE @CMakeFiles/softfloat_3e.dir/includes_C.rsp -DFEX_IOS_HOST -O3 -DNDEBUG -flto=thin -Wno-trigraphs -fdiagnostics-color=always -fcolor-diagnostics -Wno-deprecated-enum-enum-conversion -Wall -MD -MT External/SoftFloat-3e/CMakeFiles/softfloat_3e.dir/src/f128_to_i32.c.obj -MF CMakeFiles/softfloat_3e.dir/src/f128_to_i32.c.obj.d -o CMakeFiles/softfloat_3e.dir/src/f128_to_i32.c.obj -c /Users/runner/work/GTASanAndreas3DS/GTASanAndreas3DS/FEX/External/SoftFloat-3e/src/f128_to_i32.c
[ 20%] Building C object External/SoftFloat-3e/CMakeFiles/softfloat_3e.dir/src/f128_to_i64.c.obj
cd /Users/runner/work/GTASanAndreas3DS/GTASanAndreas3DS/FEX/build-arm64ec/External/SoftFloat-3e && /opt/homebrew/bin/ccache sloppiness=time_macros /Users/runner/work/GTASanAndreas3DS/GTASanAndreas3DS/toolchains/llvm-mingw-20260616-ucrt-macos-universal/bin/arm64ec-w64-mingw32-clang -DARCHITECTURE_arm64=1 -DARCHITECTURE_arm64ec=1 -DFEXCORE_HAS_PRESERVE_ALL_ATTR=0 -DFEXCORE_PRESERVE_ALL_ATTR="" -DFEX_HAS_PRESERVE_ALL_ATTR=0 -DFEX_PRESERVE_ALL_ATTR="" -DGLOBAL_DATA_DIRECTORY=\"/usr/local/share/fex-emu/\" -DHAS_PROGRAM_INVOCATION_NAME="" -DINLINE="static inline" -DINLINE_LEVEL=4 -DSOFTFLOAT_BUILTIN_CLZ=1 -DSOFTFLOAT_FAST_DIV32TO16=1 -DSOFTFLOAT_FAST_DIV64TO32=1 -DSOFTFLOAT_FAST_INT64=1 -D_LARGEFILE64_SOURCE @CMakeFiles/softfloat_3e.dir/includes_C.rsp -DFEX_IOS_HOST -O3 -DNDEBUG -flto=thin -Wno-trigraphs -fdiagnostics-color=always -fcolor-diagnostics -Wno-deprecated-enum-enum-conversion -Wall -MD -MT External/SoftFloat-3e/CMakeFiles/softfloat_3e.dir/src/f128_to_i64.c.obj -MF CMakeFiles/softfloat_3e.dir/src/f128_to_i64.c.obj.d -o CMakeFiles/softfloat_3e.dir/src/f128_to_i64.c.obj -c /Users/runner/work/GTASanAndreas3DS/GTASanAndreas3DS/FEX/External/SoftFloat-3e/src/f128_to_i64.c
[ 21%] Building C object External/SoftFloat-3e/CMakeFiles/softfloat_3e.dir/src/f128_to_ui32.c.obj
cd /Users/runner/work/GTASanAndreas3DS/GTASanAndreas3DS/FEX/build-arm64ec/External/SoftFloat-3e && /opt/homebrew/bin/ccache sloppiness=time_macros /Users/runner/work/GTASanAndreas3DS/GTASanAndreas3DS/toolchains/llvm-mingw-20260616-ucrt-macos-universal/bin/arm64ec-w64-mingw32-clang -DARCHITECTURE_arm64=1 -DARCHITECTURE_arm64ec=1 -DFEXCORE_HAS_PRESERVE_ALL_ATTR=0 -DFEXCORE_PRESERVE_ALL_ATTR="" -DFEX_HAS_PRESERVE_ALL_ATTR=0 -DFEX_PRESERVE_ALL_ATTR="" -DGLOBAL_DATA_DIRECTORY=\"/usr/local/share/fex-emu/\" -DHAS_PROGRAM_INVOCATION_NAME="" -DINLINE="static inline" -DINLINE_LEVEL=4 -DSOFTFLOAT_BUILTIN_CLZ=1 -DSOFTFLOAT_FAST_DIV32TO16=1 -DSOFTFLOAT_FAST_DIV64TO32=1 -DSOFTFLOAT_FAST_INT64=1 -D_LARGEFILE64_SOURCE @CMakeFiles/softfloat_3e.dir/includes_C.rsp -DFEX_IOS_HOST -O3 -DNDEBUG -flto=thin -Wno-trigraphs -fdiagnostics-color=always -fcolor-diagnostics -Wno-deprecated-enum-enum-conversion -Wall -MD -MT External/SoftFloat-3e/CMakeFiles/softfloat_3e.dir/src/f128_to_ui32.c.obj -MF CMakeFiles/softfloat_3e.dir/src/f128_to_ui32.c.obj.d -o CMakeFiles/softfloat_3e.dir/src/f128_to_ui32.c.obj -c /Users/runner/work/GTASanAndreas3DS/GTASanAndreas3DS/FEX/External/SoftFloat-3e/src/f128_to_ui32.c
[ 21%] Building C object External/SoftFloat-3e/CMakeFiles/softfloat_3e.dir/src/f128_to_ui64.c.obj
cd /Users/runner/work/GTASanAndreas3DS/GTASanAndreas3DS/FEX/build-arm64ec/External/SoftFloat-3e && /opt/homebrew/bin/ccache sloppiness=time_macros /Users/runner/work/GTASanAndreas3DS/GTASanAndreas3DS/toolchains/llvm-mingw-20260616-ucrt-macos-universal/bin/arm64ec-w64-mingw32-clang -DARCHITECTURE_arm64=1 -DARCHITECTURE_arm64ec=1 -DFEXCORE_HAS_PRESERVE_ALL_ATTR=0 -DFEXCORE_PRESERVE_ALL_ATTR="" -DFEX_HAS_PRESERVE_ALL_ATTR=0 -DFEX_PRESERVE_ALL_ATTR="" -DGLOBAL_DATA_DIRECTORY=\"/usr/local/share/fex-emu/\" -DHAS_PROGRAM_INVOCATION_NAME="" -DINLINE="static inline" -DINLINE_LEVEL=4 -DSOFTFLOAT_BUILTIN_CLZ=1 -DSOFTFLOAT_FAST_DIV32TO16=1 -DSOFTFLOAT_FAST_DIV64TO32=1 -DSOFTFLOAT_FAST_INT64=1 -D_LARGEFILE64_SOURCE @CMakeFiles/softfloat_3e.dir/includes_C.rsp -DFEX_IOS_HOST -O3 -DNDEBUG -flto=thin -Wno-trigraphs -fdiagnostics-color=always -fcolor-diagnostics -Wno-deprecated-enum-enum-conversion -Wall -MD -MT External/SoftFloat-3e/CMakeFiles/softfloat_3e.dir/src/f128_to_ui64.c.obj -MF CMakeFiles/softfloat_3e.dir/src/f128_to_ui64.c.obj.d -o CMakeFiles/softfloat_3e.dir/src/f128_to_ui64.c.obj -c /Users/runner/work/GTASanAndreas3DS/GTASanAndreas3DS/FEX/External/SoftFloat-3e/src/f128_to_ui64.c
[ 22%] Building C object External/SoftFloat-3e/CMakeFiles/softfloat_3e.dir/src/s_addMagsF128.c.obj
cd /Users/runner/work/GTASanAndreas3DS/GTASanAndreas3DS/FEX/build-arm64ec/External/SoftFloat-3e && /opt/homebrew/bin/ccache sloppiness=time_macros /Users/runner/work/GTASanAndreas3DS/GTASanAndreas3DS/toolchains/llvm-mingw-20260616-ucrt-macos-universal/bin/arm64ec-w64-mingw32-clang -DARCHITECTURE_arm64=1 -DARCHITECTURE_arm64ec=1 -DFEXCORE_HAS_PRESERVE_ALL_ATTR=0 -DFEXCORE_PRESERVE_ALL_ATTR="" -DFEX_HAS_PRESERVE_ALL_ATTR=0 -DFEX_PRESERVE_ALL_ATTR="" -DGLOBAL_DATA_DIRECTORY=\"/usr/local/share/fex-emu/\" -DHAS_PROGRAM_INVOCATION_NAME="" -DINLINE="static inline" -DINLINE_LEVEL=4 -DSOFTFLOAT_BUILTIN_CLZ=1 -DSOFTFLOAT_FAST_DIV32TO16=1 -DSOFTFLOAT_FAST_DIV64TO32=1 -DSOFTFLOAT_FAST_INT64=1 -D_LARGEFILE64_SOURCE @CMakeFiles/softfloat_3e.dir/includes_C.rsp -DFEX_IOS_HOST -O3 -DNDEBUG -flto=thin -Wno-trigraphs -fdiagnostics-color=always -fcolor-diagnostics -Wno-deprecated-enum-enum-conversion -Wall -MD -MT External/SoftFloat-3e/CMakeFiles/softfloat_3e.dir/src/s_addMagsF128.c.obj -MF CMakeFiles/softfloat_3e.dir/src/s_addMagsF128.c.obj.d -o CMakeFiles/softfloat_3e.dir/src/s_addMagsF128.c.obj -c /Users/runner/work/GTASanAndreas3DS/GTASanAndreas3DS/FEX/External/SoftFloat-3e/src/s_addMagsF128.c
[ 22%] Building C object External/SoftFloat-3e/CMakeFiles/softfloat_3e.dir/src/s_subMagsF128.c.obj
cd /Users/runner/work/GTASanAndreas3DS/GTASanAndreas3DS/FEX/build-arm64ec/External/SoftFloat-3e && /opt/homebrew/bin/ccache sloppiness=time_macros /Users/runner/work/GTASanAndreas3DS/GTASanAndreas3DS/toolchains/llvm-mingw-20260616-ucrt-macos-universal/bin/arm64ec-w64-mingw32-clang -DARCHITECTURE_arm64=1 -DARCHITECTURE_arm64ec=1 -DFEXCORE_HAS_PRESERVE_ALL_ATTR=0 -DFEXCORE_PRESERVE_ALL_ATTR="" -DFEX_HAS_PRESERVE_ALL_ATTR=0 -DFEX_PRESERVE_ALL_ATTR="" -DGLOBAL_DATA_DIRECTORY=\"/usr/local/share/fex-emu/\" -DHAS_PROGRAM_INVOCATION_NAME="" -DINLINE="static inline" -DINLINE_LEVEL=4 -DSOFTFLOAT_BUILTIN_CLZ=1 -DSOFTFLOAT_FAST_DIV32TO16=1 -DSOFTFLOAT_FAST_DIV64TO32=1 -DSOFTFLOAT_FAST_INT64=1 -D_LARGEFILE64_SOURCE @CMakeFiles/softfloat_3e.dir/includes_C.rsp -DFEX_IOS_HOST -O3 -DNDEBUG -flto=thin -Wno-trigraphs -fdiagnostics-color=always -fcolor-diagnostics -Wno-deprecated-enum-enum-conversion -Wall -MD -MT External/SoftFloat-3e/CMakeFiles/softfloat_3e.dir/src/s_subMagsF128.c.obj -MF CMakeFiles/softfloat_3e.dir/src/s_subMagsF128.c.obj.d -o CMakeFiles/softfloat_3e.dir/src/s_subMagsF128.c.obj -c /Users/runner/work/GTASanAndreas3DS/GTASanAndreas3DS/FEX/External/SoftFloat-3e/src/s_subMagsF128.c
[ 23%] Building C object External/SoftFloat-3e/CMakeFiles/softfloat_3e.dir/src/s_normRoundPackToF128.c.obj
cd /Users/runner/work/GTASanAndreas3DS/GTASanAndreas3DS/FEX/build-arm64ec/External/SoftFloat-3e && /opt/homebrew/bin/ccache sloppiness=time_macros /Users/runner/work/GTASanAndreas3DS/GTASanAndreas3DS/toolchains/llvm-mingw-20260616-ucrt-macos-universal/bin/arm64ec-w64-mingw32-clang -DARCHITECTURE_arm64=1 -DARCHITECTURE_arm64ec=1 -DFEXCORE_HAS_PRESERVE_ALL_ATTR=0 -DFEXCORE_PRESERVE_ALL_ATTR="" -DFEX_HAS_PRESERVE_ALL_ATTR=0 -DFEX_PRESERVE_ALL_ATTR="" -DGLOBAL_DATA_DIRECTORY=\"/usr/local/share/fex-emu/\" -DHAS_PROGRAM_INVOCATION_NAME="" -DINLINE="static inline" -DINLINE_LEVEL=4 -DSOFTFLOAT_BUILTIN_CLZ=1 -DSOFTFLOAT_FAST_DIV32TO16=1 -DSOFTFLOAT_FAST_DIV64TO32=1 -DSOFTFLOAT_FAST_INT64=1 -D_LARGEFILE64_SOURCE @CMakeFiles/softfloat_3e.dir/includes_C.rsp -DFEX_IOS_HOST -O3 -DNDEBUG -flto=thin -Wno-trigraphs -fdiagnostics-color=always -fcolor-diagnostics -Wno-deprecated-enum-enum-conversion -Wall -MD -MT External/SoftFloat-3e/CMakeFiles/softfloat_3e.dir/src/s_normRoundPackToF128.c.obj -MF CMakeFiles/softfloat_3e.dir/src/s_normRoundPackToF128.c.obj.d -o CMakeFiles/softfloat_3e.dir/src/s_normRoundPackToF128.c.obj -c /Users/runner/work/GTASanAndreas3DS/GTASanAndreas3DS/FEX/External/SoftFloat-3e/src/s_normRoundPackToF128.c
[ 23%] Building C object External/SoftFloat-3e/CMakeFiles/softfloat_3e.dir/src/s_roundPackToF128.c.obj
cd /Users/runner/work/GTASanAndreas3DS/GTASanAndreas3DS/FEX/build-arm64ec/External/SoftFloat-3e && /opt/homebrew/bin/ccache sloppiness=time_macros /Users/runner/work/GTASanAndreas3DS/GTASanAndreas3DS/toolchains/llvm-mingw-20260616-ucrt-macos-universal/bin/arm64ec-w64-mingw32-clang -DARCHITECTURE_arm64=1 -DARCHITECTURE_arm64ec=1 -DFEXCORE_HAS_PRESERVE_ALL_ATTR=0 -DFEXCORE_PRESERVE_ALL_ATTR="" -DFEX_HAS_PRESERVE_ALL_ATTR=0 -DFEX_PRESERVE_ALL_ATTR="" -DGLOBAL_DATA_DIRECTORY=\"/usr/local/share/fex-emu/\" -DHAS_PROGRAM_INVOCATION_NAME="" -DINLINE="static inline" -DINLINE_LEVEL=4 -DSOFTFLOAT_BUILTIN_CLZ=1 -DSOFTFLOAT_FAST_DIV32TO16=1 -DSOFTFLOAT_FAST_DIV64TO32=1 -DSOFTFLOAT_FAST_INT64=1 -D_LARGEFILE64_SOURCE @CMakeFiles/softfloat_3e.dir/includes_C.rsp -DFEX_IOS_HOST -O3 -DNDEBUG -flto=thin -Wno-trigraphs -fdiagnostics-color=always -fcolor-diagnostics -Wno-deprecated-enum-enum-conversion -Wall -MD -MT External/SoftFloat-3e/CMakeFiles/softfloat_3e.dir/src/s_roundPackToF128.c.obj -MF CMakeFiles/softfloat_3e.dir/src/s_roundPackToF128.c.obj.d -o CMakeFiles/softfloat_3e.dir/src/s_roundPackToF128.c.obj -c /Users/runner/work/GTASanAndreas3DS/GTASanAndreas3DS/FEX/External/SoftFloat-3e/src/s_roundPackToF128.c
[ 24%] Building C object External/SoftFloat-3e/CMakeFiles/softfloat_3e.dir/src/s_propagateNaNF128UI.c.obj
cd /Users/runner/work/GTASanAndreas3DS/GTASanAndreas3DS/FEX/build-arm64ec/External/SoftFloat-3e && /opt/homebrew/bin/ccache sloppiness=time_macros /Users/runner/work/GTASanAndreas3DS/GTASanAndreas3DS/toolchains/llvm-mingw-20260616-ucrt-macos-universal/bin/arm64ec-w64-mingw32-clang -DARCHITECTURE_arm64=1 -DARCHITECTURE_arm64ec=1 -DFEXCORE_HAS_PRESERVE_ALL_ATTR=0 -DFEXCORE_PRESERVE_ALL_ATTR="" -DFEX_HAS_PRESERVE_ALL_ATTR=0 -DFEX_PRESERVE_ALL_ATTR="" -DGLOBAL_DATA_DIRECTORY=\"/usr/local/share/fex-emu/\" -DHAS_PROGRAM_INVOCATION_NAME="" -DINLINE="static inline" -DINLINE_LEVEL=4 -DSOFTFLOAT_BUILTIN_CLZ=1 -DSOFTFLOAT_FAST_DIV32TO16=1 -DSOFTFLOAT_FAST_DIV64TO32=1 -DSOFTFLOAT_FAST_INT64=1 -D_LARGEFILE64_SOURCE @CMakeFiles/softfloat_3e.dir/includes_C.rsp -DFEX_IOS_HOST -O3 -DNDEBUG -flto=thin -Wno-trigraphs -fdiagnostics-color=always -fcolor-diagnostics -Wno-deprecated-enum-enum-conversion -Wall -MD -MT External/SoftFloat-3e/CMakeFiles/softfloat_3e.dir/src/s_propagateNaNF128UI.c.obj -MF CMakeFiles/softfloat_3e.dir/src/s_propagateNaNF128UI.c.obj.d -o CMakeFiles/softfloat_3e.dir/src/s_propagateNaNF128UI.c.obj -c /Users/runner/work/GTASanAndreas3DS/GTASanAndreas3DS/FEX/External/SoftFloat-3e/src/s_propagateNaNF128UI.c
[ 24%] Building C object External/SoftFloat-3e/CMakeFiles/softfloat_3e.dir/src/f32_to_f128.c.obj
cd /Users/runner/work/GTASanAndreas3DS/GTASanAndreas3DS/FEX/build-arm64ec/External/SoftFloat-3e && /opt/homebrew/bin/ccache sloppiness=time_macros /Users/runner/work/GTASanAndreas3DS/GTASanAndreas3DS/toolchains/llvm-mingw-20260616-ucrt-macos-universal/bin/arm64ec-w64-mingw32-clang -DARCHITECTURE_arm64=1 -DARCHITECTURE_arm64ec=1 -DFEXCORE_HAS_PRESERVE_ALL_ATTR=0 -DFEXCORE_PRESERVE_ALL_ATTR="" -DFEX_HAS_PRESERVE_ALL_ATTR=0 -DFEX_PRESERVE_ALL_ATTR="" -DGLOBAL_DATA_DIRECTORY=\"/usr/local/share/fex-emu/\" -DHAS_PROGRAM_INVOCATION_NAME="" -DINLINE="static inline" -DINLINE_LEVEL=4 -DSOFTFLOAT_BUILTIN_CLZ=1 -DSOFTFLOAT_FAST_DIV32TO16=1 -DSOFTFLOAT_FAST_DIV64TO32=1 -DSOFTFLOAT_FAST_INT64=1 -D_LARGEFILE64_SOURCE @CMakeFiles/softfloat_3e.dir/includes_C.rsp -DFEX_IOS_HOST -O3 -DNDEBUG -flto=thin -Wno-trigraphs -fdiagnostics-color=always -fcolor-diagnostics -Wno-deprecated-enum-enum-conversion -Wall -MD -MT External/SoftFloat-3e/CMakeFiles/softfloat_3e.dir/src/f32_to_f128.c.obj -MF CMakeFiles/softfloat_3e.dir/src/f32_to_f128.c.obj.d -o CMakeFiles/softfloat_3e.dir/src/f32_to_f128.c.obj -c /Users/runner/work/GTASanAndreas3DS/GTASanAndreas3DS/FEX/External/SoftFloat-3e/src/f32_to_f128.c
[ 25%] Building C object External/SoftFloat-3e/CMakeFiles/softfloat_3e.dir/src/i32_to_f128.c.obj
cd /Users/runner/work/GTASanAndreas3DS/GTASanAndreas3DS/FEX/build-arm64ec/External/SoftFloat-3e && /opt/homebrew/bin/ccache sloppiness=time_macros /Users/runner/work/GTASanAndreas3DS/GTASanAndreas3DS/toolchains/llvm-mingw-20260616-ucrt-macos-universal/bin/arm64ec-w64-mingw32-clang -DARCHITECTURE_arm64=1 -DARCHITECTURE_arm64ec=1 -DFEXCORE_HAS_PRESERVE_ALL_ATTR=0 -DFEXCORE_PRESERVE_ALL_ATTR="" -DFEX_HAS_PRESERVE_ALL_ATTR=0 -DFEX_PRESERVE_ALL_ATTR="" -DGLOBAL_DATA_DIRECTORY=\"/usr/local/share/fex-emu/\" -DHAS_PROGRAM_INVOCATION_NAME="" -DINLINE="static inline" -DINLINE_LEVEL=4 -DSOFTFLOAT_BUILTIN_CLZ=1 -DSOFTFLOAT_FAST_DIV32TO16=1 -DSOFTFLOAT_FAST_DIV64TO32=1 -DSOFTFLOAT_FAST_INT64=1 -D_LARGEFILE64_SOURCE @CMakeFiles/softfloat_3e.dir/includes_C.rsp -DFEX_IOS_HOST -O3 -DNDEBUG -flto=thin -Wno-trigraphs -fdiagnostics-color=always -fcolor-diagnostics -Wno-deprecated-enum-enum-conversion -Wall -MD -MT External/SoftFloat-3e/CMakeFiles/softfloat_3e.dir/src/i32_to_f128.c.obj -MF CMakeFiles/softfloat_3e.dir/src/i32_to_f128.c.obj.d -o CMakeFiles/softfloat_3e.dir/src/i32_to_f128.c.obj -c /Users/runner/work/GTASanAndreas3DS/GTASanAndreas3DS/FEX/External/SoftFloat-3e/src/i32_to_f128.c
[ 25%] Building C object External/SoftFloat-3e/CMakeFiles/softfloat_3e.dir/src/s_roundToUI64.c.obj
cd /Users/runner/work/GTASanAndreas3DS/GTASanAndreas3DS/FEX/build-arm64ec/External/SoftFloat-3e && /opt/homebrew/bin/ccache sloppiness=time_macros /Users/runner/work/GTASanAndreas3DS/GTASanAndreas3DS/toolchains/llvm-mingw-20260616-ucrt-macos-universal/bin/arm64ec-w64-mingw32-clang -DARCHITECTURE_arm64=1 -DARCHITECTURE_arm64ec=1 -DFEXCORE_HAS_PRESERVE_ALL_ATTR=0 -DFEXCORE_PRESERVE_ALL_ATTR="" -DFEX_HAS_PRESERVE_ALL_ATTR=0 -DFEX_PRESERVE_ALL_ATTR="" -DGLOBAL_DATA_DIRECTORY=\"/usr/local/share/fex-emu/\" -DHAS_PROGRAM_INVOCATION_NAME="" -DINLINE="static inline" -DINLINE_LEVEL=4 -DSOFTFLOAT_BUILTIN_CLZ=1 -DSOFTFLOAT_FAST_DIV32TO16=1 -DSOFTFLOAT_FAST_DIV64TO32=1 -DSOFTFLOAT_FAST_INT64=1 -D_LARGEFILE64_SOURCE @CMakeFiles/softfloat_3e.dir/includes_C.rsp -DFEX_IOS_HOST -O3 -DNDEBUG -flto=thin -Wno-trigraphs -fdiagnostics-color=always -fcolor-diagnostics -Wno-deprecated-enum-enum-conversion -Wall -MD -MT External/SoftFloat-3e/CMakeFiles/softfloat_3e.dir/src/s_roundToUI64.c.obj -MF CMakeFiles/softfloat_3e.dir/src/s_roundToUI64.c.obj.d -o CMakeFiles/softfloat_3e.dir/src/s_roundToUI64.c.obj -c /Users/runner/work/GTASanAndreas3DS/GTASanAndreas3DS/FEX/External/SoftFloat-3e/src/s_roundToUI64.c
[ 26%] Building C object External/SoftFloat-3e/CMakeFiles/softfloat_3e.dir/src/s_f128UIToCommonNaN.c.obj
cd /Users/runner/work/GTASanAndreas3DS/GTASanAndreas3DS/FEX/build-arm64ec/External/SoftFloat-3e && /opt/homebrew/bin/ccache sloppiness=time_macros /Users/runner/work/GTASanAndreas3DS/GTASanAndreas3DS/toolchains/llvm-mingw-20260616-ucrt-macos-universal/bin/arm64ec-w64-mingw32-clang -DARCHITECTURE_arm64=1 -DARCHITECTURE_arm64ec=1 -DFEXCORE_HAS_PRESERVE_ALL_ATTR=0 -DFEXCORE_PRESERVE_ALL_ATTR="" -DFEX_HAS_PRESERVE_ALL_ATTR=0 -DFEX_PRESERVE_ALL_ATTR="" -DGLOBAL_DATA_DIRECTORY=\"/usr/local/share/fex-emu/\" -DHAS_PROGRAM_INVOCATION_NAME="" -DINLINE="static inline" -DINLINE_LEVEL=4 -DSOFTFLOAT_BUILTIN_CLZ=1 -DSOFTFLOAT_FAST_DIV32TO16=1 -DSOFTFLOAT_FAST_DIV64TO32=1 -DSOFTFLOAT_FAST_INT64=1 -D_LARGEFILE64_SOURCE @CMakeFiles/softfloat_3e.dir/includes_C.rsp -DFEX_IOS_HOST -O3 -DNDEBUG -flto=thin -Wno-trigraphs -fdiagnostics-color=always -fcolor-diagnostics -Wno-deprecated-enum-enum-conversion -Wall -MD -MT External/SoftFloat-3e/CMakeFiles/softfloat_3e.dir/src/s_f128UIToCommonNaN.c.obj -MF CMakeFiles/softfloat_3e.dir/src/s_f128UIToCommonNaN.c.obj.d -o CMakeFiles/softfloat_3e.dir/src/s_f128UIToCommonNaN.c.obj -c /Users/runner/work/GTASanAndreas3DS/GTASanAndreas3DS/FEX/External/SoftFloat-3e/src/s_f128UIToCommonNaN.c
[ 26%] Building C object External/SoftFloat-3e/CMakeFiles/softfloat_3e.dir/src/s_commonNaNToF128UI.c.obj
cd /Users/runner/work/GTASanAndreas3DS/GTASanAndreas3DS/FEX/build-arm64ec/External/SoftFloat-3e && /opt/homebrew/bin/ccache sloppiness=time_macros /Users/runner/work/GTASanAndreas3DS/GTASanAndreas3DS/toolchains/llvm-mingw-20260616-ucrt-macos-universal/bin/arm64ec-w64-mingw32-clang -DARCHITECTURE_arm64=1 -DARCHITECTURE_arm64ec=1 -DFEXCORE_HAS_PRESERVE_ALL_ATTR=0 -DFEXCORE_PRESERVE_ALL_ATTR="" -DFEX_HAS_PRESERVE_ALL_ATTR=0 -DFEX_PRESERVE_ALL_ATTR="" -DGLOBAL_DATA_DIRECTORY=\"/usr/local/share/fex-emu/\" -DHAS_PROGRAM_INVOCATION_NAME="" -DINLINE="static inline" -DINLINE_LEVEL=4 -DSOFTFLOAT_BUILTIN_CLZ=1 -DSOFTFLOAT_FAST_DIV32TO16=1 -DSOFTFLOAT_FAST_DIV64TO32=1 -DSOFTFLOAT_FAST_INT64=1 -D_LARGEFILE64_SOURCE @CMakeFiles/softfloat_3e.dir/includes_C.rsp -DFEX_IOS_HOST -O3 -DNDEBUG -flto=thin -Wno-trigraphs -fdiagnostics-color=always -fcolor-diagnostics -Wno-deprecated-enum-enum-conversion -Wall -MD -MT External/SoftFloat-3e/CMakeFiles/softfloat_3e.dir/src/s_commonNaNToF128UI.c.obj -MF CMakeFiles/softfloat_3e.dir/src/s_commonNaNToF128UI.c.obj.d -o CMakeFiles/softfloat_3e.dir/src/s_commonNaNToF128UI.c.obj -c /Users/runner/work/GTASanAndreas3DS/GTASanAndreas3DS/FEX/External/SoftFloat-3e/src/s_commonNaNToF128UI.c
[ 27%] Building C object External/SoftFloat-3e/CMakeFiles/softfloat_3e.dir/src/s_normSubnormalF128Sig.c.obj
cd /Users/runner/work/GTASanAndreas3DS/GTASanAndreas3DS/FEX/build-arm64ec/External/SoftFloat-3e && /opt/homebrew/bin/ccache sloppiness=time_macros /Users/runner/work/GTASanAndreas3DS/GTASanAndreas3DS/toolchains/llvm-mingw-20260616-ucrt-macos-universal/bin/arm64ec-w64-mingw32-clang -DARCHITECTURE_arm64=1 -DARCHITECTURE_arm64ec=1 -DFEXCORE_HAS_PRESERVE_ALL_ATTR=0 -DFEXCORE_PRESERVE_ALL_ATTR="" -DFEX_HAS_PRESERVE_ALL_ATTR=0 -DFEX_PRESERVE_ALL_ATTR="" -DGLOBAL_DATA_DIRECTORY=\"/usr/local/share/fex-emu/\" -DHAS_PROGRAM_INVOCATION_NAME="" -DINLINE="static inline" -DINLINE_LEVEL=4 -DSOFTFLOAT_BUILTIN_CLZ=1 -DSOFTFLOAT_FAST_DIV32TO16=1 -DSOFTFLOAT_FAST_DIV64TO32=1 -DSOFTFLOAT_FAST_INT64=1 -D_LARGEFILE64_SOURCE @CMakeFiles/softfloat_3e.dir/includes_C.rsp -DFEX_IOS_HOST -O3 -DNDEBUG -flto=thin -Wno-trigraphs -fdiagnostics-color=always -fcolor-diagnostics -Wno-deprecated-enum-enum-conversion -Wall -MD -MT External/SoftFloat-3e/CMakeFiles/softfloat_3e.dir/src/s_normSubnormalF128Sig.c.obj -MF CMakeFiles/softfloat_3e.dir/src/s_normSubnormalF128Sig.c.obj.d -o CMakeFiles/softfloat_3e.dir/src/s_normSubnormalF128Sig.c.obj -c /Users/runner/work/GTASanAndreas3DS/GTASanAndreas3DS/FEX/External/SoftFloat-3e/src/s_normSubnormalF128Sig.c
[ 27%] Building C object External/SoftFloat-3e/CMakeFiles/softfloat_3e.dir/src/s_roundToI32.c.obj
cd /Users/runner/work/GTASanAndreas3DS/GTASanAndreas3DS/FEX/build-arm64ec/External/SoftFloat-3e && /opt/homebrew/bin/ccache sloppiness=time_macros /Users/runner/work/GTASanAndreas3DS/GTASanAndreas3DS/toolchains/llvm-mingw-20260616-ucrt-macos-universal/bin/arm64ec-w64-mingw32-clang -DARCHITECTURE_arm64=1 -DARCHITECTURE_arm64ec=1 -DFEXCORE_HAS_PRESERVE_ALL_ATTR=0 -DFEXCORE_PRESERVE_ALL_ATTR="" -DFEX_HAS_PRESERVE_ALL_ATTR=0 -DFEX_PRESERVE_ALL_ATTR="" -DGLOBAL_DATA_DIRECTORY=\"/usr/local/share/fex-emu/\" -DHAS_PROGRAM_INVOCATION_NAME="" -DINLINE="static inline" -DINLINE_LEVEL=4 -DSOFTFLOAT_BUILTIN_CLZ=1 -DSOFTFLOAT_FAST_DIV32TO16=1 -DSOFTFLOAT_FAST_DIV64TO32=1 -DSOFTFLOAT_FAST_INT64=1 -D_LARGEFILE64_SOURCE @CMakeFiles/softfloat_3e.dir/includes_C.rsp -DFEX_IOS_HOST -O3 -DNDEBUG -flto=thin -Wno-trigraphs -fdiagnostics-color=always -fcolor-diagnostics -Wno-deprecated-enum-enum-conversion -Wall -MD -MT External/SoftFloat-3e/CMakeFiles/softfloat_3e.dir/src/s_roundToI32.c.obj -MF CMakeFiles/softfloat_3e.dir/src/s_roundToI32.c.obj.d -o CMakeFiles/softfloat_3e.dir/src/s_roundToI32.c.obj -c /Users/runner/work/GTASanAndreas3DS/GTASanAndreas3DS/FEX/External/SoftFloat-3e/src/s_roundToI32.c
[ 27%] Building C object External/SoftFloat-3e/CMakeFiles/softfloat_3e.dir/src/s_roundToI64.c.obj
cd /Users/runner/work/GTASanAndreas3DS/GTASanAndreas3DS/FEX/build-arm64ec/External/SoftFloat-3e && /opt/homebrew/bin/ccache sloppiness=time_macros /Users/runner/work/GTASanAndreas3DS/GTASanAndreas3DS/toolchains/llvm-mingw-20260616-ucrt-macos-universal/bin/arm64ec-w64-mingw32-clang -DARCHITECTURE_arm64=1 -DARCHITECTURE_arm64ec=1 -DFEXCORE_HAS_PRESERVE_ALL_ATTR=0 -DFEXCORE_PRESERVE_ALL_ATTR="" -DFEX_HAS_PRESERVE_ALL_ATTR=0 -DFEX_PRESERVE_ALL_ATTR="" -DGLOBAL_DATA_DIRECTORY=\"/usr/local/share/fex-emu/\" -DHAS_PROGRAM_INVOCATION_NAME="" -DINLINE="static inline" -DINLINE_LEVEL=4 -DSOFTFLOAT_BUILTIN_CLZ=1 -DSOFTFLOAT_FAST_DIV32TO16=1 -DSOFTFLOAT_FAST_DIV64TO32=1 -DSOFTFLOAT_FAST_INT64=1 -D_LARGEFILE64_SOURCE @CMakeFiles/softfloat_3e.dir/includes_C.rsp -DFEX_IOS_HOST -O3 -DNDEBUG -flto=thin -Wno-trigraphs -fdiagnostics-color=always -fcolor-diagnostics -Wno-deprecated-enum-enum-conversion -Wall -MD -MT External/SoftFloat-3e/CMakeFiles/softfloat_3e.dir/src/s_roundToI64.c.obj -MF CMakeFiles/softfloat_3e.dir/src/s_roundToI64.c.obj.d -o CMakeFiles/softfloat_3e.dir/src/s_roundToI64.c.obj -c /Users/runner/work/GTASanAndreas3DS/GTASanAndreas3DS/FEX/External/SoftFloat-3e/src/s_roundToI64.c
[ 28%] Building C object External/SoftFloat-3e/CMakeFiles/softfloat_3e.dir/src/s_roundPackToF32.c.obj
cd /Users/runner/work/GTASanAndreas3DS/GTASanAndreas3DS/FEX/build-arm64ec/External/SoftFloat-3e && /opt/homebrew/bin/ccache sloppiness=time_macros /Users/runner/work/GTASanAndreas3DS/GTASanAndreas3DS/toolchains/llvm-mingw-20260616-ucrt-macos-universal/bin/arm64ec-w64-mingw32-clang -DARCHITECTURE_arm64=1 -DARCHITECTURE_arm64ec=1 -DFEXCORE_HAS_PRESERVE_ALL_ATTR=0 -DFEXCORE_PRESERVE_ALL_ATTR="" -DFEX_HAS_PRESERVE_ALL_ATTR=0 -DFEX_PRESERVE_ALL_ATTR="" -DGLOBAL_DATA_DIRECTORY=\"/usr/local/share/fex-emu/\" -DHAS_PROGRAM_INVOCATION_NAME="" -DINLINE="static inline" -DINLINE_LEVEL=4 -DSOFTFLOAT_BUILTIN_CLZ=1 -DSOFTFLOAT_FAST_DIV32TO16=1 -DSOFTFLOAT_FAST_DIV64TO32=1 -DSOFTFLOAT_FAST_INT64=1 -D_LARGEFILE64_SOURCE @CMakeFiles/softfloat_3e.dir/includes_C.rsp -DFEX_IOS_HOST -O3 -DNDEBUG -flto=thin -Wno-trigraphs -fdiagnostics-color=always -fcolor-diagnostics -Wno-deprecated-enum-enum-conversion -Wall -MD -MT External/SoftFloat-3e/CMakeFiles/softfloat_3e.dir/src/s_roundPackToF32.c.obj -MF CMakeFiles/softfloat_3e.dir/src/s_roundPackToF32.c.obj.d -o CMakeFiles/softfloat_3e.dir/src/s_roundPackToF32.c.obj -c /Users/runner/work/GTASanAndreas3DS/GTASanAndreas3DS/FEX/External/SoftFloat-3e/src/s_roundPackToF32.c
[ 28%] Building C object External/SoftFloat-3e/CMakeFiles/softfloat_3e.dir/src/s_addMagsExtF80.c.obj
cd /Users/runner/work/GTASanAndreas3DS/GTASanAndreas3DS/FEX/build-arm64ec/External/SoftFloat-3e && /opt/homebrew/bin/ccache sloppiness=time_macros /Users/runner/work/GTASanAndreas3DS/GTASanAndreas3DS/toolchains/llvm-mingw-20260616-ucrt-macos-universal/bin/arm64ec-w64-mingw32-clang -DARCHITECTURE_arm64=1 -DARCHITECTURE_arm64ec=1 -DFEXCORE_HAS_PRESERVE_ALL_ATTR=0 -DFEXCORE_PRESERVE_ALL_ATTR="" -DFEX_HAS_PRESERVE_ALL_ATTR=0 -DFEX_PRESERVE_ALL_ATTR="" -DGLOBAL_DATA_DIRECTORY=\"/usr/local/share/fex-emu/\" -DHAS_PROGRAM_INVOCATION_NAME="" -DINLINE="static inline" -DINLINE_LEVEL=4 -DSOFTFLOAT_BUILTIN_CLZ=1 -DSOFTFLOAT_FAST_DIV32TO16=1 -DSOFTFLOAT_FAST_DIV64TO32=1 -DSOFTFLOAT_FAST_INT64=1 -D_LARGEFILE64_SOURCE @CMakeFiles/softfloat_3e.dir/includes_C.rsp -DFEX_IOS_HOST -O3 -DNDEBUG -flto=thin -Wno-trigraphs -fdiagnostics-color=always -fcolor-diagnostics -Wno-deprecated-enum-enum-conversion -Wall -MD -MT External/SoftFloat-3e/CMakeFiles/softfloat_3e.dir/src/s_addMagsExtF80.c.obj -MF CMakeFiles/softfloat_3e.dir/src/s_addMagsExtF80.c.obj.d -o CMakeFiles/softfloat_3e.dir/src/s_addMagsExtF80.c.obj -c /Users/runner/work/GTASanAndreas3DS/GTASanAndreas3DS/FEX/External/SoftFloat-3e/src/s_addMagsExtF80.c
[ 29%] Building C object External/SoftFloat-3e/CMakeFiles/softfloat_3e.dir/src/s_extF80UIToCommonNaN.c.obj
cd /Users/runner/work/GTASanAndreas3DS/GTASanAndreas3DS/FEX/build-arm64ec/External/SoftFloat-3e && /opt/homebrew/bin/ccache sloppiness=time_macros /Users/runner/work/GTASanAndreas3DS/GTASanAndreas3DS/toolchains/llvm-mingw-20260616-ucrt-macos-universal/bin/arm64ec-w64-mingw32-clang -DARCHITECTURE_arm64=1 -DARCHITECTURE_arm64ec=1 -DFEXCORE_HAS_PRESERVE_ALL_ATTR=0 -DFEXCORE_PRESERVE_ALL_ATTR="" -DFEX_HAS_PRESERVE_ALL_ATTR=0 -DFEX_PRESERVE_ALL_ATTR="" -DGLOBAL_DATA_DIRECTORY=\"/usr/local/share/fex-emu/\" -DHAS_PROGRAM_INVOCATION_NAME="" -DINLINE="static inline" -DINLINE_LEVEL=4 -DSOFTFLOAT_BUILTIN_CLZ=1 -DSOFTFLOAT_FAST_DIV32TO16=1 -DSOFTFLOAT_FAST_DIV64TO32=1 -DSOFTFLOAT_FAST_INT64=1 -D_LARGEFILE64_SOURCE @CMakeFiles/softfloat_3e.dir/includes_C.rsp -DFEX_IOS_HOST -O3 -DNDEBUG -flto=thin -Wno-trigraphs -fdiagnostics-color=always -fcolor-diagnostics -Wno-deprecated-enum-enum-conversion -Wall -MD -MT External/SoftFloat-3e/CMakeFiles/softfloat_3e.dir/src/s_extF80UIToCommonNaN.c.obj -MF CMakeFiles/softfloat_3e.dir/src/s_extF80UIToCommonNaN.c.obj.d -o CMakeFiles/softfloat_3e.dir/src/s_extF80UIToCommonNaN.c.obj -c /Users/runner/work/GTASanAndreas3DS/GTASanAndreas3DS/FEX/External/SoftFloat-3e/src/s_extF80UIToCommonNaN.c
[ 29%] Building C object External/SoftFloat-3e/CMakeFiles/softfloat_3e.dir/src/s_commonNaNToF32UI.c.obj
cd /Users/runner/work/GTASanAndreas3DS/GTASanAndreas3DS/FEX/build-arm64ec/External/SoftFloat-3e && /opt/homebrew/bin/ccache sloppiness=time_macros /Users/runner/work/GTASanAndreas3DS/GTASanAndreas3DS/toolchains/llvm-mingw-20260616-ucrt-macos-universal/bin/arm64ec-w64-mingw32-clang -DARCHITECTURE_arm64=1 -DARCHITECTURE_arm64ec=1 -DFEXCORE_HAS_PRESERVE_ALL_ATTR=0 -DFEXCORE_PRESERVE_ALL_ATTR="" -DFEX_HAS_PRESERVE_ALL_ATTR=0 -DFEX_PRESERVE_ALL_ATTR="" -DGLOBAL_DATA_DIRECTORY=\"/usr/local/share/fex-emu/\" -DHAS_PROGRAM_INVOCATION_NAME="" -DINLINE="static inline" -DINLINE_LEVEL=4 -DSOFTFLOAT_BUILTIN_CLZ=1 -DSOFTFLOAT_FAST_DIV32TO16=1 -DSOFTFLOAT_FAST_DIV64TO32=1 -DSOFTFLOAT_FAST_INT64=1 -D_LARGEFILE64_SOURCE @CMakeFiles/softfloat_3e.dir/includes_C.rsp -DFEX_IOS_HOST -O3 -DNDEBUG -flto=thin -Wno-trigraphs -fdiagnostics-color=always -fcolor-diagnostics -Wno-deprecated-enum-enum-conversion -Wall -MD -MT External/SoftFloat-3e/CMakeFiles/softfloat_3e.dir/src/s_commonNaNToF32UI.c.obj -MF CMakeFiles/softfloat_3e.dir/src/s_commonNaNToF32UI.c.obj.d -o CMakeFiles/softfloat_3e.dir/src/s_commonNaNToF32UI.c.obj -c /Users/runner/work/GTASanAndreas3DS/GTASanAndreas3DS/FEX/External/SoftFloat-3e/src/s_commonNaNToF32UI.c
[ 30%] Building C object External/SoftFloat-3e/CMakeFiles/softfloat_3e.dir/src/s_commonNaNToF64UI.c.obj
cd /Users/runner/work/GTASanAndreas3DS/GTASanAndreas3DS/FEX/build-arm64ec/External/SoftFloat-3e && /opt/homebrew/bin/ccache sloppiness=time_macros /Users/runner/work/GTASanAndreas3DS/GTASanAndreas3DS/toolchains/llvm-mingw-20260616-ucrt-macos-universal/bin/arm64ec-w64-mingw32-clang -DARCHITECTURE_arm64=1 -DARCHITECTURE_arm64ec=1 -DFEXCORE_HAS_PRESERVE_ALL_ATTR=0 -DFEXCORE_PRESERVE_ALL_ATTR="" -DFEX_HAS_PRESERVE_ALL_ATTR=0 -DFEX_PRESERVE_ALL_ATTR="" -DGLOBAL_DATA_DIRECTORY=\"/usr/local/share/fex-emu/\" -DHAS_PROGRAM_INVOCATION_NAME="" -DINLINE="static inline" -DINLINE_LEVEL=4 -DSOFTFLOAT_BUILTIN_CLZ=1 -DSOFTFLOAT_FAST_DIV32TO16=1 -DSOFTFLOAT_FAST_DIV64TO32=1 -DSOFTFLOAT_FAST_INT64=1 -D_LARGEFILE64_SOURCE @CMakeFiles/softfloat_3e.dir/includes_C.rsp -DFEX_IOS_HOST -O3 -DNDEBUG -flto=thin -Wno-trigraphs -fdiagnostics-color=always -fcolor-diagnostics -Wno-deprecated-enum-enum-conversion -Wall -MD -MT External/SoftFloat-3e/CMakeFiles/softfloat_3e.dir/src/s_commonNaNToF64UI.c.obj -MF CMakeFiles/softfloat_3e.dir/src/s_commonNaNToF64UI.c.obj.d -o CMakeFiles/softfloat_3e.dir/src/s_commonNaNToF64UI.c.obj -c /Users/runner/work/GTASanAndreas3DS/GTASanAndreas3DS/FEX/External/SoftFloat-3e/src/s_commonNaNToF64UI.c
[ 30%] Building C object External/SoftFloat-3e/CMakeFiles/softfloat_3e.dir/src/s_roundPackToF64.c.obj
cd /Users/runner/work/GTASanAndreas3DS/GTASanAndreas3DS/FEX/build-arm64ec/External/SoftFloat-3e && /opt/homebrew/bin/ccache sloppiness=time_macros /Users/runner/work/GTASanAndreas3DS/GTASanAndreas3DS/toolchains/llvm-mingw-20260616-ucrt-macos-universal/bin/arm64ec-w64-mingw32-clang -DARCHITECTURE_arm64=1 -DARCHITECTURE_arm64ec=1 -DFEXCORE_HAS_PRESERVE_ALL_ATTR=0 -DFEXCORE_PRESERVE_ALL_ATTR="" -DFEX_HAS_PRESERVE_ALL_ATTR=0 -DFEX_PRESERVE_ALL_ATTR="" -DGLOBAL_DATA_DIRECTORY=\"/usr/local/share/fex-emu/\" -DHAS_PROGRAM_INVOCATION_NAME="" -DINLINE="static inline" -DINLINE_LEVEL=4 -DSOFTFLOAT_BUILTIN_CLZ=1 -DSOFTFLOAT_FAST_DIV32TO16=1 -DSOFTFLOAT_FAST_DIV64TO32=1 -DSOFTFLOAT_FAST_INT64=1 -D_LARGEFILE64_SOURCE @CMakeFiles/softfloat_3e.dir/includes_C.rsp -DFEX_IOS_HOST -O3 -DNDEBUG -flto=thin -Wno-trigraphs -fdiagnostics-color=always -fcolor-diagnostics -Wno-deprecated-enum-enum-conversion -Wall -MD -MT External/SoftFloat-3e/CMakeFiles/softfloat_3e.dir/src/s_roundPackToF64.c.obj -MF CMakeFiles/softfloat_3e.dir/src/s_roundPackToF64.c.obj.d -o CMakeFiles/softfloat_3e.dir/src/s_roundPackToF64.c.obj -c /Users/runner/work/GTASanAndreas3DS/GTASanAndreas3DS/FEX/External/SoftFloat-3e/src/s_roundPackToF64.c
[ 31%] Building C object External/SoftFloat-3e/CMakeFiles/softfloat_3e.dir/src/s_propagateNaNExtF80UI.c.obj
cd /Users/runner/work/GTASanAndreas3DS/GTASanAndreas3DS/FEX/build-arm64ec/External/SoftFloat-3e && /opt/homebrew/bin/ccache sloppiness=time_macros /Users/runner/work/GTASanAndreas3DS/GTASanAndreas3DS/toolchains/llvm-mingw-20260616-ucrt-macos-universal/bin/arm64ec-w64-mingw32-clang -DARCHITECTURE_arm64=1 -DARCHITECTURE_arm64ec=1 -DFEXCORE_HAS_PRESERVE_ALL_ATTR=0 -DFEXCORE_PRESERVE_ALL_ATTR="" -DFEX_HAS_PRESERVE_ALL_ATTR=0 -DFEX_PRESERVE_ALL_ATTR="" -DGLOBAL_DATA_DIRECTORY=\"/usr/local/share/fex-emu/\" -DHAS_PROGRAM_INVOCATION_NAME="" -DINLINE="static inline" -DINLINE_LEVEL=4 -DSOFTFLOAT_BUILTIN_CLZ=1 -DSOFTFLOAT_FAST_DIV32TO16=1 -DSOFTFLOAT_FAST_DIV64TO32=1 -DSOFTFLOAT_FAST_INT64=1 -D_LARGEFILE64_SOURCE @CMakeFiles/softfloat_3e.dir/includes_C.rsp -DFEX_IOS_HOST -O3 -DNDEBUG -flto=thin -Wno-trigraphs -fdiagnostics-color=always -fcolor-diagnostics -Wno-deprecated-enum-enum-conversion -Wall -MD -MT External/SoftFloat-3e/CMakeFiles/softfloat_3e.dir/src/s_propagateNaNExtF80UI.c.obj -MF CMakeFiles/softfloat_3e.dir/src/s_propagateNaNExtF80UI.c.obj.d -o CMakeFiles/softfloat_3e.dir/src/s_propagateNaNExtF80UI.c.obj -c /Users/runner/work/GTASanAndreas3DS/GTASanAndreas3DS/FEX/External/SoftFloat-3e/src/s_propagateNaNExtF80UI.c
[ 31%] Building C object External/SoftFloat-3e/CMakeFiles/softfloat_3e.dir/src/s_roundPackToExtF80.c.obj
cd /Users/runner/work/GTASanAndreas3DS/GTASanAndreas3DS/FEX/build-arm64ec/External/SoftFloat-3e && /opt/homebrew/bin/ccache sloppiness=time_macros /Users/runner/work/GTASanAndreas3DS/GTASanAndreas3DS/toolchains/llvm-mingw-20260616-ucrt-macos-universal/bin/arm64ec-w64-mingw32-clang -DARCHITECTURE_arm64=1 -DARCHITECTURE_arm64ec=1 -DFEXCORE_HAS_PRESERVE_ALL_ATTR=0 -DFEXCORE_PRESERVE_ALL_ATTR="" -DFEX_HAS_PRESERVE_ALL_ATTR=0 -DFEX_PRESERVE_ALL_ATTR="" -DGLOBAL_DATA_DIRECTORY=\"/usr/local/share/fex-emu/\" -DHAS_PROGRAM_INVOCATION_NAME="" -DINLINE="static inline" -DINLINE_LEVEL=4 -DSOFTFLOAT_BUILTIN_CLZ=1 -DSOFTFLOAT_FAST_DIV32TO16=1 -DSOFTFLOAT_FAST_DIV64TO32=1 -DSOFTFLOAT_FAST_INT64=1 -D_LARGEFILE64_SOURCE @CMakeFiles/softfloat_3e.dir/includes_C.rsp -DFEX_IOS_HOST -O3 -DNDEBUG -flto=thin -Wno-trigraphs -fdiagnostics-color=always -fcolor-diagnostics -Wno-deprecated-enum-enum-conversion -Wall -MD -MT External/SoftFloat-3e/CMakeFiles/softfloat_3e.dir/src/s_roundPackToExtF80.c.obj -MF CMakeFiles/softfloat_3e.dir/src/s_roundPackToExtF80.c.obj.d -o CMakeFiles/softfloat_3e.dir/src/s_roundPackToExtF80.c.obj -c /Users/runner/work/GTASanAndreas3DS/GTASanAndreas3DS/FEX/External/SoftFloat-3e/src/s_roundPackToExtF80.c
[ 32%] Building C object External/SoftFloat-3e/CMakeFiles/softfloat_3e.dir/src/s_normSubnormalExtF80Sig.c.obj
cd /Users/runner/work/GTASanAndreas3DS/GTASanAndreas3DS/FEX/build-arm64ec/External/SoftFloat-3e && /opt/homebrew/bin/ccache sloppiness=time_macros /Users/runner/work/GTASanAndreas3DS/GTASanAndreas3DS/toolchains/llvm-mingw-20260616-ucrt-macos-universal/bin/arm64ec-w64-mingw32-clang -DARCHITECTURE_arm64=1 -DARCHITECTURE_arm64ec=1 -DFEXCORE_HAS_PRESERVE_ALL_ATTR=0 -DFEXCORE_PRESERVE_ALL_ATTR="" -DFEX_HAS_PRESERVE_ALL_ATTR=0 -DFEX_PRESERVE_ALL_ATTR="" -DGLOBAL_DATA_DIRECTORY=\"/usr/local/share/fex-emu/\" -DHAS_PROGRAM_INVOCATION_NAME="" -DINLINE="static inline" -DINLINE_LEVEL=4 -DSOFTFLOAT_BUILTIN_CLZ=1 -DSOFTFLOAT_FAST_DIV32TO16=1 -DSOFTFLOAT_FAST_DIV64TO32=1 -DSOFTFLOAT_FAST_INT64=1 -D_LARGEFILE64_SOURCE @CMakeFiles/softfloat_3e.dir/includes_C.rsp -DFEX_IOS_HOST -O3 -DNDEBUG -flto=thin -Wno-trigraphs -fdiagnostics-color=always -fcolor-diagnostics -Wno-deprecated-enum-enum-conversion -Wall -MD -MT External/SoftFloat-3e/CMakeFiles/softfloat_3e.dir/src/s_normSubnormalExtF80Sig.c.obj -MF CMakeFiles/softfloat_3e.dir/src/s_normSubnormalExtF80Sig.c.obj.d -o CMakeFiles/softfloat_3e.dir/src/s_normSubnormalExtF80Sig.c.obj -c /Users/runner/work/GTASanAndreas3DS/GTASanAndreas3DS/FEX/External/SoftFloat-3e/src/s_normSubnormalExtF80Sig.c
[ 32%] Building C object External/SoftFloat-3e/CMakeFiles/softfloat_3e.dir/src/s_subMagsExtF80.c.obj
cd /Users/runner/work/GTASanAndreas3DS/GTASanAndreas3DS/FEX/build-arm64ec/External/SoftFloat-3e && /opt/homebrew/bin/ccache sloppiness=time_macros /Users/runner/work/GTASanAndreas3DS/GTASanAndreas3DS/toolchains/llvm-mingw-20260616-ucrt-macos-universal/bin/arm64ec-w64-mingw32-clang -DARCHITECTURE_arm64=1 -DARCHITECTURE_arm64ec=1 -DFEXCORE_HAS_PRESERVE_ALL_ATTR=0 -DFEXCORE_PRESERVE_ALL_ATTR="" -DFEX_HAS_PRESERVE_ALL_ATTR=0 -DFEX_PRESERVE_ALL_ATTR="" -DGLOBAL_DATA_DIRECTORY=\"/usr/local/share/fex-emu/\" -DHAS_PROGRAM_INVOCATION_NAME="" -DINLINE="static inline" -DINLINE_LEVEL=4 -DSOFTFLOAT_BUILTIN_CLZ=1 -DSOFTFLOAT_FAST_DIV32TO16=1 -DSOFTFLOAT_FAST_DIV64TO32=1 -DSOFTFLOAT_FAST_INT64=1 -D_LARGEFILE64_SOURCE @CMakeFiles/softfloat_3e.dir/includes_C.rsp -DFEX_IOS_HOST -O3 -DNDEBUG -flto=thin -Wno-trigraphs -fdiagnostics-color=always -fcolor-diagnostics -Wno-deprecated-enum-enum-conversion -Wall -MD -MT External/SoftFloat-3e/CMakeFiles/softfloat_3e.dir/src/s_subMagsExtF80.c.obj -MF CMakeFiles/softfloat_3e.dir/src/s_subMagsExtF80.c.obj.d -o CMakeFiles/softfloat_3e.dir/src/s_subMagsExtF80.c.obj -c /Users/runner/work/GTASanAndreas3DS/GTASanAndreas3DS/FEX/External/SoftFloat-3e/src/s_subMagsExtF80.c
[ 34%] Building C object External/SoftFloat-3e/CMakeFiles/softfloat_3e.dir/src/s_shiftRightJam128.c.obj
cd /Users/runner/work/GTASanAndreas3DS/GTASanAndreas3DS/FEX/build-arm64ec/External/SoftFloat-3e && /opt/homebrew/bin/ccache sloppiness=time_macros /Users/runner/work/GTASanAndreas3DS/GTASanAndreas3DS/toolchains/llvm-mingw-20260616-ucrt-macos-universal/bin/arm64ec-w64-mingw32-clang -DARCHITECTURE_arm64=1 -DARCHITECTURE_arm64ec=1 -DFEXCORE_HAS_PRESERVE_ALL_ATTR=0 -DFEXCORE_PRESERVE_ALL_ATTR="" -DFEX_HAS_PRESERVE_ALL_ATTR=0 -DFEX_PRESERVE_ALL_ATTR="" -DGLOBAL_DATA_DIRECTORY=\"/usr/local/share/fex-emu/\" -DHAS_PROGRAM_INVOCATION_NAME="" -DINLINE="static inline" -DINLINE_LEVEL=4 -DSOFTFLOAT_BUILTIN_CLZ=1 -DSOFTFLOAT_FAST_DIV32TO16=1 -DSOFTFLOAT_FAST_DIV64TO32=1 -DSOFTFLOAT_FAST_INT64=1 -D_LARGEFILE64_SOURCE @CMakeFiles/softfloat_3e.dir/includes_C.rsp -DFEX_IOS_HOST -O3 -DNDEBUG -flto=thin -Wno-trigraphs -fdiagnostics-color=always -fcolor-diagnostics -Wno-deprecated-enum-enum-conversion -Wall -MD -MT External/SoftFloat-3e/CMakeFiles/softfloat_3e.dir/src/s_shiftRightJam128.c.obj -MF CMakeFiles/softfloat_3e.dir/src/s_shiftRightJam128.c.obj.d -o CMakeFiles/softfloat_3e.dir/src/s_shiftRightJam128.c.obj -c /Users/runner/work/GTASanAndreas3DS/GTASanAndreas3DS/FEX/External/SoftFloat-3e/src/s_shiftRightJam128.c
[ 34%] Building C object External/SoftFloat-3e/CMakeFiles/softfloat_3e.dir/src/s_shiftRightJam128Extra.c.obj
cd /Users/runner/work/GTASanAndreas3DS/GTASanAndreas3DS/FEX/build-arm64ec/External/SoftFloat-3e && /opt/homebrew/bin/ccache sloppiness=time_macros /Users/runner/work/GTASanAndreas3DS/GTASanAndreas3DS/toolchains/llvm-mingw-20260616-ucrt-macos-universal/bin/arm64ec-w64-mingw32-clang -DARCHITECTURE_arm64=1 -DARCHITECTURE_arm64ec=1 -DFEXCORE_HAS_PRESERVE_ALL_ATTR=0 -DFEXCORE_PRESERVE_ALL_ATTR="" -DFEX_HAS_PRESERVE_ALL_ATTR=0 -DFEX_PRESERVE_ALL_ATTR="" -DGLOBAL_DATA_DIRECTORY=\"/usr/local/share/fex-emu/\" -DHAS_PROGRAM_INVOCATION_NAME="" -DINLINE="static inline" -DINLINE_LEVEL=4 -DSOFTFLOAT_BUILTIN_CLZ=1 -DSOFTFLOAT_FAST_DIV32TO16=1 -DSOFTFLOAT_FAST_DIV64TO32=1 -DSOFTFLOAT_FAST_INT64=1 -D_LARGEFILE64_SOURCE @CMakeFiles/softfloat_3e.dir/includes_C.rsp -DFEX_IOS_HOST -O3 -DNDEBUG -flto=thin -Wno-trigraphs -fdiagnostics-color=always -fcolor-diagnostics -Wno-deprecated-enum-enum-conversion -Wall -MD -MT External/SoftFloat-3e/CMakeFiles/softfloat_3e.dir/src/s_shiftRightJam128Extra.c.obj -MF CMakeFiles/softfloat_3e.dir/src/s_shiftRightJam128Extra.c.obj.d -o CMakeFiles/softfloat_3e.dir/src/s_shiftRightJam128Extra.c.obj -c /Users/runner/work/GTASanAndreas3DS/GTASanAndreas3DS/FEX/External/SoftFloat-3e/src/s_shiftRightJam128Extra.c
[ 35%] Building C object External/SoftFloat-3e/CMakeFiles/softfloat_3e.dir/src/s_normRoundPackToExtF80.c.obj
cd /Users/runner/work/GTASanAndreas3DS/GTASanAndreas3DS/FEX/build-arm64ec/External/SoftFloat-3e && /opt/homebrew/bin/ccache sloppiness=time_macros /Users/runner/work/GTASanAndreas3DS/GTASanAndreas3DS/toolchains/llvm-mingw-20260616-ucrt-macos-universal/bin/arm64ec-w64-mingw32-clang -DARCHITECTURE_arm64=1 -DARCHITECTURE_arm64ec=1 -DFEXCORE_HAS_PRESERVE_ALL_ATTR=0 -DFEXCORE_PRESERVE_ALL_ATTR="" -DFEX_HAS_PRESERVE_ALL_ATTR=0 -DFEX_PRESERVE_ALL_ATTR="" -DGLOBAL_DATA_DIRECTORY=\"/usr/local/share/fex-emu/\" -DHAS_PROGRAM_INVOCATION_NAME="" -DINLINE="static inline" -DINLINE_LEVEL=4 -DSOFTFLOAT_BUILTIN_CLZ=1 -DSOFTFLOAT_FAST_DIV32TO16=1 -DSOFTFLOAT_FAST_DIV64TO32=1 -DSOFTFLOAT_FAST_INT64=1 -D_LARGEFILE64_SOURCE @CMakeFiles/softfloat_3e.dir/includes_C.rsp -DFEX_IOS_HOST -O3 -DNDEBUG -flto=thin -Wno-trigraphs -fdiagnostics-color=always -fcolor-diagnostics -Wno-deprecated-enum-enum-conversion -Wall -MD -MT External/SoftFloat-3e/CMakeFiles/softfloat_3e.dir/src/s_normRoundPackToExtF80.c.obj -MF CMakeFiles/softfloat_3e.dir/src/s_normRoundPackToExtF80.c.obj.d -o CMakeFiles/softfloat_3e.dir/src/s_normRoundPackToExtF80.c.obj -c /Users/runner/work/GTASanAndreas3DS/GTASanAndreas3DS/FEX/External/SoftFloat-3e/src/s_normRoundPackToExtF80.c
[ 35%] Building C object External/SoftFloat-3e/CMakeFiles/softfloat_3e.dir/src/s_approxRecip_1Ks.c.obj
cd /Users/runner/work/GTASanAndreas3DS/GTASanAndreas3DS/FEX/build-arm64ec/External/SoftFloat-3e && /opt/homebrew/bin/ccache sloppiness=time_macros /Users/runner/work/GTASanAndreas3DS/GTASanAndreas3DS/toolchains/llvm-mingw-20260616-ucrt-macos-universal/bin/arm64ec-w64-mingw32-clang -DARCHITECTURE_arm64=1 -DARCHITECTURE_arm64ec=1 -DFEXCORE_HAS_PRESERVE_ALL_ATTR=0 -DFEXCORE_PRESERVE_ALL_ATTR="" -DFEX_HAS_PRESERVE_ALL_ATTR=0 -DFEX_PRESERVE_ALL_ATTR="" -DGLOBAL_DATA_DIRECTORY=\"/usr/local/share/fex-emu/\" -DHAS_PROGRAM_INVOCATION_NAME="" -DINLINE="static inline" -DINLINE_LEVEL=4 -DSOFTFLOAT_BUILTIN_CLZ=1 -DSOFTFLOAT_FAST_DIV32TO16=1 -DSOFTFLOAT_FAST_DIV64TO32=1 -DSOFTFLOAT_FAST_INT64=1 -D_LARGEFILE64_SOURCE @CMakeFiles/softfloat_3e.dir/includes_C.rsp -DFEX_IOS_HOST -O3 -DNDEBUG -flto=thin -Wno-trigraphs -fdiagnostics-color=always -fcolor-diagnostics -Wno-deprecated-enum-enum-conversion -Wall -MD -MT External/SoftFloat-3e/CMakeFiles/softfloat_3e.dir/src/s_approxRecip_1Ks.c.obj -MF CMakeFiles/softfloat_3e.dir/src/s_approxRecip_1Ks.c.obj.d -o CMakeFiles/softfloat_3e.dir/src/s_approxRecip_1Ks.c.obj -c /Users/runner/work/GTASanAndreas3DS/GTASanAndreas3DS/FEX/External/SoftFloat-3e/src/s_approxRecip_1Ks.c
[ 36%] Building C object External/SoftFloat-3e/CMakeFiles/softfloat_3e.dir/src/s_approxRecipSqrt32_1.c.obj
cd /Users/runner/work/GTASanAndreas3DS/GTASanAndreas3DS/FEX/build-arm64ec/External/SoftFloat-3e && /opt/homebrew/bin/ccache sloppiness=time_macros /Users/runner/work/GTASanAndreas3DS/GTASanAndreas3DS/toolchains/llvm-mingw-20260616-ucrt-macos-universal/bin/arm64ec-w64-mingw32-clang -DARCHITECTURE_arm64=1 -DARCHITECTURE_arm64ec=1 -DFEXCORE_HAS_PRESERVE_ALL_ATTR=0 -DFEXCORE_PRESERVE_ALL_ATTR="" -DFEX_HAS_PRESERVE_ALL_ATTR=0 -DFEX_PRESERVE_ALL_ATTR="" -DGLOBAL_DATA_DIRECTORY=\"/usr/local/share/fex-emu/\" -DHAS_PROGRAM_INVOCATION_NAME="" -DINLINE="static inline" -DINLINE_LEVEL=4 -DSOFTFLOAT_BUILTIN_CLZ=1 -DSOFTFLOAT_FAST_DIV32TO16=1 -DSOFTFLOAT_FAST_DIV64TO32=1 -DSOFTFLOAT_FAST_INT64=1 -D_LARGEFILE64_SOURCE @CMakeFiles/softfloat_3e.dir/includes_C.rsp -DFEX_IOS_HOST -O3 -DNDEBUG -flto=thin -Wno-trigraphs -fdiagnostics-color=always -fcolor-diagnostics -Wno-deprecated-enum-enum-conversion -Wall -MD -MT External/SoftFloat-3e/CMakeFiles/softfloat_3e.dir/src/s_approxRecipSqrt32_1.c.obj -MF CMakeFiles/softfloat_3e.dir/src/s_approxRecipSqrt32_1.c.obj.d -o CMakeFiles/softfloat_3e.dir/src/s_approxRecipSqrt32_1.c.obj -c /Users/runner/work/GTASanAndreas3DS/GTASanAndreas3DS/FEX/External/SoftFloat-3e/src/s_approxRecipSqrt32_1.c
[ 36%] Building C object External/SoftFloat-3e/CMakeFiles/softfloat_3e.dir/src/s_approxRecipSqrt_1Ks.c.obj
cd /Users/runner/work/GTASanAndreas3DS/GTASanAndreas3DS/FEX/build-arm64ec/External/SoftFloat-3e && /opt/homebrew/bin/ccache sloppiness=time_macros /Users/runner/work/GTASanAndreas3DS/GTASanAndreas3DS/toolchains/llvm-mingw-20260616-ucrt-macos-universal/bin/arm64ec-w64-mingw32-clang -DARCHITECTURE_arm64=1 -DARCHITECTURE_arm64ec=1 -DFEXCORE_HAS_PRESERVE_ALL_ATTR=0 -DFEXCORE_PRESERVE_ALL_ATTR="" -DFEX_HAS_PRESERVE_ALL_ATTR=0 -DFEX_PRESERVE_ALL_ATTR="" -DGLOBAL_DATA_DIRECTORY=\"/usr/local/share/fex-emu/\" -DHAS_PROGRAM_INVOCATION_NAME="" -DINLINE="static inline" -DINLINE_LEVEL=4 -DSOFTFLOAT_BUILTIN_CLZ=1 -DSOFTFLOAT_FAST_DIV32TO16=1 -DSOFTFLOAT_FAST_DIV64TO32=1 -DSOFTFLOAT_FAST_INT64=1 -D_LARGEFILE64_SOURCE @CMakeFiles/softfloat_3e.dir/includes_C.rsp -DFEX_IOS_HOST -O3 -DNDEBUG -flto=thin -Wno-trigraphs -fdiagnostics-color=always -fcolor-diagnostics -Wno-deprecated-enum-enum-conversion -Wall -MD -MT External/SoftFloat-3e/CMakeFiles/softfloat_3e.dir/src/s_approxRecipSqrt_1Ks.c.obj -MF CMakeFiles/softfloat_3e.dir/src/s_approxRecipSqrt_1Ks.c.obj.d -o CMakeFiles/softfloat_3e.dir/src/s_approxRecipSqrt_1Ks.c.obj -c /Users/runner/work/GTASanAndreas3DS/GTASanAndreas3DS/FEX/External/SoftFloat-3e/src/s_approxRecipSqrt_1Ks.c
[ 37%] Building C object External/SoftFloat-3e/CMakeFiles/softfloat_3e.dir/src/softfloat_raiseFlags.c.obj
cd /Users/runner/work/GTASanAndreas3DS/GTASanAndreas3DS/FEX/build-arm64ec/External/SoftFloat-3e && /opt/homebrew/bin/ccache sloppiness=time_macros /Users/runner/work/GTASanAndreas3DS/GTASanAndreas3DS/toolchains/llvm-mingw-20260616-ucrt-macos-universal/bin/arm64ec-w64-mingw32-clang -DARCHITECTURE_arm64=1 -DARCHITECTURE_arm64ec=1 -DFEXCORE_HAS_PRESERVE_ALL_ATTR=0 -DFEXCORE_PRESERVE_ALL_ATTR="" -DFEX_HAS_PRESERVE_ALL_ATTR=0 -DFEX_PRESERVE_ALL_ATTR="" -DGLOBAL_DATA_DIRECTORY=\"/usr/local/share/fex-emu/\" -DHAS_PROGRAM_INVOCATION_NAME="" -DINLINE="static inline" -DINLINE_LEVEL=4 -DSOFTFLOAT_BUILTIN_CLZ=1 -DSOFTFLOAT_FAST_DIV32TO16=1 -DSOFTFLOAT_FAST_DIV64TO32=1 -DSOFTFLOAT_FAST_INT64=1 -D_LARGEFILE64_SOURCE @CMakeFiles/softfloat_3e.dir/includes_C.rsp -DFEX_IOS_HOST -O3 -DNDEBUG -flto=thin -Wno-trigraphs -fdiagnostics-color=always -fcolor-diagnostics -Wno-deprecated-enum-enum-conversion -Wall -MD -MT External/SoftFloat-3e/CMakeFiles/softfloat_3e.dir/src/softfloat_raiseFlags.c.obj -MF CMakeFiles/softfloat_3e.dir/src/softfloat_raiseFlags.c.obj.d -o CMakeFiles/softfloat_3e.dir/src/softfloat_raiseFlags.c.obj -c /Users/runner/work/GTASanAndreas3DS/GTASanAndreas3DS/FEX/External/SoftFloat-3e/src/softfloat_raiseFlags.c
[ 37%] Building C object External/SoftFloat-3e/CMakeFiles/softfloat_3e.dir/src/f64_to_extF80.c.obj
cd /Users/runner/work/GTASanAndreas3DS/GTASanAndreas3DS/FEX/build-arm64ec/External/SoftFloat-3e && /opt/homebrew/bin/ccache sloppiness=time_macros /Users/runner/work/GTASanAndreas3DS/GTASanAndreas3DS/toolchains/llvm-mingw-20260616-ucrt-macos-universal/bin/arm64ec-w64-mingw32-clang -DARCHITECTURE_arm64=1 -DARCHITECTURE_arm64ec=1 -DFEXCORE_HAS_PRESERVE_ALL_ATTR=0 -DFEXCORE_PRESERVE_ALL_ATTR="" -DFEX_HAS_PRESERVE_ALL_ATTR=0 -DFEX_PRESERVE_ALL_ATTR="" -DGLOBAL_DATA_DIRECTORY=\"/usr/local/share/fex-emu/\" -DHAS_PROGRAM_INVOCATION_NAME="" -DINLINE="static inline" -DINLINE_LEVEL=4 -DSOFTFLOAT_BUILTIN_CLZ=1 -DSOFTFLOAT_FAST_DIV32TO16=1 -DSOFTFLOAT_FAST_DIV64TO32=1 -DSOFTFLOAT_FAST_INT64=1 -D_LARGEFILE64_SOURCE @CMakeFiles/softfloat_3e.dir/includes_C.rsp -DFEX_IOS_HOST -O3 -DNDEBUG -flto=thin -Wno-trigraphs -fdiagnostics-color=always -fcolor-diagnostics -Wno-deprecated-enum-enum-conversion -Wall -MD -MT External/SoftFloat-3e/CMakeFiles/softfloat_3e.dir/src/f64_to_extF80.c.obj -MF CMakeFiles/softfloat_3e.dir/src/f64_to_extF80.c.obj.d -o CMakeFiles/softfloat_3e.dir/src/f64_to_extF80.c.obj -c /Users/runner/work/GTASanAndreas3DS/GTASanAndreas3DS/FEX/External/SoftFloat-3e/src/f64_to_extF80.c
[ 38%] Building C object External/SoftFloat-3e/CMakeFiles/softfloat_3e.dir/src/s_commonNaNToExtF80UI.c.obj
cd /Users/runner/work/GTASanAndreas3DS/GTASanAndreas3DS/FEX/build-arm64ec/External/SoftFloat-3e && /opt/homebrew/bin/ccache sloppiness=time_macros /Users/runner/work/GTASanAndreas3DS/GTASanAndreas3DS/toolchains/llvm-mingw-20260616-ucrt-macos-universal/bin/arm64ec-w64-mingw32-clang -DARCHITECTURE_arm64=1 -DARCHITECTURE_arm64ec=1 -DFEXCORE_HAS_PRESERVE_ALL_ATTR=0 -DFEXCORE_PRESERVE_ALL_ATTR="" -DFEX_HAS_PRESERVE_ALL_ATTR=0 -DFEX_PRESERVE_ALL_ATTR="" -DGLOBAL_DATA_DIRECTORY=\"/usr/local/share/fex-emu/\" -DHAS_PROGRAM_INVOCATION_NAME="" -DINLINE="static inline" -DINLINE_LEVEL=4 -DSOFTFLOAT_BUILTIN_CLZ=1 -DSOFTFLOAT_FAST_DIV32TO16=1 -DSOFTFLOAT_FAST_DIV64TO32=1 -DSOFTFLOAT_FAST_INT64=1 -D_LARGEFILE64_SOURCE @CMakeFiles/softfloat_3e.dir/includes_C.rsp -DFEX_IOS_HOST -O3 -DNDEBUG -flto=thin -Wno-trigraphs -fdiagnostics-color=always -fcolor-diagnostics -Wno-deprecated-enum-enum-conversion -Wall -MD -MT External/SoftFloat-3e/CMakeFiles/softfloat_3e.dir/src/s_commonNaNToExtF80UI.c.obj -MF CMakeFiles/softfloat_3e.dir/src/s_commonNaNToExtF80UI.c.obj.d -o CMakeFiles/softfloat_3e.dir/src/s_commonNaNToExtF80UI.c.obj -c /Users/runner/work/GTASanAndreas3DS/GTASanAndreas3DS/FEX/External/SoftFloat-3e/src/s_commonNaNToExtF80UI.c
[ 38%] Building C object External/SoftFloat-3e/CMakeFiles/softfloat_3e.dir/src/s_normSubnormalF64Sig.c.obj
cd /Users/runner/work/GTASanAndreas3DS/GTASanAndreas3DS/FEX/build-arm64ec/External/SoftFloat-3e && /opt/homebrew/bin/ccache sloppiness=time_macros /Users/runner/work/GTASanAndreas3DS/GTASanAndreas3DS/toolchains/llvm-mingw-20260616-ucrt-macos-universal/bin/arm64ec-w64-mingw32-clang -DARCHITECTURE_arm64=1 -DARCHITECTURE_arm64ec=1 -DFEXCORE_HAS_PRESERVE_ALL_ATTR=0 -DFEXCORE_PRESERVE_ALL_ATTR="" -DFEX_HAS_PRESERVE_ALL_ATTR=0 -DFEX_PRESERVE_ALL_ATTR="" -DGLOBAL_DATA_DIRECTORY=\"/usr/local/share/fex-emu/\" -DHAS_PROGRAM_INVOCATION_NAME="" -DINLINE="static inline" -DINLINE_LEVEL=4 -DSOFTFLOAT_BUILTIN_CLZ=1 -DSOFTFLOAT_FAST_DIV32TO16=1 -DSOFTFLOAT_FAST_DIV64TO32=1 -DSOFTFLOAT_FAST_INT64=1 -D_LARGEFILE64_SOURCE @CMakeFiles/softfloat_3e.dir/includes_C.rsp -DFEX_IOS_HOST -O3 -DNDEBUG -flto=thin -Wno-trigraphs -fdiagnostics-color=always -fcolor-diagnostics -Wno-deprecated-enum-enum-conversion -Wall -MD -MT External/SoftFloat-3e/CMakeFiles/softfloat_3e.dir/src/s_normSubnormalF64Sig.c.obj -MF CMakeFiles/softfloat_3e.dir/src/s_normSubnormalF64Sig.c.obj.d -o CMakeFiles/softfloat_3e.dir/src/s_normSubnormalF64Sig.c.obj -c /Users/runner/work/GTASanAndreas3DS/GTASanAndreas3DS/FEX/External/SoftFloat-3e/src/s_normSubnormalF64Sig.c
[ 39%] Building C object External/SoftFloat-3e/CMakeFiles/softfloat_3e.dir/src/s_f64UIToCommonNaN.c.obj
cd /Users/runner/work/GTASanAndreas3DS/GTASanAndreas3DS/FEX/build-arm64ec/External/SoftFloat-3e && /opt/homebrew/bin/ccache sloppiness=time_macros /Users/runner/work/GTASanAndreas3DS/GTASanAndreas3DS/toolchains/llvm-mingw-20260616-ucrt-macos-universal/bin/arm64ec-w64-mingw32-clang -DARCHITECTURE_arm64=1 -DARCHITECTURE_arm64ec=1 -DFEXCORE_HAS_PRESERVE_ALL_ATTR=0 -DFEXCORE_PRESERVE_ALL_ATTR="" -DFEX_HAS_PRESERVE_ALL_ATTR=0 -DFEX_PRESERVE_ALL_ATTR="" -DGLOBAL_DATA_DIRECTORY=\"/usr/local/share/fex-emu/\" -DHAS_PROGRAM_INVOCATION_NAME="" -DINLINE="static inline" -DINLINE_LEVEL=4 -DSOFTFLOAT_BUILTIN_CLZ=1 -DSOFTFLOAT_FAST_DIV32TO16=1 -DSOFTFLOAT_FAST_DIV64TO32=1 -DSOFTFLOAT_FAST_INT64=1 -D_LARGEFILE64_SOURCE @CMakeFiles/softfloat_3e.dir/includes_C.rsp -DFEX_IOS_HOST -O3 -DNDEBUG -flto=thin -Wno-trigraphs -fdiagnostics-color=always -fcolor-diagnostics -Wno-deprecated-enum-enum-conversion -Wall -MD -MT External/SoftFloat-3e/CMakeFiles/softfloat_3e.dir/src/s_f64UIToCommonNaN.c.obj -MF CMakeFiles/softfloat_3e.dir/src/s_f64UIToCommonNaN.c.obj.d -o CMakeFiles/softfloat_3e.dir/src/s_f64UIToCommonNaN.c.obj -c /Users/runner/work/GTASanAndreas3DS/GTASanAndreas3DS/FEX/External/SoftFloat-3e/src/s_f64UIToCommonNaN.c
[ 39%] Building C object External/SoftFloat-3e/CMakeFiles/softfloat_3e.dir/src/extF80_roundToInt.c.obj
cd /Users/runner/work/GTASanAndreas3DS/GTASanAndreas3DS/FEX/build-arm64ec/External/SoftFloat-3e && /opt/homebrew/bin/ccache sloppiness=time_macros /Users/runner/work/GTASanAndreas3DS/GTASanAndreas3DS/toolchains/llvm-mingw-20260616-ucrt-macos-universal/bin/arm64ec-w64-mingw32-clang -DARCHITECTURE_arm64=1 -DARCHITECTURE_arm64ec=1 -DFEXCORE_HAS_PRESERVE_ALL_ATTR=0 -DFEXCORE_PRESERVE_ALL_ATTR="" -DFEX_HAS_PRESERVE_ALL_ATTR=0 -DFEX_PRESERVE_ALL_ATTR="" -DGLOBAL_DATA_DIRECTORY=\"/usr/local/share/fex-emu/\" -DHAS_PROGRAM_INVOCATION_NAME="" -DINLINE="static inline" -DINLINE_LEVEL=4 -DSOFTFLOAT_BUILTIN_CLZ=1 -DSOFTFLOAT_FAST_DIV32TO16=1 -DSOFTFLOAT_FAST_DIV64TO32=1 -DSOFTFLOAT_FAST_INT64=1 -D_LARGEFILE64_SOURCE @CMakeFiles/softfloat_3e.dir/includes_C.rsp -DFEX_IOS_HOST -O3 -DNDEBUG -flto=thin -Wno-trigraphs -fdiagnostics-color=always -fcolor-diagnostics -Wno-deprecated-enum-enum-conversion -Wall -MD -MT External/SoftFloat-3e/CMakeFiles/softfloat_3e.dir/src/extF80_roundToInt.c.obj -MF CMakeFiles/softfloat_3e.dir/src/extF80_roundToInt.c.obj.d -o CMakeFiles/softfloat_3e.dir/src/extF80_roundToInt.c.obj -c /Users/runner/work/GTASanAndreas3DS/GTASanAndreas3DS/FEX/External/SoftFloat-3e/src/extF80_roundToInt.c
[ 40%] Building C object External/SoftFloat-3e/CMakeFiles/softfloat_3e.dir/src/extF80_eq.c.obj
cd /Users/runner/work/GTASanAndreas3DS/GTASanAndreas3DS/FEX/build-arm64ec/External/SoftFloat-3e && /opt/homebrew/bin/ccache sloppiness=time_macros /Users/runner/work/GTASanAndreas3DS/GTASanAndreas3DS/toolchains/llvm-mingw-20260616-ucrt-macos-universal/bin/arm64ec-w64-mingw32-clang -DARCHITECTURE_arm64=1 -DARCHITECTURE_arm64ec=1 -DFEXCORE_HAS_PRESERVE_ALL_ATTR=0 -DFEXCORE_PRESERVE_ALL_ATTR="" -DFEX_HAS_PRESERVE_ALL_ATTR=0 -DFEX_PRESERVE_ALL_ATTR="" -DGLOBAL_DATA_DIRECTORY=\"/usr/local/share/fex-emu/\" -DHAS_PROGRAM_INVOCATION_NAME="" -DINLINE="static inline" -DINLINE_LEVEL=4 -DSOFTFLOAT_BUILTIN_CLZ=1 -DSOFTFLOAT_FAST_DIV32TO16=1 -DSOFTFLOAT_FAST_DIV64TO32=1 -DSOFTFLOAT_FAST_INT64=1 -D_LARGEFILE64_SOURCE @CMakeFiles/softfloat_3e.dir/includes_C.rsp -DFEX_IOS_HOST -O3 -DNDEBUG -flto=thin -Wno-trigraphs -fdiagnostics-color=always -fcolor-diagnostics -Wno-deprecated-enum-enum-conversion -Wall -MD -MT External/SoftFloat-3e/CMakeFiles/softfloat_3e.dir/src/extF80_eq.c.obj -MF CMakeFiles/softfloat_3e.dir/src/extF80_eq.c.obj.d -o CMakeFiles/softfloat_3e.dir/src/extF80_eq.c.obj -c /Users/runner/work/GTASanAndreas3DS/GTASanAndreas3DS/FEX/External/SoftFloat-3e/src/extF80_eq.c
[ 40%] Building C object External/SoftFloat-3e/CMakeFiles/softfloat_3e.dir/src/extF80_lt.c.obj
cd /Users/runner/work/GTASanAndreas3DS/GTASanAndreas3DS/FEX/build-arm64ec/External/SoftFloat-3e && /opt/homebrew/bin/ccache sloppiness=time_macros /Users/runner/work/GTASanAndreas3DS/GTASanAndreas3DS/toolchains/llvm-mingw-20260616-ucrt-macos-universal/bin/arm64ec-w64-mingw32-clang -DARCHITECTURE_arm64=1 -DARCHITECTURE_arm64ec=1 -DFEXCORE_HAS_PRESERVE_ALL_ATTR=0 -DFEXCORE_PRESERVE_ALL_ATTR="" -DFEX_HAS_PRESERVE_ALL_ATTR=0 -DFEX_PRESERVE_ALL_ATTR="" -DGLOBAL_DATA_DIRECTORY=\"/usr/local/share/fex-emu/\" -DHAS_PROGRAM_INVOCATION_NAME="" -DINLINE="static inline" -DINLINE_LEVEL=4 -DSOFTFLOAT_BUILTIN_CLZ=1 -DSOFTFLOAT_FAST_DIV32TO16=1 -DSOFTFLOAT_FAST_DIV64TO32=1 -DSOFTFLOAT_FAST_INT64=1 -D_LARGEFILE64_SOURCE @CMakeFiles/softfloat_3e.dir/includes_C.rsp -DFEX_IOS_HOST -O3 -DNDEBUG -flto=thin -Wno-trigraphs -fdiagnostics-color=always -fcolor-diagnostics -Wno-deprecated-enum-enum-conversion -Wall -MD -MT External/SoftFloat-3e/CMakeFiles/softfloat_3e.dir/src/extF80_lt.c.obj -MF CMakeFiles/softfloat_3e.dir/src/extF80_lt.c.obj.d -o CMakeFiles/softfloat_3e.dir/src/extF80_lt.c.obj -c /Users/runner/work/GTASanAndreas3DS/GTASanAndreas3DS/FEX/External/SoftFloat-3e/src/extF80_lt.c
[ 41%] Building C object External/SoftFloat-3e/CMakeFiles/softfloat_3e.dir/src/f32_to_extF80.c.obj
cd /Users/runner/work/GTASanAndreas3DS/GTASanAndreas3DS/FEX/build-arm64ec/External/SoftFloat-3e && /opt/homebrew/bin/ccache sloppiness=time_macros /Users/runner/work/GTASanAndreas3DS/GTASanAndreas3DS/toolchains/llvm-mingw-20260616-ucrt-macos-universal/bin/arm64ec-w64-mingw32-clang -DARCHITECTURE_arm64=1 -DARCHITECTURE_arm64ec=1 -DFEXCORE_HAS_PRESERVE_ALL_ATTR=0 -DFEXCORE_PRESERVE_ALL_ATTR="" -DFEX_HAS_PRESERVE_ALL_ATTR=0 -DFEX_PRESERVE_ALL_ATTR="" -DGLOBAL_DATA_DIRECTORY=\"/usr/local/share/fex-emu/\" -DHAS_PROGRAM_INVOCATION_NAME="" -DINLINE="static inline" -DINLINE_LEVEL=4 -DSOFTFLOAT_BUILTIN_CLZ=1 -DSOFTFLOAT_FAST_DIV32TO16=1 -DSOFTFLOAT_FAST_DIV64TO32=1 -DSOFTFLOAT_FAST_INT64=1 -D_LARGEFILE64_SOURCE @CMakeFiles/softfloat_3e.dir/includes_C.rsp -DFEX_IOS_HOST -O3 -DNDEBUG -flto=thin -Wno-trigraphs -fdiagnostics-color=always -fcolor-diagnostics -Wno-deprecated-enum-enum-conversion -Wall -MD -MT External/SoftFloat-3e/CMakeFiles/softfloat_3e.dir/src/f32_to_extF80.c.obj -MF CMakeFiles/softfloat_3e.dir/src/f32_to_extF80.c.obj.d -o CMakeFiles/softfloat_3e.dir/src/f32_to_extF80.c.obj -c /Users/runner/work/GTASanAndreas3DS/GTASanAndreas3DS/FEX/External/SoftFloat-3e/src/f32_to_extF80.c
[ 41%] Building C object External/SoftFloat-3e/CMakeFiles/softfloat_3e.dir/src/s_normSubnormalF32Sig.c.obj
cd /Users/runner/work/GTASanAndreas3DS/GTASanAndreas3DS/FEX/build-arm64ec/External/SoftFloat-3e && /opt/homebrew/bin/ccache sloppiness=time_macros /Users/runner/work/GTASanAndreas3DS/GTASanAndreas3DS/toolchains/llvm-mingw-20260616-ucrt-macos-universal/bin/arm64ec-w64-mingw32-clang -DARCHITECTURE_arm64=1 -DARCHITECTURE_arm64ec=1 -DFEXCORE_HAS_PRESERVE_ALL_ATTR=0 -DFEXCORE_PRESERVE_ALL_ATTR="" -DFEX_HAS_PRESERVE_ALL_ATTR=0 -DFEX_PRESERVE_ALL_ATTR="" -DGLOBAL_DATA_DIRECTORY=\"/usr/local/share/fex-emu/\" -DHAS_PROGRAM_INVOCATION_NAME="" -DINLINE="static inline" -DINLINE_LEVEL=4 -DSOFTFLOAT_BUILTIN_CLZ=1 -DSOFTFLOAT_FAST_DIV32TO16=1 -DSOFTFLOAT_FAST_DIV64TO32=1 -DSOFTFLOAT_FAST_INT64=1 -D_LARGEFILE64_SOURCE @CMakeFiles/softfloat_3e.dir/includes_C.rsp -DFEX_IOS_HOST -O3 -DNDEBUG -flto=thin -Wno-trigraphs -fdiagnostics-color=always -fcolor-diagnostics -Wno-deprecated-enum-enum-conversion -Wall -MD -MT External/SoftFloat-3e/CMakeFiles/softfloat_3e.dir/src/s_normSubnormalF32Sig.c.obj -MF CMakeFiles/softfloat_3e.dir/src/s_normSubnormalF32Sig.c.obj.d -o CMakeFiles/softfloat_3e.dir/src/s_normSubnormalF32Sig.c.obj -c /Users/runner/work/GTASanAndreas3DS/GTASanAndreas3DS/FEX/External/SoftFloat-3e/src/s_normSubnormalF32Sig.c
[ 42%] Building C object External/SoftFloat-3e/CMakeFiles/softfloat_3e.dir/src/s_f32UIToCommonNaN.c.obj
cd /Users/runner/work/GTASanAndreas3DS/GTASanAndreas3DS/FEX/build-arm64ec/External/SoftFloat-3e && /opt/homebrew/bin/ccache sloppiness=time_macros /Users/runner/work/GTASanAndreas3DS/GTASanAndreas3DS/toolchains/llvm-mingw-20260616-ucrt-macos-universal/bin/arm64ec-w64-mingw32-clang -DARCHITECTURE_arm64=1 -DARCHITECTURE_arm64ec=1 -DFEXCORE_HAS_PRESERVE_ALL_ATTR=0 -DFEXCORE_PRESERVE_ALL_ATTR="" -DFEX_HAS_PRESERVE_ALL_ATTR=0 -DFEX_PRESERVE_ALL_ATTR="" -DGLOBAL_DATA_DIRECTORY=\"/usr/local/share/fex-emu/\" -DHAS_PROGRAM_INVOCATION_NAME="" -DINLINE="static inline" -DINLINE_LEVEL=4 -DSOFTFLOAT_BUILTIN_CLZ=1 -DSOFTFLOAT_FAST_DIV32TO16=1 -DSOFTFLOAT_FAST_DIV64TO32=1 -DSOFTFLOAT_FAST_INT64=1 -D_LARGEFILE64_SOURCE @CMakeFiles/softfloat_3e.dir/includes_C.rsp -DFEX_IOS_HOST -O3 -DNDEBUG -flto=thin -Wno-trigraphs -fdiagnostics-color=always -fcolor-diagnostics -Wno-deprecated-enum-enum-conversion -Wall -MD -MT External/SoftFloat-3e/CMakeFiles/softfloat_3e.dir/src/s_f32UIToCommonNaN.c.obj -MF CMakeFiles/softfloat_3e.dir/src/s_f32UIToCommonNaN.c.obj.d -o CMakeFiles/softfloat_3e.dir/src/s_f32UIToCommonNaN.c.obj -c /Users/runner/work/GTASanAndreas3DS/GTASanAndreas3DS/FEX/External/SoftFloat-3e/src/s_f32UIToCommonNaN.c
[ 42%] Linking C static library libsoftfloat_3e.a
cd /Users/runner/work/GTASanAndreas3DS/GTASanAndreas3DS/FEX/build-arm64ec/External/SoftFloat-3e && /opt/homebrew/bin/cmake -P CMakeFiles/softfloat_3e.dir/cmake_clean_target.cmake
cd /Users/runner/work/GTASanAndreas3DS/GTASanAndreas3DS/FEX/build-arm64ec/External/SoftFloat-3e && /opt/homebrew/bin/cmake -E cmake_link_script CMakeFiles/softfloat_3e.dir/link.txt --verbose=1
"/Users/runner/work/GTASanAndreas3DS/GTASanAndreas3DS/toolchains/llvm-mingw-20260616-ucrt-macos-universal/bin/arm64ec-w64-mingw32-llvm-ar" qc libsoftfloat_3e.a CMakeFiles/softfloat_3e.dir/src/extF80_add.c.obj CMakeFiles/softfloat_3e.dir/src/extF80_div.c.obj CMakeFiles/softfloat_3e.dir/src/extF80_sub.c.obj CMakeFiles/softfloat_3e.dir/src/extF80_mul.c.obj CMakeFiles/softfloat_3e.dir/src/extF80_rem.c.obj CMakeFiles/softfloat_3e.dir/src/extF80_sqrt.c.obj CMakeFiles/softfloat_3e.dir/src/extF80_le.c.obj CMakeFiles/softfloat_3e.dir/src/extF80_to_i32.c.obj CMakeFiles/softfloat_3e.dir/src/extF80_to_i64.c.obj CMakeFiles/softfloat_3e.dir/src/extF80_to_ui64.c.obj CMakeFiles/softfloat_3e.dir/src/extF80_to_f32.c.obj CMakeFiles/softfloat_3e.dir/src/extF80_to_f64.c.obj CMakeFiles/softfloat_3e.dir/src/i32_to_extF80.c.obj CMakeFiles/softfloat_3e.dir/src/ui64_to_extF80.c.obj CMakeFiles/softfloat_3e.dir/src/extF80_to_f128.c.obj CMakeFiles/softfloat_3e.dir/src/f128_to_extF80.c.obj CMakeFiles/softfloat_3e.dir/src/f128_add.c.obj CMakeFiles/softfloat_3e.dir/src/f128_div.c.obj CMakeFiles/softfloat_3e.dir/src/f128_eq.c.obj CMakeFiles/softfloat_3e.dir/src/f128_eq_signaling.c.obj CMakeFiles/softfloat_3e.dir/src/f128_isSignalingNaN.c.obj CMakeFiles/softfloat_3e.dir/src/f128_le.c.obj CMakeFiles/softfloat_3e.dir/src/f128_le_quiet.c.obj CMakeFiles/softfloat_3e.dir/src/f128_lt.c.obj CMakeFiles/softfloat_3e.dir/src/f128_lt_quiet.c.obj CMakeFiles/softfloat_3e.dir/src/f128_mulAdd.c.obj CMakeFiles/softfloat_3e.dir/src/f128_mul.c.obj CMakeFiles/softfloat_3e.dir/src/f128_rem.c.obj CMakeFiles/softfloat_3e.dir/src/f128_sqrt.c.obj CMakeFiles/softfloat_3e.dir/src/f128_sub.c.obj CMakeFiles/softfloat_3e.dir/src/f128_to_f16.c.obj CMakeFiles/softfloat_3e.dir/src/f128_to_f32.c.obj CMakeFiles/softfloat_3e.dir/src/f128_to_f64.c.obj CMakeFiles/softfloat_3e.dir/src/f128_to_i32.c.obj CMakeFiles/softfloat_3e.dir/src/f128_to_i64.c.obj CMakeFiles/softfloat_3e.dir/src/f128_to_ui32.c.obj CMakeFiles/softfloat_3e.dir/src/f128_to_ui64.c.obj CMakeFiles/softfloat_3e.dir/src/s_addMagsF128.c.obj CMakeFiles/softfloat_3e.dir/src/s_subMagsF128.c.obj CMakeFiles/softfloat_3e.dir/src/s_normRoundPackToF128.c.obj CMakeFiles/softfloat_3e.dir/src/s_roundPackToF128.c.obj CMakeFiles/softfloat_3e.dir/src/s_propagateNaNF128UI.c.obj CMakeFiles/softfloat_3e.dir/src/f32_to_f128.c.obj CMakeFiles/softfloat_3e.dir/src/i32_to_f128.c.obj CMakeFiles/softfloat_3e.dir/src/s_roundToUI64.c.obj CMakeFiles/softfloat_3e.dir/src/s_f128UIToCommonNaN.c.obj CMakeFiles/softfloat_3e.dir/src/s_commonNaNToF128UI.c.obj CMakeFiles/softfloat_3e.dir/src/s_normSubnormalF128Sig.c.obj CMakeFiles/softfloat_3e.dir/src/s_roundToI32.c.obj CMakeFiles/softfloat_3e.dir/src/s_roundToI64.c.obj CMakeFiles/softfloat_3e.dir/src/s_roundPackToF32.c.obj CMakeFiles/softfloat_3e.dir/src/s_addMagsExtF80.c.obj CMakeFiles/softfloat_3e.dir/src/s_extF80UIToCommonNaN.c.obj CMakeFiles/softfloat_3e.dir/src/s_commonNaNToF32UI.c.obj CMakeFiles/softfloat_3e.dir/src/s_commonNaNToF64UI.c.obj CMakeFiles/softfloat_3e.dir/src/s_roundPackToF64.c.obj CMakeFiles/softfloat_3e.dir/src/s_propagateNaNExtF80UI.c.obj CMakeFiles/softfloat_3e.dir/src/s_roundPackToExtF80.c.obj CMakeFiles/softfloat_3e.dir/src/s_normSubnormalExtF80Sig.c.obj CMakeFiles/softfloat_3e.dir/src/s_subMagsExtF80.c.obj CMakeFiles/softfloat_3e.dir/src/s_shiftRightJam128.c.obj CMakeFiles/softfloat_3e.dir/src/s_shiftRightJam128Extra.c.obj CMakeFiles/softfloat_3e.dir/src/s_normRoundPackToExtF80.c.obj CMakeFiles/softfloat_3e.dir/src/s_approxRecip_1Ks.c.obj CMakeFiles/softfloat_3e.dir/src/s_approxRecipSqrt32_1.c.obj CMakeFiles/softfloat_3e.dir/src/s_approxRecipSqrt_1Ks.c.obj CMakeFiles/softfloat_3e.dir/src/softfloat_raiseFlags.c.obj CMakeFiles/softfloat_3e.dir/src/f64_to_extF80.c.obj CMakeFiles/softfloat_3e.dir/src/s_commonNaNToExtF80UI.c.obj CMakeFiles/softfloat_3e.dir/src/s_normSubnormalF64Sig.c.obj CMakeFiles/softfloat_3e.dir/src/s_f64UIToCommonNaN.c.obj CMakeFiles/softfloat_3e.dir/src/extF80_roundToInt.c.obj CMakeFiles/softfloat_3e.dir/src/extF80_eq.c.obj CMakeFiles/softfloat_3e.dir/src/extF80_lt.c.obj CMakeFiles/softfloat_3e.dir/src/f32_to_extF80.c.obj CMakeFiles/softfloat_3e.dir/src/s_normSubnormalF32Sig.c.obj CMakeFiles/softfloat_3e.dir/src/s_f32UIToCommonNaN.c.obj
"/Users/runner/work/GTASanAndreas3DS/GTASanAndreas3DS/toolchains/llvm-mingw-20260616-ucrt-macos-universal/bin/arm64ec-w64-mingw32-llvm-ranlib" libsoftfloat_3e.a
[ 42%] Built target softfloat_3e
/Applications/Xcode_16.4.app/Contents/Developer/usr/bin/make  -f External/cephes/CMakeFiles/cephes_128bit.dir/build.make External/cephes/CMakeFiles/cephes_128bit.dir/depend
cd /Users/runner/work/GTASanAndreas3DS/GTASanAndreas3DS/FEX/build-arm64ec && /opt/homebrew/bin/cmake -E cmake_depends "Unix Makefiles" /Users/runner/work/GTASanAndreas3DS/GTASanAndreas3DS/FEX /Users/runner/work/GTASanAndreas3DS/GTASanAndreas3DS/FEX/External/cephes /Users/runner/work/GTASanAndreas3DS/GTASanAndreas3DS/FEX/build-arm64ec /Users/runner/work/GTASanAndreas3DS/GTASanAndreas3DS/FEX/build-arm64ec/External/cephes /Users/runner/work/GTASanAndreas3DS/GTASanAndreas3DS/FEX/build-arm64ec/External/cephes/CMakeFiles/cephes_128bit.dir/DependInfo.cmake "--color=" cephes_128bit
/Applications/Xcode_16.4.app/Contents/Developer/usr/bin/make  -f External/cephes/CMakeFiles/cephes_128bit.dir/build.make External/cephes/CMakeFiles/cephes_128bit.dir/build
[ 42%] Building CXX object External/cephes/CMakeFiles/cephes_128bit.dir/src/128bit/Impl.cpp.obj
cd /Users/runner/work/GTASanAndreas3DS/GTASanAndreas3DS/FEX/build-arm64ec/External/cephes && /opt/homebrew/bin/ccache sloppiness=time_macros /Users/runner/work/GTASanAndreas3DS/GTASanAndreas3DS/toolchains/llvm-mingw-20260616-ucrt-macos-universal/bin/arm64ec-w64-mingw32-clang++ -DARCHITECTURE_arm64=1 -DARCHITECTURE_arm64ec=1 -DFEXCORE_HAS_PRESERVE_ALL_ATTR=0 -DFEXCORE_PRESERVE_ALL_ATTR="" -DFEX_HAS_PRESERVE_ALL_ATTR=0 -DFEX_PRESERVE_ALL_ATTR="" -DGLOBAL_DATA_DIRECTORY=\"/usr/local/share/fex-emu/\" -DHAS_PROGRAM_INVOCATION_NAME="" -DINLINE="static inline" -DINLINE_LEVEL=4 -DSOFTFLOAT_BUILTIN_CLZ=1 -DSOFTFLOAT_FAST_DIV32TO16=1 -DSOFTFLOAT_FAST_DIV64TO32=1 -DSOFTFLOAT_FAST_INT64=1 -D_LARGEFILE64_SOURCE @CMakeFiles/cephes_128bit.dir/includes_CXX.rsp -DFEX_IOS_HOST -O3 -DNDEBUG -fomit-frame-pointer -std=gnu++20 -flto=thin -Wno-trigraphs -fdiagnostics-color=always -fcolor-diagnostics -Wno-deprecated-enum-enum-conversion -Wall -fno-builtin -MD -MT External/cephes/CMakeFiles/cephes_128bit.dir/src/128bit/Impl.cpp.obj -MF CMakeFiles/cephes_128bit.dir/src/128bit/Impl.cpp.obj.d -o CMakeFiles/cephes_128bit.dir/src/128bit/Impl.cpp.obj -c /Users/runner/work/GTASanAndreas3DS/GTASanAndreas3DS/FEX/External/cephes/src/128bit/Impl.cpp
[ 43%] Building C object External/cephes/CMakeFiles/cephes_128bit.dir/src/128bit/atanll.c.obj
cd /Users/runner/work/GTASanAndreas3DS/GTASanAndreas3DS/FEX/build-arm64ec/External/cephes && /opt/homebrew/bin/ccache sloppiness=time_macros /Users/runner/work/GTASanAndreas3DS/GTASanAndreas3DS/toolchains/llvm-mingw-20260616-ucrt-macos-universal/bin/arm64ec-w64-mingw32-clang -DARCHITECTURE_arm64=1 -DARCHITECTURE_arm64ec=1 -DFEXCORE_HAS_PRESERVE_ALL_ATTR=0 -DFEXCORE_PRESERVE_ALL_ATTR="" -DFEX_HAS_PRESERVE_ALL_ATTR=0 -DFEX_PRESERVE_ALL_ATTR="" -DGLOBAL_DATA_DIRECTORY=\"/usr/local/share/fex-emu/\" -DHAS_PROGRAM_INVOCATION_NAME="" -DINLINE="static inline" -DINLINE_LEVEL=4 -DSOFTFLOAT_BUILTIN_CLZ=1 -DSOFTFLOAT_FAST_DIV32TO16=1 -DSOFTFLOAT_FAST_DIV64TO32=1 -DSOFTFLOAT_FAST_INT64=1 -D_LARGEFILE64_SOURCE @CMakeFiles/cephes_128bit.dir/includes_C.rsp -DFEX_IOS_HOST -O3 -DNDEBUG -flto=thin -Wno-trigraphs -fdiagnostics-color=always -fcolor-diagnostics -Wno-deprecated-enum-enum-conversion -Wall -fno-builtin -MD -MT External/cephes/CMakeFiles/cephes_128bit.dir/src/128bit/atanll.c.obj -MF CMakeFiles/cephes_128bit.dir/src/128bit/atanll.c.obj.d -o CMakeFiles/cephes_128bit.dir/src/128bit/atanll.c.obj -c /Users/runner/work/GTASanAndreas3DS/GTASanAndreas3DS/FEX/External/cephes/src/128bit/atanll.c
[ 43%] Building C object External/cephes/CMakeFiles/cephes_128bit.dir/src/128bit/constll.c.obj
cd /Users/runner/work/GTASanAndreas3DS/GTASanAndreas3DS/FEX/build-arm64ec/External/cephes && /opt/homebrew/bin/ccache sloppiness=time_macros /Users/runner/work/GTASanAndreas3DS/GTASanAndreas3DS/toolchains/llvm-mingw-20260616-ucrt-macos-universal/bin/arm64ec-w64-mingw32-clang -DARCHITECTURE_arm64=1 -DARCHITECTURE_arm64ec=1 -DFEXCORE_HAS_PRESERVE_ALL_ATTR=0 -DFEXCORE_PRESERVE_ALL_ATTR="" -DFEX_HAS_PRESERVE_ALL_ATTR=0 -DFEX_PRESERVE_ALL_ATTR="" -DGLOBAL_DATA_DIRECTORY=\"/usr/local/share/fex-emu/\" -DHAS_PROGRAM_INVOCATION_NAME="" -DINLINE="static inline" -DINLINE_LEVEL=4 -DSOFTFLOAT_BUILTIN_CLZ=1 -DSOFTFLOAT_FAST_DIV32TO16=1 -DSOFTFLOAT_FAST_DIV64TO32=1 -DSOFTFLOAT_FAST_INT64=1 -D_LARGEFILE64_SOURCE @CMakeFiles/cephes_128bit.dir/includes_C.rsp -DFEX_IOS_HOST -O3 -DNDEBUG -flto=thin -Wno-trigraphs -fdiagnostics-color=always -fcolor-diagnostics -Wno-deprecated-enum-enum-conversion -Wall -fno-builtin -MD -MT External/cephes/CMakeFiles/cephes_128bit.dir/src/128bit/constll.c.obj -MF CMakeFiles/cephes_128bit.dir/src/128bit/constll.c.obj.d -o CMakeFiles/cephes_128bit.dir/src/128bit/constll.c.obj -c /Users/runner/work/GTASanAndreas3DS/GTASanAndreas3DS/FEX/External/cephes/src/128bit/constll.c
[ 44%] Building C object External/cephes/CMakeFiles/cephes_128bit.dir/src/128bit/exp2ll.c.obj
cd /Users/runner/work/GTASanAndreas3DS/GTASanAndreas3DS/FEX/build-arm64ec/External/cephes && /opt/homebrew/bin/ccache sloppiness=time_macros /Users/runner/work/GTASanAndreas3DS/GTASanAndreas3DS/toolchains/llvm-mingw-20260616-ucrt-macos-universal/bin/arm64ec-w64-mingw32-clang -DARCHITECTURE_arm64=1 -DARCHITECTURE_arm64ec=1 -DFEXCORE_HAS_PRESERVE_ALL_ATTR=0 -DFEXCORE_PRESERVE_ALL_ATTR="" -DFEX_HAS_PRESERVE_ALL_ATTR=0 -DFEX_PRESERVE_ALL_ATTR="" -DGLOBAL_DATA_DIRECTORY=\"/usr/local/share/fex-emu/\" -DHAS_PROGRAM_INVOCATION_NAME="" -DINLINE="static inline" -DINLINE_LEVEL=4 -DSOFTFLOAT_BUILTIN_CLZ=1 -DSOFTFLOAT_FAST_DIV32TO16=1 -DSOFTFLOAT_FAST_DIV64TO32=1 -DSOFTFLOAT_FAST_INT64=1 -D_LARGEFILE64_SOURCE @CMakeFiles/cephes_128bit.dir/includes_C.rsp -DFEX_IOS_HOST -O3 -DNDEBUG -flto=thin -Wno-trigraphs -fdiagnostics-color=always -fcolor-diagnostics -Wno-deprecated-enum-enum-conversion -Wall -fno-builtin -MD -MT External/cephes/CMakeFiles/cephes_128bit.dir/src/128bit/exp2ll.c.obj -MF CMakeFiles/cephes_128bit.dir/src/128bit/exp2ll.c.obj.d -o CMakeFiles/cephes_128bit.dir/src/128bit/exp2ll.c.obj -c /Users/runner/work/GTASanAndreas3DS/GTASanAndreas3DS/FEX/External/cephes/src/128bit/exp2ll.c
[ 44%] Building C object External/cephes/CMakeFiles/cephes_128bit.dir/src/128bit/floorll.c.obj
cd /Users/runner/work/GTASanAndreas3DS/GTASanAndreas3DS/FEX/build-arm64ec/External/cephes && /opt/homebrew/bin/ccache sloppiness=time_macros /Users/runner/work/GTASanAndreas3DS/GTASanAndreas3DS/toolchains/llvm-mingw-20260616-ucrt-macos-universal/bin/arm64ec-w64-mingw32-clang -DARCHITECTURE_arm64=1 -DARCHITECTURE_arm64ec=1 -DFEXCORE_HAS_PRESERVE_ALL_ATTR=0 -DFEXCORE_PRESERVE_ALL_ATTR="" -DFEX_HAS_PRESERVE_ALL_ATTR=0 -DFEX_PRESERVE_ALL_ATTR="" -DGLOBAL_DATA_DIRECTORY=\"/usr/local/share/fex-emu/\" -DHAS_PROGRAM_INVOCATION_NAME="" -DINLINE="static inline" -DINLINE_LEVEL=4 -DSOFTFLOAT_BUILTIN_CLZ=1 -DSOFTFLOAT_FAST_DIV32TO16=1 -DSOFTFLOAT_FAST_DIV64TO32=1 -DSOFTFLOAT_FAST_INT64=1 -D_LARGEFILE64_SOURCE @CMakeFiles/cephes_128bit.dir/includes_C.rsp -DFEX_IOS_HOST -O3 -DNDEBUG -flto=thin -Wno-trigraphs -fdiagnostics-color=always -fcolor-diagnostics -Wno-deprecated-enum-enum-conversion -Wall -fno-builtin -MD -MT External/cephes/CMakeFiles/cephes_128bit.dir/src/128bit/floorll.c.obj -MF CMakeFiles/cephes_128bit.dir/src/128bit/floorll.c.obj.d -o CMakeFiles/cephes_128bit.dir/src/128bit/floorll.c.obj -c /Users/runner/work/GTASanAndreas3DS/GTASanAndreas3DS/FEX/External/cephes/src/128bit/floorll.c
[ 45%] Building C object External/cephes/CMakeFiles/cephes_128bit.dir/src/128bit/log2ll.c.obj
cd /Users/runner/work/GTASanAndreas3DS/GTASanAndreas3DS/FEX/build-arm64ec/External/cephes && /opt/homebrew/bin/ccache sloppiness=time_macros /Users/runner/work/GTASanAndreas3DS/GTASanAndreas3DS/toolchains/llvm-mingw-20260616-ucrt-macos-universal/bin/arm64ec-w64-mingw32-clang -DARCHITECTURE_arm64=1 -DARCHITECTURE_arm64ec=1 -DFEXCORE_HAS_PRESERVE_ALL_ATTR=0 -DFEXCORE_PRESERVE_ALL_ATTR="" -DFEX_HAS_PRESERVE_ALL_ATTR=0 -DFEX_PRESERVE_ALL_ATTR="" -DGLOBAL_DATA_DIRECTORY=\"/usr/local/share/fex-emu/\" -DHAS_PROGRAM_INVOCATION_NAME="" -DINLINE="static inline" -DINLINE_LEVEL=4 -DSOFTFLOAT_BUILTIN_CLZ=1 -DSOFTFLOAT_FAST_DIV32TO16=1 -DSOFTFLOAT_FAST_DIV64TO32=1 -DSOFTFLOAT_FAST_INT64=1 -D_LARGEFILE64_SOURCE @CMakeFiles/cephes_128bit.dir/includes_C.rsp -DFEX_IOS_HOST -O3 -DNDEBUG -flto=thin -Wno-trigraphs -fdiagnostics-color=always -fcolor-diagnostics -Wno-deprecated-enum-enum-conversion -Wall -fno-builtin -MD -MT External/cephes/CMakeFiles/cephes_128bit.dir/src/128bit/log2ll.c.obj -MF CMakeFiles/cephes_128bit.dir/src/128bit/log2ll.c.obj.d -o CMakeFiles/cephes_128bit.dir/src/128bit/log2ll.c.obj -c /Users/runner/work/GTASanAndreas3DS/GTASanAndreas3DS/FEX/External/cephes/src/128bit/log2ll.c
[ 45%] Building C object External/cephes/CMakeFiles/cephes_128bit.dir/src/128bit/mtherr.c.obj
cd /Users/runner/work/GTASanAndreas3DS/GTASanAndreas3DS/FEX/build-arm64ec/External/cephes && /opt/homebrew/bin/ccache sloppiness=time_macros /Users/runner/work/GTASanAndreas3DS/GTASanAndreas3DS/toolchains/llvm-mingw-20260616-ucrt-macos-universal/bin/arm64ec-w64-mingw32-clang -DARCHITECTURE_arm64=1 -DARCHITECTURE_arm64ec=1 -DFEXCORE_HAS_PRESERVE_ALL_ATTR=0 -DFEXCORE_PRESERVE_ALL_ATTR="" -DFEX_HAS_PRESERVE_ALL_ATTR=0 -DFEX_PRESERVE_ALL_ATTR="" -DGLOBAL_DATA_DIRECTORY=\"/usr/local/share/fex-emu/\" -DHAS_PROGRAM_INVOCATION_NAME="" -DINLINE="static inline" -DINLINE_LEVEL=4 -DSOFTFLOAT_BUILTIN_CLZ=1 -DSOFTFLOAT_FAST_DIV32TO16=1 -DSOFTFLOAT_FAST_DIV64TO32=1 -DSOFTFLOAT_FAST_INT64=1 -D_LARGEFILE64_SOURCE @CMakeFiles/cephes_128bit.dir/includes_C.rsp -DFEX_IOS_HOST -O3 -DNDEBUG -flto=thin -Wno-trigraphs -fdiagnostics-color=always -fcolor-diagnostics -Wno-deprecated-enum-enum-conversion -Wall -fno-builtin -MD -MT External/cephes/CMakeFiles/cephes_128bit.dir/src/128bit/mtherr.c.obj -MF CMakeFiles/cephes_128bit.dir/src/128bit/mtherr.c.obj.d -o CMakeFiles/cephes_128bit.dir/src/128bit/mtherr.c.obj -c /Users/runner/work/GTASanAndreas3DS/GTASanAndreas3DS/FEX/External/cephes/src/128bit/mtherr.c
[ 46%] Building C object External/cephes/CMakeFiles/cephes_128bit.dir/src/128bit/polevll.c.obj
cd /Users/runner/work/GTASanAndreas3DS/GTASanAndreas3DS/FEX/build-arm64ec/External/cephes && /opt/homebrew/bin/ccache sloppiness=time_macros /Users/runner/work/GTASanAndreas3DS/GTASanAndreas3DS/toolchains/llvm-mingw-20260616-ucrt-macos-universal/bin/arm64ec-w64-mingw32-clang -DARCHITECTURE_arm64=1 -DARCHITECTURE_arm64ec=1 -DFEXCORE_HAS_PRESERVE_ALL_ATTR=0 -DFEXCORE_PRESERVE_ALL_ATTR="" -DFEX_HAS_PRESERVE_ALL_ATTR=0 -DFEX_PRESERVE_ALL_ATTR="" -DGLOBAL_DATA_DIRECTORY=\"/usr/local/share/fex-emu/\" -DHAS_PROGRAM_INVOCATION_NAME="" -DINLINE="static inline" -DINLINE_LEVEL=4 -DSOFTFLOAT_BUILTIN_CLZ=1 -DSOFTFLOAT_FAST_DIV32TO16=1 -DSOFTFLOAT_FAST_DIV64TO32=1 -DSOFTFLOAT_FAST_INT64=1 -D_LARGEFILE64_SOURCE @CMakeFiles/cephes_128bit.dir/includes_C.rsp -DFEX_IOS_HOST -O3 -DNDEBUG -flto=thin -Wno-trigraphs -fdiagnostics-color=always -fcolor-diagnostics -Wno-deprecated-enum-enum-conversion -Wall -fno-builtin -MD -MT External/cephes/CMakeFiles/cephes_128bit.dir/src/128bit/polevll.c.obj -MF CMakeFiles/cephes_128bit.dir/src/128bit/polevll.c.obj.d -o CMakeFiles/cephes_128bit.dir/src/128bit/polevll.c.obj -c /Users/runner/work/GTASanAndreas3DS/GTASanAndreas3DS/FEX/External/cephes/src/128bit/polevll.c
[ 46%] Building C object External/cephes/CMakeFiles/cephes_128bit.dir/src/128bit/sinll.c.obj
cd /Users/runner/work/GTASanAndreas3DS/GTASanAndreas3DS/FEX/build-arm64ec/External/cephes && /opt/homebrew/bin/ccache sloppiness=time_macros /Users/runner/work/GTASanAndreas3DS/GTASanAndreas3DS/toolchains/llvm-mingw-20260616-ucrt-macos-universal/bin/arm64ec-w64-mingw32-clang -DARCHITECTURE_arm64=1 -DARCHITECTURE_arm64ec=1 -DFEXCORE_HAS_PRESERVE_ALL_ATTR=0 -DFEXCORE_PRESERVE_ALL_ATTR="" -DFEX_HAS_PRESERVE_ALL_ATTR=0 -DFEX_PRESERVE_ALL_ATTR="" -DGLOBAL_DATA_DIRECTORY=\"/usr/local/share/fex-emu/\" -DHAS_PROGRAM_INVOCATION_NAME="" -DINLINE="static inline" -DINLINE_LEVEL=4 -DSOFTFLOAT_BUILTIN_CLZ=1 -DSOFTFLOAT_FAST_DIV32TO16=1 -DSOFTFLOAT_FAST_DIV64TO32=1 -DSOFTFLOAT_FAST_INT64=1 -D_LARGEFILE64_SOURCE @CMakeFiles/cephes_128bit.dir/includes_C.rsp -DFEX_IOS_HOST -O3 -DNDEBUG -flto=thin -Wno-trigraphs -fdiagnostics-color=always -fcolor-diagnostics -Wno-deprecated-enum-enum-conversion -Wall -fno-builtin -MD -MT External/cephes/CMakeFiles/cephes_128bit.dir/src/128bit/sinll.c.obj -MF CMakeFiles/cephes_128bit.dir/src/128bit/sinll.c.obj.d -o CMakeFiles/cephes_128bit.dir/src/128bit/sinll.c.obj -c /Users/runner/work/GTASanAndreas3DS/GTASanAndreas3DS/FEX/External/cephes/src/128bit/sinll.c
[ 47%] Building C object External/cephes/CMakeFiles/cephes_128bit.dir/src/128bit/tanll.c.obj
cd /Users/runner/work/GTASanAndreas3DS/GTASanAndreas3DS/FEX/build-arm64ec/External/cephes && /opt/homebrew/bin/ccache sloppiness=time_macros /Users/runner/work/GTASanAndreas3DS/GTASanAndreas3DS/toolchains/llvm-mingw-20260616-ucrt-macos-universal/bin/arm64ec-w64-mingw32-clang -DARCHITECTURE_arm64=1 -DARCHITECTURE_arm64ec=1 -DFEXCORE_HAS_PRESERVE_ALL_ATTR=0 -DFEXCORE_PRESERVE_ALL_ATTR="" -DFEX_HAS_PRESERVE_ALL_ATTR=0 -DFEX_PRESERVE_ALL_ATTR="" -DGLOBAL_DATA_DIRECTORY=\"/usr/local/share/fex-emu/\" -DHAS_PROGRAM_INVOCATION_NAME="" -DINLINE="static inline" -DINLINE_LEVEL=4 -DSOFTFLOAT_BUILTIN_CLZ=1 -DSOFTFLOAT_FAST_DIV32TO16=1 -DSOFTFLOAT_FAST_DIV64TO32=1 -DSOFTFLOAT_FAST_INT64=1 -D_LARGEFILE64_SOURCE @CMakeFiles/cephes_128bit.dir/includes_C.rsp -DFEX_IOS_HOST -O3 -DNDEBUG -flto=thin -Wno-trigraphs -fdiagnostics-color=always -fcolor-diagnostics -Wno-deprecated-enum-enum-conversion -Wall -fno-builtin -MD -MT External/cephes/CMakeFiles/cephes_128bit.dir/src/128bit/tanll.c.obj -MF CMakeFiles/cephes_128bit.dir/src/128bit/tanll.c.obj.d -o CMakeFiles/cephes_128bit.dir/src/128bit/tanll.c.obj -c /Users/runner/work/GTASanAndreas3DS/GTASanAndreas3DS/FEX/External/cephes/src/128bit/tanll.c
[ 47%] Linking CXX static library libcephes_128bit.a
cd /Users/runner/work/GTASanAndreas3DS/GTASanAndreas3DS/FEX/build-arm64ec/External/cephes && /opt/homebrew/bin/cmake -P CMakeFiles/cephes_128bit.dir/cmake_clean_target.cmake
cd /Users/runner/work/GTASanAndreas3DS/GTASanAndreas3DS/FEX/build-arm64ec/External/cephes && /opt/homebrew/bin/cmake -E cmake_link_script CMakeFiles/cephes_128bit.dir/link.txt --verbose=1
"/Users/runner/work/GTASanAndreas3DS/GTASanAndreas3DS/toolchains/llvm-mingw-20260616-ucrt-macos-universal/bin/arm64ec-w64-mingw32-llvm-ar" qc libcephes_128bit.a CMakeFiles/cephes_128bit.dir/src/128bit/Impl.cpp.obj CMakeFiles/cephes_128bit.dir/src/128bit/atanll.c.obj CMakeFiles/cephes_128bit.dir/src/128bit/constll.c.obj CMakeFiles/cephes_128bit.dir/src/128bit/exp2ll.c.obj CMakeFiles/cephes_128bit.dir/src/128bit/floorll.c.obj CMakeFiles/cephes_128bit.dir/src/128bit/log2ll.c.obj CMakeFiles/cephes_128bit.dir/src/128bit/mtherr.c.obj CMakeFiles/cephes_128bit.dir/src/128bit/polevll.c.obj CMakeFiles/cephes_128bit.dir/src/128bit/sinll.c.obj CMakeFiles/cephes_128bit.dir/src/128bit/tanll.c.obj
"/Users/runner/work/GTASanAndreas3DS/GTASanAndreas3DS/toolchains/llvm-mingw-20260616-ucrt-macos-universal/bin/arm64ec-w64-mingw32-llvm-ranlib" libcephes_128bit.a
[ 47%] Built target cephes_128bit
/Applications/Xcode_16.4.app/Contents/Developer/usr/bin/make  -f FEXCore/Source/CMakeFiles/IR_INC.dir/build.make FEXCore/Source/CMakeFiles/IR_INC.dir/depend
cd /Users/runner/work/GTASanAndreas3DS/GTASanAndreas3DS/FEX/build-arm64ec && /opt/homebrew/bin/cmake -E cmake_depends "Unix Makefiles" /Users/runner/work/GTASanAndreas3DS/GTASanAndreas3DS/FEX /Users/runner/work/GTASanAndreas3DS/GTASanAndreas3DS/FEX/FEXCore/Source /Users/runner/work/GTASanAndreas3DS/GTASanAndreas3DS/FEX/build-arm64ec /Users/runner/work/GTASanAndreas3DS/GTASanAndreas3DS/FEX/build-arm64ec/FEXCore/Source /Users/runner/work/GTASanAndreas3DS/GTASanAndreas3DS/FEX/build-arm64ec/FEXCore/Source/CMakeFiles/IR_INC.dir/DependInfo.cmake "--color=" IR_INC
/Applications/Xcode_16.4.app/Contents/Developer/usr/bin/make  -f FEXCore/Source/CMakeFiles/IR_INC.dir/build.make FEXCore/Source/CMakeFiles/IR_INC.dir/build
[ 47%] Generating ../../include/FEXCore/IR/IRDefines.inc, ../../include/FEXCore/IR/IRDefines_Dispatch.inc
cd /Users/runner/work/GTASanAndreas3DS/GTASanAndreas3DS/FEX/build-arm64ec/FEXCore/Source && python3 /Users/runner/work/GTASanAndreas3DS/GTASanAndreas3DS/FEX/FEXCore/Source/../Scripts/json_ir_generator.py /Users/runner/work/GTASanAndreas3DS/GTASanAndreas3DS/FEX/FEXCore/Source/Interface/IR/IR.json /Users/runner/work/GTASanAndreas3DS/GTASanAndreas3DS/FEX/build-arm64ec/include/FEXCore/IR/IRDefines.inc /Users/runner/work/GTASanAndreas3DS/GTASanAndreas3DS/FEX/build-arm64ec/include/FEXCore/IR/IRDefines_Dispatch.inc
[ 48%] Generating ../../IR.md
cd /Users/runner/work/GTASanAndreas3DS/GTASanAndreas3DS/FEX/build-arm64ec/FEXCore/Source && python3 /Users/runner/work/GTASanAndreas3DS/GTASanAndreas3DS/FEX/FEXCore/Source/../Scripts/json_ir_doc_generator.py /Users/runner/work/GTASanAndreas3DS/GTASanAndreas3DS/FEX/FEXCore/Source/Interface/IR/IR.json /Users/runner/work/GTASanAndreas3DS/GTASanAndreas3DS/FEX/build-arm64ec/IR.md
[ 48%] Built target IR_INC
/Applications/Xcode_16.4.app/Contents/Developer/usr/bin/make  -f FEXCore/Source/CMakeFiles/FEXCore_Base.dir/build.make FEXCore/Source/CMakeFiles/FEXCore_Base.dir/depend
cd /Users/runner/work/GTASanAndreas3DS/GTASanAndreas3DS/FEX/build-arm64ec && /opt/homebrew/bin/cmake -E cmake_depends "Unix Makefiles" /Users/runner/work/GTASanAndreas3DS/GTASanAndreas3DS/FEX /Users/runner/work/GTASanAndreas3DS/GTASanAndreas3DS/FEX/FEXCore/Source /Users/runner/work/GTASanAndreas3DS/GTASanAndreas3DS/FEX/build-arm64ec /Users/runner/work/GTASanAndreas3DS/GTASanAndreas3DS/FEX/build-arm64ec/FEXCore/Source /Users/runner/work/GTASanAndreas3DS/GTASanAndreas3DS/FEX/build-arm64ec/FEXCore/Source/CMakeFiles/FEXCore_Base.dir/DependInfo.cmake "--color=" FEXCore_Base
/Applications/Xcode_16.4.app/Contents/Developer/usr/bin/make  -f FEXCore/Source/CMakeFiles/FEXCore_Base.dir/build.make FEXCore/Source/CMakeFiles/FEXCore_Base.dir/build
[ 48%] Building CXX object FEXCore/Source/CMakeFiles/FEXCore_Base.dir/Interface/Config/Config.cpp.obj
cd /Users/runner/work/GTASanAndreas3DS/GTASanAndreas3DS/FEX/build-arm64ec/FEXCore/Source && /opt/homebrew/bin/ccache sloppiness=time_macros /Users/runner/work/GTASanAndreas3DS/GTASanAndreas3DS/toolchains/llvm-mingw-20260616-ucrt-macos-universal/bin/arm64ec-w64-mingw32-clang++ -DARCHITECTURE_arm64=1 -DARCHITECTURE_arm64ec=1 -DFEXCORE_HAS_PRESERVE_ALL_ATTR=0 -DFEXCORE_PRESERVE_ALL_ATTR="" -DFEX_HAS_PRESERVE_ALL_ATTR=0 -DFEX_PRESERVE_ALL_ATTR="" -DGLOBAL_DATA_DIRECTORY=\"/usr/local/share/fex-emu/\" -DHAS_PROGRAM_INVOCATION_NAME="" -DINLINE="static inline" -DINLINE_LEVEL=4 -DJIT_ARM64 -DSOFTFLOAT_BUILTIN_CLZ=1 -DSOFTFLOAT_FAST_DIV32TO16=1 -DSOFTFLOAT_FAST_DIV64TO32=1 -DSOFTFLOAT_FAST_INT64=1 -D_LARGEFILE64_SOURCE @CMakeFiles/FEXCore_Base.dir/includes_CXX.rsp -DFEX_IOS_HOST -O3 -DNDEBUG -fomit-frame-pointer -std=gnu++20 -flto=thin -fvisibility=hidden -fvisibility-inlines-hidden -Wno-trigraphs -fdiagnostics-color=always -fcolor-diagnostics -Wno-deprecated-enum-enum-conversion -Wall -fno-strict-aliasing -fno-exceptions -Werror=cast-qual -Werror=ignored-qualifiers -Werror=implicit-fallthrough -ffunction-sections -fwrapv -MD -MT FEXCore/Source/CMakeFiles/FEXCore_Base.dir/Interface/Config/Config.cpp.obj -MF CMakeFiles/FEXCore_Base.dir/Interface/Config/Config.cpp.obj.d -o CMakeFiles/FEXCore_Base.dir/Interface/Config/Config.cpp.obj -c /Users/runner/work/GTASanAndreas3DS/GTASanAndreas3DS/FEX/FEXCore/Source/Interface/Config/Config.cpp
[ 49%] Building CXX object FEXCore/Source/CMakeFiles/FEXCore_Base.dir/Utils/Allocator.cpp.obj
cd /Users/runner/work/GTASanAndreas3DS/GTASanAndreas3DS/FEX/build-arm64ec/FEXCore/Source && /opt/homebrew/bin/ccache sloppiness=time_macros /Users/runner/work/GTASanAndreas3DS/GTASanAndreas3DS/toolchains/llvm-mingw-20260616-ucrt-macos-universal/bin/arm64ec-w64-mingw32-clang++ -DARCHITECTURE_arm64=1 -DARCHITECTURE_arm64ec=1 -DFEXCORE_HAS_PRESERVE_ALL_ATTR=0 -DFEXCORE_PRESERVE_ALL_ATTR="" -DFEX_HAS_PRESERVE_ALL_ATTR=0 -DFEX_PRESERVE_ALL_ATTR="" -DGLOBAL_DATA_DIRECTORY=\"/usr/local/share/fex-emu/\" -DHAS_PROGRAM_INVOCATION_NAME="" -DINLINE="static inline" -DINLINE_LEVEL=4 -DJIT_ARM64 -DSOFTFLOAT_BUILTIN_CLZ=1 -DSOFTFLOAT_FAST_DIV32TO16=1 -DSOFTFLOAT_FAST_DIV64TO32=1 -DSOFTFLOAT_FAST_INT64=1 -D_LARGEFILE64_SOURCE @CMakeFiles/FEXCore_Base.dir/includes_CXX.rsp -DFEX_IOS_HOST -O3 -DNDEBUG -fomit-frame-pointer -std=gnu++20 -flto=thin -fvisibility=hidden -fvisibility-inlines-hidden -Wno-trigraphs -fdiagnostics-color=always -fcolor-diagnostics -Wno-deprecated-enum-enum-conversion -Wall -fno-strict-aliasing -fno-exceptions -Werror=cast-qual -Werror=ignored-qualifiers -Werror=implicit-fallthrough -ffunction-sections -fwrapv -MD -MT FEXCore/Source/CMakeFiles/FEXCore_Base.dir/Utils/Allocator.cpp.obj -MF CMakeFiles/FEXCore_Base.dir/Utils/Allocator.cpp.obj.d -o CMakeFiles/FEXCore_Base.dir/Utils/Allocator.cpp.obj -c /Users/runner/work/GTASanAndreas3DS/GTASanAndreas3DS/FEX/FEXCore/Source/Utils/Allocator.cpp
[ 49%] Building CXX object FEXCore/Source/CMakeFiles/FEXCore_Base.dir/Utils/FileLoading.cpp.obj
cd /Users/runner/work/GTASanAndreas3DS/GTASanAndreas3DS/FEX/build-arm64ec/FEXCore/Source && /opt/homebrew/bin/ccache sloppiness=time_macros /Users/runner/work/GTASanAndreas3DS/GTASanAndreas3DS/toolchains/llvm-mingw-20260616-ucrt-macos-universal/bin/arm64ec-w64-mingw32-clang++ -DARCHITECTURE_arm64=1 -DARCHITECTURE_arm64ec=1 -DFEXCORE_HAS_PRESERVE_ALL_ATTR=0 -DFEXCORE_PRESERVE_ALL_ATTR="" -DFEX_HAS_PRESERVE_ALL_ATTR=0 -DFEX_PRESERVE_ALL_ATTR="" -DGLOBAL_DATA_DIRECTORY=\"/usr/local/share/fex-emu/\" -DHAS_PROGRAM_INVOCATION_NAME="" -DINLINE="static inline" -DINLINE_LEVEL=4 -DJIT_ARM64 -DSOFTFLOAT_BUILTIN_CLZ=1 -DSOFTFLOAT_FAST_DIV32TO16=1 -DSOFTFLOAT_FAST_DIV64TO32=1 -DSOFTFLOAT_FAST_INT64=1 -D_LARGEFILE64_SOURCE @CMakeFiles/FEXCore_Base.dir/includes_CXX.rsp -DFEX_IOS_HOST -O3 -DNDEBUG -fomit-frame-pointer -std=gnu++20 -flto=thin -fvisibility=hidden -fvisibility-inlines-hidden -Wno-trigraphs -fdiagnostics-color=always -fcolor-diagnostics -Wno-deprecated-enum-enum-conversion -Wall -fno-strict-aliasing -fno-exceptions -Werror=cast-qual -Werror=ignored-qualifiers -Werror=implicit-fallthrough -ffunction-sections -fwrapv -MD -MT FEXCore/Source/CMakeFiles/FEXCore_Base.dir/Utils/FileLoading.cpp.obj -MF CMakeFiles/FEXCore_Base.dir/Utils/FileLoading.cpp.obj.d -o CMakeFiles/FEXCore_Base.dir/Utils/FileLoading.cpp.obj -c /Users/runner/work/GTASanAndreas3DS/GTASanAndreas3DS/FEX/FEXCore/Source/Utils/FileLoading.cpp
[ 50%] Building CXX object FEXCore/Source/CMakeFiles/FEXCore_Base.dir/Utils/ForcedAssert.cpp.obj
cd /Users/runner/work/GTASanAndreas3DS/GTASanAndreas3DS/FEX/build-arm64ec/FEXCore/Source && /opt/homebrew/bin/ccache sloppiness=time_macros /Users/runner/work/GTASanAndreas3DS/GTASanAndreas3DS/toolchains/llvm-mingw-20260616-ucrt-macos-universal/bin/arm64ec-w64-mingw32-clang++ -DARCHITECTURE_arm64=1 -DARCHITECTURE_arm64ec=1 -DFEXCORE_HAS_PRESERVE_ALL_ATTR=0 -DFEXCORE_PRESERVE_ALL_ATTR="" -DFEX_HAS_PRESERVE_ALL_ATTR=0 -DFEX_PRESERVE_ALL_ATTR="" -DGLOBAL_DATA_DIRECTORY=\"/usr/local/share/fex-emu/\" -DHAS_PROGRAM_INVOCATION_NAME="" -DINLINE="static inline" -DINLINE_LEVEL=4 -DJIT_ARM64 -DSOFTFLOAT_BUILTIN_CLZ=1 -DSOFTFLOAT_FAST_DIV32TO16=1 -DSOFTFLOAT_FAST_DIV64TO32=1 -DSOFTFLOAT_FAST_INT64=1 -D_LARGEFILE64_SOURCE @CMakeFiles/FEXCore_Base.dir/includes_CXX.rsp -DFEX_IOS_HOST -O3 -DNDEBUG -fomit-frame-pointer -std=gnu++20 -flto=thin -fvisibility=hidden -fvisibility-inlines-hidden -Wno-trigraphs -fdiagnostics-color=always -fcolor-diagnostics -Wno-deprecated-enum-enum-conversion -Wall -fno-strict-aliasing -fno-exceptions -Werror=cast-qual -Werror=ignored-qualifiers -Werror=implicit-fallthrough -ffunction-sections -fwrapv -MD -MT FEXCore/Source/CMakeFiles/FEXCore_Base.dir/Utils/ForcedAssert.cpp.obj -MF CMakeFiles/FEXCore_Base.dir/Utils/ForcedAssert.cpp.obj.d -o CMakeFiles/FEXCore_Base.dir/Utils/ForcedAssert.cpp.obj -c /Users/runner/work/GTASanAndreas3DS/GTASanAndreas3DS/FEX/FEXCore/Source/Utils/ForcedAssert.cpp
[ 50%] Building CXX object FEXCore/Source/CMakeFiles/FEXCore_Base.dir/Utils/LogManager.cpp.obj
cd /Users/runner/work/GTASanAndreas3DS/GTASanAndreas3DS/FEX/build-arm64ec/FEXCore/Source && /opt/homebrew/bin/ccache sloppiness=time_macros /Users/runner/work/GTASanAndreas3DS/GTASanAndreas3DS/toolchains/llvm-mingw-20260616-ucrt-macos-universal/bin/arm64ec-w64-mingw32-clang++ -DARCHITECTURE_arm64=1 -DARCHITECTURE_arm64ec=1 -DFEXCORE_HAS_PRESERVE_ALL_ATTR=0 -DFEXCORE_PRESERVE_ALL_ATTR="" -DFEX_HAS_PRESERVE_ALL_ATTR=0 -DFEX_PRESERVE_ALL_ATTR="" -DGLOBAL_DATA_DIRECTORY=\"/usr/local/share/fex-emu/\" -DHAS_PROGRAM_INVOCATION_NAME="" -DINLINE="static inline" -DINLINE_LEVEL=4 -DJIT_ARM64 -DSOFTFLOAT_BUILTIN_CLZ=1 -DSOFTFLOAT_FAST_DIV32TO16=1 -DSOFTFLOAT_FAST_DIV64TO32=1 -DSOFTFLOAT_FAST_INT64=1 -D_LARGEFILE64_SOURCE @CMakeFiles/FEXCore_Base.dir/includes_CXX.rsp -DFEX_IOS_HOST -O3 -DNDEBUG -fomit-frame-pointer -std=gnu++20 -flto=thin -fvisibility=hidden -fvisibility-inlines-hidden -Wno-trigraphs -fdiagnostics-color=always -fcolor-diagnostics -Wno-deprecated-enum-enum-conversion -Wall -fno-strict-aliasing -fno-exceptions -Werror=cast-qual -Werror=ignored-qualifiers -Werror=implicit-fallthrough -ffunction-sections -fwrapv -MD -MT FEXCore/Source/CMakeFiles/FEXCore_Base.dir/Utils/LogManager.cpp.obj -MF CMakeFiles/FEXCore_Base.dir/Utils/LogManager.cpp.obj.d -o CMakeFiles/FEXCore_Base.dir/Utils/LogManager.cpp.obj -c /Users/runner/work/GTASanAndreas3DS/GTASanAndreas3DS/FEX/FEXCore/Source/Utils/LogManager.cpp
[ 50%] Building CXX object FEXCore/Source/CMakeFiles/FEXCore_Base.dir/Utils/SpinWaitLock.cpp.obj
cd /Users/runner/work/GTASanAndreas3DS/GTASanAndreas3DS/FEX/build-arm64ec/FEXCore/Source && /opt/homebrew/bin/ccache sloppiness=time_macros /Users/runner/work/GTASanAndreas3DS/GTASanAndreas3DS/toolchains/llvm-mingw-20260616-ucrt-macos-universal/bin/arm64ec-w64-mingw32-clang++ -DARCHITECTURE_arm64=1 -DARCHITECTURE_arm64ec=1 -DFEXCORE_HAS_PRESERVE_ALL_ATTR=0 -DFEXCORE_PRESERVE_ALL_ATTR="" -DFEX_HAS_PRESERVE_ALL_ATTR=0 -DFEX_PRESERVE_ALL_ATTR="" -DGLOBAL_DATA_DIRECTORY=\"/usr/local/share/fex-emu/\" -DHAS_PROGRAM_INVOCATION_NAME="" -DINLINE="static inline" -DINLINE_LEVEL=4 -DJIT_ARM64 -DSOFTFLOAT_BUILTIN_CLZ=1 -DSOFTFLOAT_FAST_DIV32TO16=1 -DSOFTFLOAT_FAST_DIV64TO32=1 -DSOFTFLOAT_FAST_INT64=1 -D_LARGEFILE64_SOURCE @CMakeFiles/FEXCore_Base.dir/includes_CXX.rsp -DFEX_IOS_HOST -O3 -DNDEBUG -fomit-frame-pointer -std=gnu++20 -flto=thin -fvisibility=hidden -fvisibility-inlines-hidden -Wno-trigraphs -fdiagnostics-color=always -fcolor-diagnostics -Wno-deprecated-enum-enum-conversion -Wall -fno-strict-aliasing -fno-exceptions -Werror=cast-qual -Werror=ignored-qualifiers -Werror=implicit-fallthrough -ffunction-sections -fwrapv -MD -MT FEXCore/Source/CMakeFiles/FEXCore_Base.dir/Utils/SpinWaitLock.cpp.obj -MF CMakeFiles/FEXCore_Base.dir/Utils/SpinWaitLock.cpp.obj.d -o CMakeFiles/FEXCore_Base.dir/Utils/SpinWaitLock.cpp.obj -c /Users/runner/work/GTASanAndreas3DS/GTASanAndreas3DS/FEX/FEXCore/Source/Utils/SpinWaitLock.cpp
[ 51%] Building CXX object FEXCore/Source/CMakeFiles/FEXCore_Base.dir/Utils/WildcardMatcher.cpp.obj
cd /Users/runner/work/GTASanAndreas3DS/GTASanAndreas3DS/FEX/build-arm64ec/FEXCore/Source && /opt/homebrew/bin/ccache sloppiness=time_macros /Users/runner/work/GTASanAndreas3DS/GTASanAndreas3DS/toolchains/llvm-mingw-20260616-ucrt-macos-universal/bin/arm64ec-w64-mingw32-clang++ -DARCHITECTURE_arm64=1 -DARCHITECTURE_arm64ec=1 -DFEXCORE_HAS_PRESERVE_ALL_ATTR=0 -DFEXCORE_PRESERVE_ALL_ATTR="" -DFEX_HAS_PRESERVE_ALL_ATTR=0 -DFEX_PRESERVE_ALL_ATTR="" -DGLOBAL_DATA_DIRECTORY=\"/usr/local/share/fex-emu/\" -DHAS_PROGRAM_INVOCATION_NAME="" -DINLINE="static inline" -DINLINE_LEVEL=4 -DJIT_ARM64 -DSOFTFLOAT_BUILTIN_CLZ=1 -DSOFTFLOAT_FAST_DIV32TO16=1 -DSOFTFLOAT_FAST_DIV64TO32=1 -DSOFTFLOAT_FAST_INT64=1 -D_LARGEFILE64_SOURCE @CMakeFiles/FEXCore_Base.dir/includes_CXX.rsp -DFEX_IOS_HOST -O3 -DNDEBUG -fomit-frame-pointer -std=gnu++20 -flto=thin -fvisibility=hidden -fvisibility-inlines-hidden -Wno-trigraphs -fdiagnostics-color=always -fcolor-diagnostics -Wno-deprecated-enum-enum-conversion -Wall -fno-strict-aliasing -fno-exceptions -Werror=cast-qual -Werror=ignored-qualifiers -Werror=implicit-fallthrough -ffunction-sections -fwrapv -MD -MT FEXCore/Source/CMakeFiles/FEXCore_Base.dir/Utils/WildcardMatcher.cpp.obj -MF CMakeFiles/FEXCore_Base.dir/Utils/WildcardMatcher.cpp.obj.d -o CMakeFiles/FEXCore_Base.dir/Utils/WildcardMatcher.cpp.obj -c /Users/runner/work/GTASanAndreas3DS/GTASanAndreas3DS/FEX/FEXCore/Source/Utils/WildcardMatcher.cpp
[ 51%] Linking CXX static library libFEXCore_Base.a
cd /Users/runner/work/GTASanAndreas3DS/GTASanAndreas3DS/FEX/build-arm64ec/FEXCore/Source && /opt/homebrew/bin/cmake -P CMakeFiles/FEXCore_Base.dir/cmake_clean_target.cmake
cd /Users/runner/work/GTASanAndreas3DS/GTASanAndreas3DS/FEX/build-arm64ec/FEXCore/Source && /opt/homebrew/bin/cmake -E cmake_link_script CMakeFiles/FEXCore_Base.dir/link.txt --verbose=1
"/Users/runner/work/GTASanAndreas3DS/GTASanAndreas3DS/toolchains/llvm-mingw-20260616-ucrt-macos-universal/bin/arm64ec-w64-mingw32-llvm-ar" qc libFEXCore_Base.a CMakeFiles/FEXCore_Base.dir/Interface/Config/Config.cpp.obj CMakeFiles/FEXCore_Base.dir/Utils/Allocator.cpp.obj CMakeFiles/FEXCore_Base.dir/Utils/FileLoading.cpp.obj CMakeFiles/FEXCore_Base.dir/Utils/ForcedAssert.cpp.obj CMakeFiles/FEXCore_Base.dir/Utils/LogManager.cpp.obj CMakeFiles/FEXCore_Base.dir/Utils/SpinWaitLock.cpp.obj CMakeFiles/FEXCore_Base.dir/Utils/WildcardMatcher.cpp.obj
"/Users/runner/work/GTASanAndreas3DS/GTASanAndreas3DS/toolchains/llvm-mingw-20260616-ucrt-macos-universal/bin/arm64ec-w64-mingw32-llvm-ranlib" libFEXCore_Base.a
[ 51%] Built target FEXCore_Base
/Applications/Xcode_16.4.app/Contents/Developer/usr/bin/make  -f Source/Windows/Common/CMakeFiles/CommonWindows.dir/build.make Source/Windows/Common/CMakeFiles/CommonWindows.dir/depend
cd /Users/runner/work/GTASanAndreas3DS/GTASanAndreas3DS/FEX/build-arm64ec && /opt/homebrew/bin/cmake -E cmake_depends "Unix Makefiles" /Users/runner/work/GTASanAndreas3DS/GTASanAndreas3DS/FEX /Users/runner/work/GTASanAndreas3DS/GTASanAndreas3DS/FEX/Source/Windows/Common /Users/runner/work/GTASanAndreas3DS/GTASanAndreas3DS/FEX/build-arm64ec /Users/runner/work/GTASanAndreas3DS/GTASanAndreas3DS/FEX/build-arm64ec/Source/Windows/Common /Users/runner/work/GTASanAndreas3DS/GTASanAndreas3DS/FEX/build-arm64ec/Source/Windows/Common/CMakeFiles/CommonWindows.dir/DependInfo.cmake "--color=" CommonWindows
/Applications/Xcode_16.4.app/Contents/Developer/usr/bin/make  -f Source/Windows/Common/CMakeFiles/CommonWindows.dir/build.make Source/Windows/Common/CMakeFiles/CommonWindows.dir/build
[ 52%] Building CXX object Source/Windows/Common/CMakeFiles/CommonWindows.dir/Allocator.cpp.obj
cd /Users/runner/work/GTASanAndreas3DS/GTASanAndreas3DS/FEX/build-arm64ec/Source/Windows/Common && /opt/homebrew/bin/ccache sloppiness=time_macros /Users/runner/work/GTASanAndreas3DS/GTASanAndreas3DS/toolchains/llvm-mingw-20260616-ucrt-macos-universal/bin/arm64ec-w64-mingw32-clang++ -DARCHITECTURE_arm64=1 -DARCHITECTURE_arm64ec=1 -DFEXCORE_HAS_PRESERVE_ALL_ATTR=0 -DFEXCORE_PRESERVE_ALL_ATTR="" -DFEX_HAS_PRESERVE_ALL_ATTR=0 -DFEX_PRESERVE_ALL_ATTR="" -DGLOBAL_DATA_DIRECTORY=\"/usr/local/share/fex-emu/\" -DHAS_PROGRAM_INVOCATION_NAME="" -DINLINE="static inline" -DINLINE_LEVEL=4 -DSOFTFLOAT_BUILTIN_CLZ=1 -DSOFTFLOAT_FAST_DIV32TO16=1 -DSOFTFLOAT_FAST_DIV64TO32=1 -DSOFTFLOAT_FAST_INT64=1 -D_LARGEFILE64_SOURCE @CMakeFiles/CommonWindows.dir/includes_CXX.rsp -DFEX_IOS_HOST -O3 -DNDEBUG -fomit-frame-pointer -std=gnu++20 -flto=thin -Wno-trigraphs -fdiagnostics-color=always -fcolor-diagnostics -Wno-deprecated-enum-enum-conversion -Wall -fno-strict-aliasing -MD -MT Source/Windows/Common/CMakeFiles/CommonWindows.dir/Allocator.cpp.obj -MF CMakeFiles/CommonWindows.dir/Allocator.cpp.obj.d -o CMakeFiles/CommonWindows.dir/Allocator.cpp.obj -c /Users/runner/work/GTASanAndreas3DS/GTASanAndreas3DS/FEX/Source/Windows/Common/Allocator.cpp
[ 52%] Building CXX object Source/Windows/Common/CMakeFiles/CommonWindows.dir/CPUFeatures.cpp.obj
cd /Users/runner/work/GTASanAndreas3DS/GTASanAndreas3DS/FEX/build-arm64ec/Source/Windows/Common && /opt/homebrew/bin/ccache sloppiness=time_macros /Users/runner/work/GTASanAndreas3DS/GTASanAndreas3DS/toolchains/llvm-mingw-20260616-ucrt-macos-universal/bin/arm64ec-w64-mingw32-clang++ -DARCHITECTURE_arm64=1 -DARCHITECTURE_arm64ec=1 -DFEXCORE_HAS_PRESERVE_ALL_ATTR=0 -DFEXCORE_PRESERVE_ALL_ATTR="" -DFEX_HAS_PRESERVE_ALL_ATTR=0 -DFEX_PRESERVE_ALL_ATTR="" -DGLOBAL_DATA_DIRECTORY=\"/usr/local/share/fex-emu/\" -DHAS_PROGRAM_INVOCATION_NAME="" -DINLINE="static inline" -DINLINE_LEVEL=4 -DSOFTFLOAT_BUILTIN_CLZ=1 -DSOFTFLOAT_FAST_DIV32TO16=1 -DSOFTFLOAT_FAST_DIV64TO32=1 -DSOFTFLOAT_FAST_INT64=1 -D_LARGEFILE64_SOURCE @CMakeFiles/CommonWindows.dir/includes_CXX.rsp -DFEX_IOS_HOST -O3 -DNDEBUG -fomit-frame-pointer -std=gnu++20 -flto=thin -Wno-trigraphs -fdiagnostics-color=always -fcolor-diagnostics -Wno-deprecated-enum-enum-conversion -Wall -fno-strict-aliasing -MD -MT Source/Windows/Common/CMakeFiles/CommonWindows.dir/CPUFeatures.cpp.obj -MF CMakeFiles/CommonWindows.dir/CPUFeatures.cpp.obj.d -o CMakeFiles/CommonWindows.dir/CPUFeatures.cpp.obj -c /Users/runner/work/GTASanAndreas3DS/GTASanAndreas3DS/FEX/Source/Windows/Common/CPUFeatures.cpp
[1m/Users/runner/work/GTASanAndreas3DS/GTASanAndreas3DS/FEX/Source/Windows/Common/CPUFeatures.cpp:18:6: [0m[0;1;35mwarning: [0m[1munused function 'OpenProcessorKey' [-Wunused-function][0m
   18 | HKEY OpenProcessorKey(uint32_t Idx) {[0m
      | [0;1;32m     ^~~~~~~~~~~~~~~~
[0m1 warning generated.
[ 53%] Building CXX object Source/Windows/Common/CMakeFiles/CommonWindows.dir/EnvironmentVariablesHandling.cpp.obj
cd /Users/runner/work/GTASanAndreas3DS/GTASanAndreas3DS/FEX/build-arm64ec/Source/Windows/Common && /opt/homebrew/bin/ccache sloppiness=time_macros /Users/runner/work/GTASanAndreas3DS/GTASanAndreas3DS/toolchains/llvm-mingw-20260616-ucrt-macos-universal/bin/arm64ec-w64-mingw32-clang++ -DARCHITECTURE_arm64=1 -DARCHITECTURE_arm64ec=1 -DFEXCORE_HAS_PRESERVE_ALL_ATTR=0 -DFEXCORE_PRESERVE_ALL_ATTR="" -DFEX_HAS_PRESERVE_ALL_ATTR=0 -DFEX_PRESERVE_ALL_ATTR="" -DGLOBAL_DATA_DIRECTORY=\"/usr/local/share/fex-emu/\" -DHAS_PROGRAM_INVOCATION_NAME="" -DINLINE="static inline" -DINLINE_LEVEL=4 -DSOFTFLOAT_BUILTIN_CLZ=1 -DSOFTFLOAT_FAST_DIV32TO16=1 -DSOFTFLOAT_FAST_DIV64TO32=1 -DSOFTFLOAT_FAST_INT64=1 -D_LARGEFILE64_SOURCE @CMakeFiles/CommonWindows.dir/includes_CXX.rsp -DFEX_IOS_HOST -O3 -DNDEBUG -fomit-frame-pointer -std=gnu++20 -flto=thin -Wno-trigraphs -fdiagnostics-color=always -fcolor-diagnostics -Wno-deprecated-enum-enum-conversion -Wall -fno-strict-aliasing -MD -MT Source/Windows/Common/CMakeFiles/CommonWindows.dir/EnvironmentVariablesHandling.cpp.obj -MF CMakeFiles/CommonWindows.dir/EnvironmentVariablesHandling.cpp.obj.d -o CMakeFiles/CommonWindows.dir/EnvironmentVariablesHandling.cpp.obj -c /Users/runner/work/GTASanAndreas3DS/GTASanAndreas3DS/FEX/Source/Windows/Common/EnvironmentVariablesHandling.cpp
[ 53%] Building CXX object Source/Windows/Common/CMakeFiles/CommonWindows.dir/FEXUnixLib.cpp.obj
cd /Users/runner/work/GTASanAndreas3DS/GTASanAndreas3DS/FEX/build-arm64ec/Source/Windows/Common && /opt/homebrew/bin/ccache sloppiness=time_macros /Users/runner/work/GTASanAndreas3DS/GTASanAndreas3DS/toolchains/llvm-mingw-20260616-ucrt-macos-universal/bin/arm64ec-w64-mingw32-clang++ -DARCHITECTURE_arm64=1 -DARCHITECTURE_arm64ec=1 -DFEXCORE_HAS_PRESERVE_ALL_ATTR=0 -DFEXCORE_PRESERVE_ALL_ATTR="" -DFEX_HAS_PRESERVE_ALL_ATTR=0 -DFEX_PRESERVE_ALL_ATTR="" -DGLOBAL_DATA_DIRECTORY=\"/usr/local/share/fex-emu/\" -DHAS_PROGRAM_INVOCATION_NAME="" -DINLINE="static inline" -DINLINE_LEVEL=4 -DSOFTFLOAT_BUILTIN_CLZ=1 -DSOFTFLOAT_FAST_DIV32TO16=1 -DSOFTFLOAT_FAST_DIV64TO32=1 -DSOFTFLOAT_FAST_INT64=1 -D_LARGEFILE64_SOURCE @CMakeFiles/CommonWindows.dir/includes_CXX.rsp -DFEX_IOS_HOST -O3 -DNDEBUG -fomit-frame-pointer -std=gnu++20 -flto=thin -Wno-trigraphs -fdiagnostics-color=always -fcolor-diagnostics -Wno-deprecated-enum-enum-conversion -Wall -fno-strict-aliasing -MD -MT Source/Windows/Common/CMakeFiles/CommonWindows.dir/FEXUnixLib.cpp.obj -MF CMakeFiles/CommonWindows.dir/FEXUnixLib.cpp.obj.d -o CMakeFiles/CommonWindows.dir/FEXUnixLib.cpp.obj -c /Users/runner/work/GTASanAndreas3DS/GTASanAndreas3DS/FEX/Source/Windows/Common/FEXUnixLib.cpp
[ 54%] Building CXX object Source/Windows/Common/CMakeFiles/CommonWindows.dir/SHMStats.cpp.obj
cd /Users/runner/work/GTASanAndreas3DS/GTASanAndreas3DS/FEX/build-arm64ec/Source/Windows/Common && /opt/homebrew/bin/ccache sloppiness=time_macros /Users/runner/work/GTASanAndreas3DS/GTASanAndreas3DS/toolchains/llvm-mingw-20260616-ucrt-macos-universal/bin/arm64ec-w64-mingw32-clang++ -DARCHITECTURE_arm64=1 -DARCHITECTURE_arm64ec=1 -DFEXCORE_HAS_PRESERVE_ALL_ATTR=0 -DFEXCORE_PRESERVE_ALL_ATTR="" -DFEX_HAS_PRESERVE_ALL_ATTR=0 -DFEX_PRESERVE_ALL_ATTR="" -DGLOBAL_DATA_DIRECTORY=\"/usr/local/share/fex-emu/\" -DHAS_PROGRAM_INVOCATION_NAME="" -DINLINE="static inline" -DINLINE_LEVEL=4 -DSOFTFLOAT_BUILTIN_CLZ=1 -DSOFTFLOAT_FAST_DIV32TO16=1 -DSOFTFLOAT_FAST_DIV64TO32=1 -DSOFTFLOAT_FAST_INT64=1 -D_LARGEFILE64_SOURCE @CMakeFiles/CommonWindows.dir/includes_CXX.rsp -DFEX_IOS_HOST -O3 -DNDEBUG -fomit-frame-pointer -std=gnu++20 -flto=thin -Wno-trigraphs -fdiagnostics-color=always -fcolor-diagnostics -Wno-deprecated-enum-enum-conversion -Wall -fno-strict-aliasing -MD -MT Source/Windows/Common/CMakeFiles/CommonWindows.dir/SHMStats.cpp.obj -MF CMakeFiles/CommonWindows.dir/SHMStats.cpp.obj.d -o CMakeFiles/CommonWindows.dir/SHMStats.cpp.obj -c /Users/runner/work/GTASanAndreas3DS/GTASanAndreas3DS/FEX/Source/Windows/Common/SHMStats.cpp
[ 54%] Building CXX object Source/Windows/Common/CMakeFiles/CommonWindows.dir/InvalidationTracker.cpp.obj
cd /Users/runner/work/GTASanAndreas3DS/GTASanAndreas3DS/FEX/build-arm64ec/Source/Windows/Common && /opt/homebrew/bin/ccache sloppiness=time_macros /Users/runner/work/GTASanAndreas3DS/GTASanAndreas3DS/toolchains/llvm-mingw-20260616-ucrt-macos-universal/bin/arm64ec-w64-mingw32-clang++ -DARCHITECTURE_arm64=1 -DARCHITECTURE_arm64ec=1 -DFEXCORE_HAS_PRESERVE_ALL_ATTR=0 -DFEXCORE_PRESERVE_ALL_ATTR="" -DFEX_HAS_PRESERVE_ALL_ATTR=0 -DFEX_PRESERVE_ALL_ATTR="" -DGLOBAL_DATA_DIRECTORY=\"/usr/local/share/fex-emu/\" -DHAS_PROGRAM_INVOCATION_NAME="" -DINLINE="static inline" -DINLINE_LEVEL=4 -DSOFTFLOAT_BUILTIN_CLZ=1 -DSOFTFLOAT_FAST_DIV32TO16=1 -DSOFTFLOAT_FAST_DIV64TO32=1 -DSOFTFLOAT_FAST_INT64=1 -D_LARGEFILE64_SOURCE @CMakeFiles/CommonWindows.dir/includes_CXX.rsp -DFEX_IOS_HOST -O3 -DNDEBUG -fomit-frame-pointer -std=gnu++20 -flto=thin -Wno-trigraphs -fdiagnostics-color=always -fcolor-diagnostics -Wno-deprecated-enum-enum-conversion -Wall -fno-strict-aliasing -MD -MT Source/Windows/Common/CMakeFiles/CommonWindows.dir/InvalidationTracker.cpp.obj -MF CMakeFiles/CommonWindows.dir/InvalidationTracker.cpp.obj.d -o CMakeFiles/CommonWindows.dir/InvalidationTracker.cpp.obj -c /Users/runner/work/GTASanAndreas3DS/GTASanAndreas3DS/FEX/Source/Windows/Common/InvalidationTracker.cpp
[ 55%] Building CXX object Source/Windows/Common/CMakeFiles/CommonWindows.dir/ImageTracker.cpp.obj
cd /Users/runner/work/GTASanAndreas3DS/GTASanAndreas3DS/FEX/build-arm64ec/Source/Windows/Common && /opt/homebrew/bin/ccache sloppiness=time_macros /Users/runner/work/GTASanAndreas3DS/GTASanAndreas3DS/toolchains/llvm-mingw-20260616-ucrt-macos-universal/bin/arm64ec-w64-mingw32-clang++ -DARCHITECTURE_arm64=1 -DARCHITECTURE_arm64ec=1 -DFEXCORE_HAS_PRESERVE_ALL_ATTR=0 -DFEXCORE_PRESERVE_ALL_ATTR="" -DFEX_HAS_PRESERVE_ALL_ATTR=0 -DFEX_PRESERVE_ALL_ATTR="" -DGLOBAL_DATA_DIRECTORY=\"/usr/local/share/fex-emu/\" -DHAS_PROGRAM_INVOCATION_NAME="" -DINLINE="static inline" -DINLINE_LEVEL=4 -DSOFTFLOAT_BUILTIN_CLZ=1 -DSOFTFLOAT_FAST_DIV32TO16=1 -DSOFTFLOAT_FAST_DIV64TO32=1 -DSOFTFLOAT_FAST_INT64=1 -D_LARGEFILE64_SOURCE @CMakeFiles/CommonWindows.dir/includes_CXX.rsp -DFEX_IOS_HOST -O3 -DNDEBUG -fomit-frame-pointer -std=gnu++20 -flto=thin -Wno-trigraphs -fdiagnostics-color=always -fcolor-diagnostics -Wno-deprecated-enum-enum-conversion -Wall -fno-strict-aliasing -MD -MT Source/Windows/Common/CMakeFiles/CommonWindows.dir/ImageTracker.cpp.obj -MF CMakeFiles/CommonWindows.dir/ImageTracker.cpp.obj.d -o CMakeFiles/CommonWindows.dir/ImageTracker.cpp.obj -c /Users/runner/work/GTASanAndreas3DS/GTASanAndreas3DS/FEX/Source/Windows/Common/ImageTracker.cpp
[1m/Users/runner/work/GTASanAndreas3DS/GTASanAndreas3DS/FEX/Source/Windows/Common/ImageTracker.cpp:261:77: [0m[0;1;35mwarning: [0m[1marray index 1 is past the end of the array (that has type 'WCHAR[1]' (aka 'wchar_t[1]')) [-Warray-bounds][0m
  261 |                   (Info->FileNameLength == [0;32m4[0m && Info->FileName[[0;32m0[0m] == [0;32m'.'[0m && Info->FileName[[0;32m1[0m] == [0;32m'.'[0m);[0m
      | [0;1;32m                                                                            ^              ~
[0m[1m/Users/runner/work/GTASanAndreas3DS/GTASanAndreas3DS/toolchains/llvm-mingw-20260616-ucrt-macos-universal/arm64ec-w64-mingw32/include/winternl.h:389:5: [0m[0;1;36mnote: [0marray 'FileName' declared here[0m
  389 |     WCHAR FileName[ANYSIZE_ARRAY];[0m
      | [0;1;32m    ^
[0m1 warning generated.
[ 55%] Building CXX object Source/Windows/Common/CMakeFiles/CommonWindows.dir/Logging.cpp.obj
cd /Users/runner/work/GTASanAndreas3DS/GTASanAndreas3DS/FEX/build-arm64ec/Source/Windows/Common && /opt/homebrew/bin/ccache sloppiness=time_macros /Users/runner/work/GTASanAndreas3DS/GTASanAndreas3DS/toolchains/llvm-mingw-20260616-ucrt-macos-universal/bin/arm64ec-w64-mingw32-clang++ -DARCHITECTURE_arm64=1 -DARCHITECTURE_arm64ec=1 -DFEXCORE_HAS_PRESERVE_ALL_ATTR=0 -DFEXCORE_PRESERVE_ALL_ATTR="" -DFEX_HAS_PRESERVE_ALL_ATTR=0 -DFEX_PRESERVE_ALL_ATTR="" -DGLOBAL_DATA_DIRECTORY=\"/usr/local/share/fex-emu/\" -DHAS_PROGRAM_INVOCATION_NAME="" -DINLINE="static inline" -DINLINE_LEVEL=4 -DSOFTFLOAT_BUILTIN_CLZ=1 -DSOFTFLOAT_FAST_DIV32TO16=1 -DSOFTFLOAT_FAST_DIV64TO32=1 -DSOFTFLOAT_FAST_INT64=1 -D_LARGEFILE64_SOURCE @CMakeFiles/CommonWindows.dir/includes_CXX.rsp -DFEX_IOS_HOST -O3 -DNDEBUG -fomit-frame-pointer -std=gnu++20 -flto=thin -Wno-trigraphs -fdiagnostics-color=always -fcolor-diagnostics -Wno-deprecated-enum-enum-conversion -Wall -fno-strict-aliasing -MD -MT Source/Windows/Common/CMakeFiles/CommonWindows.dir/Logging.cpp.obj -MF CMakeFiles/CommonWindows.dir/Logging.cpp.obj.d -o CMakeFiles/CommonWindows.dir/Logging.cpp.obj -c /Users/runner/work/GTASanAndreas3DS/GTASanAndreas3DS/FEX/Source/Windows/Common/Logging.cpp
[ 56%] Linking CXX static library libCommonWindows.a
cd /Users/runner/work/GTASanAndreas3DS/GTASanAndreas3DS/FEX/build-arm64ec/Source/Windows/Common && /opt/homebrew/bin/cmake -P CMakeFiles/CommonWindows.dir/cmake_clean_target.cmake
cd /Users/runner/work/GTASanAndreas3DS/GTASanAndreas3DS/FEX/build-arm64ec/Source/Windows/Common && /opt/homebrew/bin/cmake -E cmake_link_script CMakeFiles/CommonWindows.dir/link.txt --verbose=1
"/Users/runner/work/GTASanAndreas3DS/GTASanAndreas3DS/toolchains/llvm-mingw-20260616-ucrt-macos-universal/bin/arm64ec-w64-mingw32-llvm-ar" qc libCommonWindows.a CMakeFiles/CommonWindows.dir/Allocator.cpp.obj CMakeFiles/CommonWindows.dir/CPUFeatures.cpp.obj CMakeFiles/CommonWindows.dir/EnvironmentVariablesHandling.cpp.obj CMakeFiles/CommonWindows.dir/FEXUnixLib.cpp.obj CMakeFiles/CommonWindows.dir/SHMStats.cpp.obj CMakeFiles/CommonWindows.dir/InvalidationTracker.cpp.obj CMakeFiles/CommonWindows.dir/ImageTracker.cpp.obj CMakeFiles/CommonWindows.dir/Logging.cpp.obj
"/Users/runner/work/GTASanAndreas3DS/GTASanAndreas3DS/toolchains/llvm-mingw-20260616-ucrt-macos-universal/bin/arm64ec-w64-mingw32-llvm-ranlib" libCommonWindows.a
[ 56%] Built target CommonWindows
/Applications/Xcode_16.4.app/Contents/Developer/usr/bin/make  -f External/rpmalloc/CMakeFiles/rpmalloc.dir/build.make External/rpmalloc/CMakeFiles/rpmalloc.dir/depend
cd /Users/runner/work/GTASanAndreas3DS/GTASanAndreas3DS/FEX/build-arm64ec && /opt/homebrew/bin/cmake -E cmake_depends "Unix Makefiles" /Users/runner/work/GTASanAndreas3DS/GTASanAndreas3DS/FEX /Users/runner/work/GTASanAndreas3DS/GTASanAndreas3DS/FEX/External/rpmalloc /Users/runner/work/GTASanAndreas3DS/GTASanAndreas3DS/FEX/build-arm64ec /Users/runner/work/GTASanAndreas3DS/GTASanAndreas3DS/FEX/build-arm64ec/External/rpmalloc /Users/runner/work/GTASanAndreas3DS/GTASanAndreas3DS/FEX/build-arm64ec/External/rpmalloc/CMakeFiles/rpmalloc.dir/DependInfo.cmake "--color=" rpmalloc
/Applications/Xcode_16.4.app/Contents/Developer/usr/bin/make  -f External/rpmalloc/CMakeFiles/rpmalloc.dir/build.make External/rpmalloc/CMakeFiles/rpmalloc.dir/build
[ 57%] Building C object External/rpmalloc/CMakeFiles/rpmalloc.dir/rpmalloc/rpmalloc.c.obj
cd /Users/runner/work/GTASanAndreas3DS/GTASanAndreas3DS/FEX/build-arm64ec/External/rpmalloc && /opt/homebrew/bin/ccache sloppiness=time_macros /Users/runner/work/GTASanAndreas3DS/GTASanAndreas3DS/toolchains/llvm-mingw-20260616-ucrt-macos-universal/bin/arm64ec-w64-mingw32-clang -DARCHITECTURE_arm64=1 -DARCHITECTURE_arm64ec=1 -DDYNAMIC_TLS_NO_FLS=1 -DENABLE_ASSERTS=0 -DENABLE_DECOMMIT=1 -DENABLE_DYNAMIC_LINK=0 -DENABLE_OVERRIDE=0 -DENABLE_STATISTICS=0 -DFEX_HAS_PRESERVE_ALL_ATTR=0 -DFEX_PRESERVE_ALL_ATTR="" -DHAS_PROGRAM_INVOCATION_NAME="" -D_LARGEFILE64_SOURCE @CMakeFiles/rpmalloc.dir/includes_C.rsp -DFEX_IOS_HOST -O3 -DNDEBUG -flto=thin -fvisibility=hidden -MD -MT External/rpmalloc/CMakeFiles/rpmalloc.dir/rpmalloc/rpmalloc.c.obj -MF CMakeFiles/rpmalloc.dir/rpmalloc/rpmalloc.c.obj.d -o CMakeFiles/rpmalloc.dir/rpmalloc/rpmalloc.c.obj -c /Users/runner/work/GTASanAndreas3DS/GTASanAndreas3DS/FEX/External/rpmalloc/rpmalloc/rpmalloc.c
[ 57%] Linking C static library librpmalloc.a
cd /Users/runner/work/GTASanAndreas3DS/GTASanAndreas3DS/FEX/build-arm64ec/External/rpmalloc && /opt/homebrew/bin/cmake -P CMakeFiles/rpmalloc.dir/cmake_clean_target.cmake
cd /Users/runner/work/GTASanAndreas3DS/GTASanAndreas3DS/FEX/build-arm64ec/External/rpmalloc && /opt/homebrew/bin/cmake -E cmake_link_script CMakeFiles/rpmalloc.dir/link.txt --verbose=1
"/Users/runner/work/GTASanAndreas3DS/GTASanAndreas3DS/toolchains/llvm-mingw-20260616-ucrt-macos-universal/bin/arm64ec-w64-mingw32-llvm-ar" qc librpmalloc.a CMakeFiles/rpmalloc.dir/rpmalloc/rpmalloc.c.obj
"/Users/runner/work/GTASanAndreas3DS/GTASanAndreas3DS/toolchains/llvm-mingw-20260616-ucrt-macos-universal/bin/arm64ec-w64-mingw32-llvm-ranlib" librpmalloc.a
[ 57%] Built target rpmalloc
/Applications/Xcode_16.4.app/Contents/Developer/usr/bin/make  -f External/tiny-json/CMakeFiles/tiny-json.dir/build.make External/tiny-json/CMakeFiles/tiny-json.dir/depend
cd /Users/runner/work/GTASanAndreas3DS/GTASanAndreas3DS/FEX/build-arm64ec && /opt/homebrew/bin/cmake -E cmake_depends "Unix Makefiles" /Users/runner/work/GTASanAndreas3DS/GTASanAndreas3DS/FEX /Users/runner/work/GTASanAndreas3DS/GTASanAndreas3DS/FEX/External/tiny-json /Users/runner/work/GTASanAndreas3DS/GTASanAndreas3DS/FEX/build-arm64ec /Users/runner/work/GTASanAndreas3DS/GTASanAndreas3DS/FEX/build-arm64ec/External/tiny-json /Users/runner/work/GTASanAndreas3DS/GTASanAndreas3DS/FEX/build-arm64ec/External/tiny-json/CMakeFiles/tiny-json.dir/DependInfo.cmake "--color=" tiny-json
/Applications/Xcode_16.4.app/Contents/Developer/usr/bin/make  -f External/tiny-json/CMakeFiles/tiny-json.dir/build.make External/tiny-json/CMakeFiles/tiny-json.dir/build
[ 58%] Building C object External/tiny-json/CMakeFiles/tiny-json.dir/tiny-json.c.obj
cd /Users/runner/work/GTASanAndreas3DS/GTASanAndreas3DS/FEX/build-arm64ec/External/tiny-json && /opt/homebrew/bin/ccache sloppiness=time_macros /Users/runner/work/GTASanAndreas3DS/GTASanAndreas3DS/toolchains/llvm-mingw-20260616-ucrt-macos-universal/bin/arm64ec-w64-mingw32-clang -DARCHITECTURE_arm64=1 -DARCHITECTURE_arm64ec=1 -DFEX_HAS_PRESERVE_ALL_ATTR=0 -DFEX_PRESERVE_ALL_ATTR="" -DGLOBAL_DATA_DIRECTORY=\"/usr/local/share/fex-emu/\" -DHAS_PROGRAM_INVOCATION_NAME="" -D_LARGEFILE64_SOURCE @CMakeFiles/tiny-json.dir/includes_C.rsp -DFEX_IOS_HOST -O3 -DNDEBUG -flto=thin -Wno-trigraphs -MD -MT External/tiny-json/CMakeFiles/tiny-json.dir/tiny-json.c.obj -MF CMakeFiles/tiny-json.dir/tiny-json.c.obj.d -o CMakeFiles/tiny-json.dir/tiny-json.c.obj -c /Users/runner/work/GTASanAndreas3DS/GTASanAndreas3DS/FEX/External/tiny-json/tiny-json.c
[ 58%] Linking C static library libtiny-json.a
cd /Users/runner/work/GTASanAndreas3DS/GTASanAndreas3DS/FEX/build-arm64ec/External/tiny-json && /opt/homebrew/bin/cmake -P CMakeFiles/tiny-json.dir/cmake_clean_target.cmake
cd /Users/runner/work/GTASanAndreas3DS/GTASanAndreas3DS/FEX/build-arm64ec/External/tiny-json && /opt/homebrew/bin/cmake -E cmake_link_script CMakeFiles/tiny-json.dir/link.txt --verbose=1
"/Users/runner/work/GTASanAndreas3DS/GTASanAndreas3DS/toolchains/llvm-mingw-20260616-ucrt-macos-universal/bin/arm64ec-w64-mingw32-llvm-ar" qc libtiny-json.a "CMakeFiles/tiny-json.dir/tiny-json.c.obj"
"/Users/runner/work/GTASanAndreas3DS/GTASanAndreas3DS/toolchains/llvm-mingw-20260616-ucrt-macos-universal/bin/arm64ec-w64-mingw32-llvm-ranlib" libtiny-json.a
[ 58%] Built target tiny-json
/Applications/Xcode_16.4.app/Contents/Developer/usr/bin/make  -f FEXCore/Source/CMakeFiles/FEXCore_object.dir/build.make FEXCore/Source/CMakeFiles/FEXCore_object.dir/depend
cd /Users/runner/work/GTASanAndreas3DS/GTASanAndreas3DS/FEX/build-arm64ec && /opt/homebrew/bin/cmake -E cmake_depends "Unix Makefiles" /Users/runner/work/GTASanAndreas3DS/GTASanAndreas3DS/FEX /Users/runner/work/GTASanAndreas3DS/GTASanAndreas3DS/FEX/FEXCore/Source /Users/runner/work/GTASanAndreas3DS/GTASanAndreas3DS/FEX/build-arm64ec /Users/runner/work/GTASanAndreas3DS/GTASanAndreas3DS/FEX/build-arm64ec/FEXCore/Source /Users/runner/work/GTASanAndreas3DS/GTASanAndreas3DS/FEX/build-arm64ec/FEXCore/Source/CMakeFiles/FEXCore_object.dir/DependInfo.cmake "--color=" FEXCore_object
/Applications/Xcode_16.4.app/Contents/Developer/usr/bin/make  -f FEXCore/Source/CMakeFiles/FEXCore_object.dir/build.make FEXCore/Source/CMakeFiles/FEXCore_object.dir/build
[ 59%] Building CXX object FEXCore/Source/CMakeFiles/FEXCore_object.dir/Common/JitSymbols.cpp.obj
cd /Users/runner/work/GTASanAndreas3DS/GTASanAndreas3DS/FEX/build-arm64ec/FEXCore/Source && /opt/homebrew/bin/ccache sloppiness=time_macros /Users/runner/work/GTASanAndreas3DS/GTASanAndreas3DS/toolchains/llvm-mingw-20260616-ucrt-macos-universal/bin/arm64ec-w64-mingw32-clang++ -DARCHITECTURE_arm64=1 -DARCHITECTURE_arm64ec=1 -DFEXCORE_HAS_PRESERVE_ALL_ATTR=0 -DFEXCORE_PRESERVE_ALL_ATTR="" -DFEX_HAS_PRESERVE_ALL_ATTR=0 -DFEX_PRESERVE_ALL_ATTR="" -DGLOBAL_DATA_DIRECTORY=\"/usr/local/share/fex-emu/\" -DHAS_PROGRAM_INVOCATION_NAME="" -DINLINE="static inline" -DINLINE_LEVEL=4 -DJIT_ARM64 -DSOFTFLOAT_BUILTIN_CLZ=1 -DSOFTFLOAT_FAST_DIV32TO16=1 -DSOFTFLOAT_FAST_DIV64TO32=1 -DSOFTFLOAT_FAST_INT64=1 -D_LARGEFILE64_SOURCE @CMakeFiles/FEXCore_object.dir/includes_CXX.rsp -DFEX_IOS_HOST -O3 -DNDEBUG -fomit-frame-pointer -std=gnu++20 -flto=thin -fvisibility=hidden -fvisibility-inlines-hidden -Wno-trigraphs -fdiagnostics-color=always -fcolor-diagnostics -Wno-deprecated-enum-enum-conversion -Wall -fno-strict-aliasing -fno-exceptions -mcpu=generic -Werror=cast-qual -Werror=ignored-qualifiers -Werror=implicit-fallthrough -ffunction-sections -fwrapv -MD -MT FEXCore/Source/CMakeFiles/FEXCore_object.dir/Common/JitSymbols.cpp.obj -MF CMakeFiles/FEXCore_object.dir/Common/JitSymbols.cpp.obj.d -o CMakeFiles/FEXCore_object.dir/Common/JitSymbols.cpp.obj -c /Users/runner/work/GTASanAndreas3DS/GTASanAndreas3DS/FEX/FEXCore/Source/Common/JitSymbols.cpp
[ 59%] Building CXX object FEXCore/Source/CMakeFiles/FEXCore_object.dir/Interface/Context/Context.cpp.obj
cd /Users/runner/work/GTASanAndreas3DS/GTASanAndreas3DS/FEX/build-arm64ec/FEXCore/Source && /opt/homebrew/bin/ccache sloppiness=time_macros /Users/runner/work/GTASanAndreas3DS/GTASanAndreas3DS/toolchains/llvm-mingw-20260616-ucrt-macos-universal/bin/arm64ec-w64-mingw32-clang++ -DARCHITECTURE_arm64=1 -DARCHITECTURE_arm64ec=1 -DFEXCORE_HAS_PRESERVE_ALL_ATTR=0 -DFEXCORE_PRESERVE_ALL_ATTR="" -DFEX_HAS_PRESERVE_ALL_ATTR=0 -DFEX_PRESERVE_ALL_ATTR="" -DGLOBAL_DATA_DIRECTORY=\"/usr/local/share/fex-emu/\" -DHAS_PROGRAM_INVOCATION_NAME="" -DINLINE="static inline" -DINLINE_LEVEL=4 -DJIT_ARM64 -DSOFTFLOAT_BUILTIN_CLZ=1 -DSOFTFLOAT_FAST_DIV32TO16=1 -DSOFTFLOAT_FAST_DIV64TO32=1 -DSOFTFLOAT_FAST_INT64=1 -D_LARGEFILE64_SOURCE @CMakeFiles/FEXCore_object.dir/includes_CXX.rsp -DFEX_IOS_HOST -O3 -DNDEBUG -fomit-frame-pointer -std=gnu++20 -flto=thin -fvisibility=hidden -fvisibility-inlines-hidden -Wno-trigraphs -fdiagnostics-color=always -fcolor-diagnostics -Wno-deprecated-enum-enum-conversion -Wall -fno-strict-aliasing -fno-exceptions -mcpu=generic -Werror=cast-qual -Werror=ignored-qualifiers -Werror=implicit-fallthrough -ffunction-sections -fwrapv -MD -MT FEXCore/Source/CMakeFiles/FEXCore_object.dir/Interface/Context/Context.cpp.obj -MF CMakeFiles/FEXCore_object.dir/Interface/Context/Context.cpp.obj.d -o CMakeFiles/FEXCore_object.dir/Interface/Context/Context.cpp.obj -c /Users/runner/work/GTASanAndreas3DS/GTASanAndreas3DS/FEX/FEXCore/Source/Interface/Context/Context.cpp
[ 60%] Building CXX object FEXCore/Source/CMakeFiles/FEXCore_object.dir/Interface/Core/LookupCache.cpp.obj
cd /Users/runner/work/GTASanAndreas3DS/GTASanAndreas3DS/FEX/build-arm64ec/FEXCore/Source && /opt/homebrew/bin/ccache sloppiness=time_macros /Users/runner/work/GTASanAndreas3DS/GTASanAndreas3DS/toolchains/llvm-mingw-20260616-ucrt-macos-universal/bin/arm64ec-w64-mingw32-clang++ -DARCHITECTURE_arm64=1 -DARCHITECTURE_arm64ec=1 -DFEXCORE_HAS_PRESERVE_ALL_ATTR=0 -DFEXCORE_PRESERVE_ALL_ATTR="" -DFEX_HAS_PRESERVE_ALL_ATTR=0 -DFEX_PRESERVE_ALL_ATTR="" -DGLOBAL_DATA_DIRECTORY=\"/usr/local/share/fex-emu/\" -DHAS_PROGRAM_INVOCATION_NAME="" -DINLINE="static inline" -DINLINE_LEVEL=4 -DJIT_ARM64 -DSOFTFLOAT_BUILTIN_CLZ=1 -DSOFTFLOAT_FAST_DIV32TO16=1 -DSOFTFLOAT_FAST_DIV64TO32=1 -DSOFTFLOAT_FAST_INT64=1 -D_LARGEFILE64_SOURCE @CMakeFiles/FEXCore_object.dir/includes_CXX.rsp -DFEX_IOS_HOST -O3 -DNDEBUG -fomit-frame-pointer -std=gnu++20 -flto=thin -fvisibility=hidden -fvisibility-inlines-hidden -Wno-trigraphs -fdiagnostics-color=always -fcolor-diagnostics -Wno-deprecated-enum-enum-conversion -Wall -fno-strict-aliasing -fno-exceptions -mcpu=generic -Werror=cast-qual -Werror=ignored-qualifiers -Werror=implicit-fallthrough -ffunction-sections -fwrapv -MD -MT FEXCore/Source/CMakeFiles/FEXCore_object.dir/Interface/Core/LookupCache.cpp.obj -MF CMakeFiles/FEXCore_object.dir/Interface/Core/LookupCache.cpp.obj.d -o CMakeFiles/FEXCore_object.dir/Interface/Core/LookupCache.cpp.obj -c /Users/runner/work/GTASanAndreas3DS/GTASanAndreas3DS/FEX/FEXCore/Source/Interface/Core/LookupCache.cpp
[ 60%] Building CXX object FEXCore/Source/CMakeFiles/FEXCore_object.dir/Interface/Core/CodeCache.cpp.obj
cd /Users/runner/work/GTASanAndreas3DS/GTASanAndreas3DS/FEX/build-arm64ec/FEXCore/Source && /opt/homebrew/bin/ccache sloppiness=time_macros /Users/runner/work/GTASanAndreas3DS/GTASanAndreas3DS/toolchains/llvm-mingw-20260616-ucrt-macos-universal/bin/arm64ec-w64-mingw32-clang++ -DARCHITECTURE_arm64=1 -DARCHITECTURE_arm64ec=1 -DFEXCORE_HAS_PRESERVE_ALL_ATTR=0 -DFEXCORE_PRESERVE_ALL_ATTR="" -DFEX_HAS_PRESERVE_ALL_ATTR=0 -DFEX_PRESERVE_ALL_ATTR="" -DGLOBAL_DATA_DIRECTORY=\"/usr/local/share/fex-emu/\" -DHAS_PROGRAM_INVOCATION_NAME="" -DINLINE="static inline" -DINLINE_LEVEL=4 -DJIT_ARM64 -DSOFTFLOAT_BUILTIN_CLZ=1 -DSOFTFLOAT_FAST_DIV32TO16=1 -DSOFTFLOAT_FAST_DIV64TO32=1 -DSOFTFLOAT_FAST_INT64=1 -D_LARGEFILE64_SOURCE @CMakeFiles/FEXCore_object.dir/includes_CXX.rsp -DFEX_IOS_HOST -O3 -DNDEBUG -fomit-frame-pointer -std=gnu++20 -flto=thin -fvisibility=hidden -fvisibility-inlines-hidden -Wno-trigraphs -fdiagnostics-color=always -fcolor-diagnostics -Wno-deprecated-enum-enum-conversion -Wall -fno-strict-aliasing -fno-exceptions -mcpu=generic -Werror=cast-qual -Werror=ignored-qualifiers -Werror=implicit-fallthrough -ffunction-sections -fwrapv -MD -MT FEXCore/Source/CMakeFiles/FEXCore_object.dir/Interface/Core/CodeCache.cpp.obj -MF CMakeFiles/FEXCore_object.dir/Interface/Core/CodeCache.cpp.obj.d -o CMakeFiles/FEXCore_object.dir/Interface/Core/CodeCache.cpp.obj -c /Users/runner/work/GTASanAndreas3DS/GTASanAndreas3DS/FEX/FEXCore/Source/Interface/Core/CodeCache.cpp
[ 61%] Building CXX object FEXCore/Source/CMakeFiles/FEXCore_object.dir/Interface/Core/Core.cpp.obj
cd /Users/runner/work/GTASanAndreas3DS/GTASanAndreas3DS/FEX/build-arm64ec/FEXCore/Source && /opt/homebrew/bin/ccache sloppiness=time_macros /Users/runner/work/GTASanAndreas3DS/GTASanAndreas3DS/toolchains/llvm-mingw-20260616-ucrt-macos-universal/bin/arm64ec-w64-mingw32-clang++ -DARCHITECTURE_arm64=1 -DARCHITECTURE_arm64ec=1 -DFEXCORE_HAS_PRESERVE_ALL_ATTR=0 -DFEXCORE_PRESERVE_ALL_ATTR="" -DFEX_HAS_PRESERVE_ALL_ATTR=0 -DFEX_PRESERVE_ALL_ATTR="" -DGLOBAL_DATA_DIRECTORY=\"/usr/local/share/fex-emu/\" -DHAS_PROGRAM_INVOCATION_NAME="" -DINLINE="static inline" -DINLINE_LEVEL=4 -DJIT_ARM64 -DSOFTFLOAT_BUILTIN_CLZ=1 -DSOFTFLOAT_FAST_DIV32TO16=1 -DSOFTFLOAT_FAST_DIV64TO32=1 -DSOFTFLOAT_FAST_INT64=1 -D_LARGEFILE64_SOURCE @CMakeFiles/FEXCore_object.dir/includes_CXX.rsp -DFEX_IOS_HOST -O3 -DNDEBUG -fomit-frame-pointer -std=gnu++20 -flto=thin -fvisibility=hidden -fvisibility-inlines-hidden -Wno-trigraphs -fdiagnostics-color=always -fcolor-diagnostics -Wno-deprecated-enum-enum-conversion -Wall -fno-strict-aliasing -fno-exceptions -mcpu=generic -Werror=cast-qual -Werror=ignored-qualifiers -Werror=implicit-fallthrough -ffunction-sections -fwrapv -MD -MT FEXCore/Source/CMakeFiles/FEXCore_object.dir/Interface/Core/Core.cpp.obj -MF CMakeFiles/FEXCore_object.dir/Interface/Core/Core.cpp.obj.d -o CMakeFiles/FEXCore_object.dir/Interface/Core/Core.cpp.obj -c /Users/runner/work/GTASanAndreas3DS/GTASanAndreas3DS/FEX/FEXCore/Source/Interface/Core/Core.cpp
[1m/Users/runner/work/GTASanAndreas3DS/GTASanAndreas3DS/FEX/FEXCore/Source/Interface/Core/Core.cpp:2526:32: [0m[0;1;35mwarning: [0m[1mincrement of object of volatile-qualified type 'volatile uint64_t' (aka 'volatile unsigned long long') is deprecated [-Wdeprecated-volatile][0m
 2526 |       g_madeira_thr_count[slot]++;[0m
      | [0;1;32m                               ^
[0m[1m/Users/runner/work/GTASanAndreas3DS/GTASanAndreas3DS/FEX/FEXCore/Source/Interface/Core/Core.cpp:2570:20: [0m[0;1;35mwarning: [0m[1mincrement of object of volatile-qualified type 'volatile uint64_t' (aka 'volatile unsigned long long') is deprecated [-Wdeprecated-volatile][0m
 2570 |       uint64_t n = ++g_madeira_hot_count[idx];[0m
      | [0;1;32m                   ^
[0m2 warnings generated.
[ 61%] Building CXX object FEXCore/Source/CMakeFiles/FEXCore_object.dir/Interface/Core/CPUBackend.cpp.obj
cd /Users/runner/work/GTASanAndreas3DS/GTASanAndreas3DS/FEX/build-arm64ec/FEXCore/Source && /opt/homebrew/bin/ccache sloppiness=time_macros /Users/runner/work/GTASanAndreas3DS/GTASanAndreas3DS/toolchains/llvm-mingw-20260616-ucrt-macos-universal/bin/arm64ec-w64-mingw32-clang++ -DARCHITECTURE_arm64=1 -DARCHITECTURE_arm64ec=1 -DFEXCORE_HAS_PRESERVE_ALL_ATTR=0 -DFEXCORE_PRESERVE_ALL_ATTR="" -DFEX_HAS_PRESERVE_ALL_ATTR=0 -DFEX_PRESERVE_ALL_ATTR="" -DGLOBAL_DATA_DIRECTORY=\"/usr/local/share/fex-emu/\" -DHAS_PROGRAM_INVOCATION_NAME="" -DINLINE="static inline" -DINLINE_LEVEL=4 -DJIT_ARM64 -DSOFTFLOAT_BUILTIN_CLZ=1 -DSOFTFLOAT_FAST_DIV32TO16=1 -DSOFTFLOAT_FAST_DIV64TO32=1 -DSOFTFLOAT_FAST_INT64=1 -D_LARGEFILE64_SOURCE @CMakeFiles/FEXCore_object.dir/includes_CXX.rsp -DFEX_IOS_HOST -O3 -DNDEBUG -fomit-frame-pointer -std=gnu++20 -flto=thin -fvisibility=hidden -fvisibility-inlines-hidden -Wno-trigraphs -fdiagnostics-color=always -fcolor-diagnostics -Wno-deprecated-enum-enum-conversion -Wall -fno-strict-aliasing -fno-exceptions -mcpu=generic -Werror=cast-qual -Werror=ignored-qualifiers -Werror=implicit-fallthrough -ffunction-sections -fwrapv -MD -MT FEXCore/Source/CMakeFiles/FEXCore_object.dir/Interface/Core/CPUBackend.cpp.obj -MF CMakeFiles/FEXCore_object.dir/Interface/Core/CPUBackend.cpp.obj.d -o CMakeFiles/FEXCore_object.dir/Interface/Core/CPUBackend.cpp.obj -c /Users/runner/work/GTASanAndreas3DS/GTASanAndreas3DS/FEX/FEXCore/Source/Interface/Core/CPUBackend.cpp
[ 62%] Building CXX object FEXCore/Source/CMakeFiles/FEXCore_object.dir/Interface/Core/Addressing.cpp.obj
cd /Users/runner/work/GTASanAndreas3DS/GTASanAndreas3DS/FEX/build-arm64ec/FEXCore/Source && /opt/homebrew/bin/ccache sloppiness=time_macros /Users/runner/work/GTASanAndreas3DS/GTASanAndreas3DS/toolchains/llvm-mingw-20260616-ucrt-macos-universal/bin/arm64ec-w64-mingw32-clang++ -DARCHITECTURE_arm64=1 -DARCHITECTURE_arm64ec=1 -DFEXCORE_HAS_PRESERVE_ALL_ATTR=0 -DFEXCORE_PRESERVE_ALL_ATTR="" -DFEX_HAS_PRESERVE_ALL_ATTR=0 -DFEX_PRESERVE_ALL_ATTR="" -DGLOBAL_DATA_DIRECTORY=\"/usr/local/share/fex-emu/\" -DHAS_PROGRAM_INVOCATION_NAME="" -DINLINE="static inline" -DINLINE_LEVEL=4 -DJIT_ARM64 -DSOFTFLOAT_BUILTIN_CLZ=1 -DSOFTFLOAT_FAST_DIV32TO16=1 -DSOFTFLOAT_FAST_DIV64TO32=1 -DSOFTFLOAT_FAST_INT64=1 -D_LARGEFILE64_SOURCE @CMakeFiles/FEXCore_object.dir/includes_CXX.rsp -DFEX_IOS_HOST -O3 -DNDEBUG -fomit-frame-pointer -std=gnu++20 -flto=thin -fvisibility=hidden -fvisibility-inlines-hidden -Wno-trigraphs -fdiagnostics-color=always -fcolor-diagnostics -Wno-deprecated-enum-enum-conversion -Wall -fno-strict-aliasing -fno-exceptions -mcpu=generic -Werror=cast-qual -Werror=ignored-qualifiers -Werror=implicit-fallthrough -ffunction-sections -fwrapv -MD -MT FEXCore/Source/CMakeFiles/FEXCore_object.dir/Interface/Core/Addressing.cpp.obj -MF CMakeFiles/FEXCore_object.dir/Interface/Core/Addressing.cpp.obj.d -o CMakeFiles/FEXCore_object.dir/Interface/Core/Addressing.cpp.obj -c /Users/runner/work/GTASanAndreas3DS/GTASanAndreas3DS/FEX/FEXCore/Source/Interface/Core/Addressing.cpp
[ 62%] Building CXX object FEXCore/Source/CMakeFiles/FEXCore_object.dir/Interface/Core/CPUID.cpp.obj
cd /Users/runner/work/GTASanAndreas3DS/GTASanAndreas3DS/FEX/build-arm64ec/FEXCore/Source && /opt/homebrew/bin/ccache sloppiness=time_macros /Users/runner/work/GTASanAndreas3DS/GTASanAndreas3DS/toolchains/llvm-mingw-20260616-ucrt-macos-universal/bin/arm64ec-w64-mingw32-clang++ -DARCHITECTURE_arm64=1 -DARCHITECTURE_arm64ec=1 -DFEXCORE_HAS_PRESERVE_ALL_ATTR=0 -DFEXCORE_PRESERVE_ALL_ATTR="" -DFEX_HAS_PRESERVE_ALL_ATTR=0 -DFEX_PRESERVE_ALL_ATTR="" -DGLOBAL_DATA_DIRECTORY=\"/usr/local/share/fex-emu/\" -DHAS_PROGRAM_INVOCATION_NAME="" -DINLINE="static inline" -DINLINE_LEVEL=4 -DJIT_ARM64 -DSOFTFLOAT_BUILTIN_CLZ=1 -DSOFTFLOAT_FAST_DIV32TO16=1 -DSOFTFLOAT_FAST_DIV64TO32=1 -DSOFTFLOAT_FAST_INT64=1 -D_LARGEFILE64_SOURCE @CMakeFiles/FEXCore_object.dir/includes_CXX.rsp -DFEX_IOS_HOST -O3 -DNDEBUG -fomit-frame-pointer -std=gnu++20 -flto=thin -fvisibility=hidden -fvisibility-inlines-hidden -Wno-trigraphs -fdiagnostics-color=always -fcolor-diagnostics -Wno-deprecated-enum-enum-conversion -Wall -fno-strict-aliasing -fno-exceptions -mcpu=generic -Werror=cast-qual -Werror=ignored-qualifiers -Werror=implicit-fallthrough -ffunction-sections -fwrapv -MD -MT FEXCore/Source/CMakeFiles/FEXCore_object.dir/Interface/Core/CPUID.cpp.obj -MF CMakeFiles/FEXCore_object.dir/Interface/Core/CPUID.cpp.obj.d -o CMakeFiles/FEXCore_object.dir/Interface/Core/CPUID.cpp.obj -c /Users/runner/work/GTASanAndreas3DS/GTASanAndreas3DS/FEX/FEXCore/Source/Interface/Core/CPUID.cpp
[ 63%] Building CXX object FEXCore/Source/CMakeFiles/FEXCore_object.dir/Interface/Core/Frontend.cpp.obj
cd /Users/runner/work/GTASanAndreas3DS/GTASanAndreas3DS/FEX/build-arm64ec/FEXCore/Source && /opt/homebrew/bin/ccache sloppiness=time_macros /Users/runner/work/GTASanAndreas3DS/GTASanAndreas3DS/toolchains/llvm-mingw-20260616-ucrt-macos-universal/bin/arm64ec-w64-mingw32-clang++ -DARCHITECTURE_arm64=1 -DARCHITECTURE_arm64ec=1 -DFEXCORE_HAS_PRESERVE_ALL_ATTR=0 -DFEXCORE_PRESERVE_ALL_ATTR="" -DFEX_HAS_PRESERVE_ALL_ATTR=0 -DFEX_PRESERVE_ALL_ATTR="" -DGLOBAL_DATA_DIRECTORY=\"/usr/local/share/fex-emu/\" -DHAS_PROGRAM_INVOCATION_NAME="" -DINLINE="static inline" -DINLINE_LEVEL=4 -DJIT_ARM64 -DSOFTFLOAT_BUILTIN_CLZ=1 -DSOFTFLOAT_FAST_DIV32TO16=1 -DSOFTFLOAT_FAST_DIV64TO32=1 -DSOFTFLOAT_FAST_INT64=1 -D_LARGEFILE64_SOURCE @CMakeFiles/FEXCore_object.dir/includes_CXX.rsp -DFEX_IOS_HOST -O3 -DNDEBUG -fomit-frame-pointer -std=gnu++20 -flto=thin -fvisibility=hidden -fvisibility-inlines-hidden -Wno-trigraphs -fdiagnostics-color=always -fcolor-diagnostics -Wno-deprecated-enum-enum-conversion -Wall -fno-strict-aliasing -fno-exceptions -mcpu=generic -Werror=cast-qual -Werror=ignored-qualifiers -Werror=implicit-fallthrough -ffunction-sections -fwrapv -MD -MT FEXCore/Source/CMakeFiles/FEXCore_object.dir/Interface/Core/Frontend.cpp.obj -MF CMakeFiles/FEXCore_object.dir/Interface/Core/Frontend.cpp.obj.d -o CMakeFiles/FEXCore_object.dir/Interface/Core/Frontend.cpp.obj -c /Users/runner/work/GTASanAndreas3DS/GTASanAndreas3DS/FEX/FEXCore/Source/Interface/Core/Frontend.cpp
[ 63%] Building CXX object FEXCore/Source/CMakeFiles/FEXCore_object.dir/Interface/Core/OpcodeDispatcher/AVX_128.cpp.obj
cd /Users/runner/work/GTASanAndreas3DS/GTASanAndreas3DS/FEX/build-arm64ec/FEXCore/Source && /opt/homebrew/bin/ccache sloppiness=time_macros /Users/runner/work/GTASanAndreas3DS/GTASanAndreas3DS/toolchains/llvm-mingw-20260616-ucrt-macos-universal/bin/arm64ec-w64-mingw32-clang++ -DARCHITECTURE_arm64=1 -DARCHITECTURE_arm64ec=1 -DFEXCORE_HAS_PRESERVE_ALL_ATTR=0 -DFEXCORE_PRESERVE_ALL_ATTR="" -DFEX_HAS_PRESERVE_ALL_ATTR=0 -DFEX_PRESERVE_ALL_ATTR="" -DGLOBAL_DATA_DIRECTORY=\"/usr/local/share/fex-emu/\" -DHAS_PROGRAM_INVOCATION_NAME="" -DINLINE="static inline" -DINLINE_LEVEL=4 -DJIT_ARM64 -DSOFTFLOAT_BUILTIN_CLZ=1 -DSOFTFLOAT_FAST_DIV32TO16=1 -DSOFTFLOAT_FAST_DIV64TO32=1 -DSOFTFLOAT_FAST_INT64=1 -D_LARGEFILE64_SOURCE @CMakeFiles/FEXCore_object.dir/includes_CXX.rsp -DFEX_IOS_HOST -O3 -DNDEBUG -fomit-frame-pointer -std=gnu++20 -flto=thin -fvisibility=hidden -fvisibility-inlines-hidden -Wno-trigraphs -fdiagnostics-color=always -fcolor-diagnostics -Wno-deprecated-enum-enum-conversion -Wall -fno-strict-aliasing -fno-exceptions -mcpu=generic -Werror=cast-qual -Werror=ignored-qualifiers -Werror=implicit-fallthrough -ffunction-sections -fwrapv -MD -MT FEXCore/Source/CMakeFiles/FEXCore_object.dir/Interface/Core/OpcodeDispatcher/AVX_128.cpp.obj -MF CMakeFiles/FEXCore_object.dir/Interface/Core/OpcodeDispatcher/AVX_128.cpp.obj.d -o CMakeFiles/FEXCore_object.dir/Interface/Core/OpcodeDispatcher/AVX_128.cpp.obj -c /Users/runner/work/GTASanAndreas3DS/GTASanAndreas3DS/FEX/FEXCore/Source/Interface/Core/OpcodeDispatcher/AVX_128.cpp
[ 64%] Building CXX object FEXCore/Source/CMakeFiles/FEXCore_object.dir/Interface/Core/OpcodeDispatcher/Crypto.cpp.obj
cd /Users/runner/work/GTASanAndreas3DS/GTASanAndreas3DS/FEX/build-arm64ec/FEXCore/Source && /opt/homebrew/bin/ccache sloppiness=time_macros /Users/runner/work/GTASanAndreas3DS/GTASanAndreas3DS/toolchains/llvm-mingw-20260616-ucrt-macos-universal/bin/arm64ec-w64-mingw32-clang++ -DARCHITECTURE_arm64=1 -DARCHITECTURE_arm64ec=1 -DFEXCORE_HAS_PRESERVE_ALL_ATTR=0 -DFEXCORE_PRESERVE_ALL_ATTR="" -DFEX_HAS_PRESERVE_ALL_ATTR=0 -DFEX_PRESERVE_ALL_ATTR="" -DGLOBAL_DATA_DIRECTORY=\"/usr/local/share/fex-emu/\" -DHAS_PROGRAM_INVOCATION_NAME="" -DINLINE="static inline" -DINLINE_LEVEL=4 -DJIT_ARM64 -DSOFTFLOAT_BUILTIN_CLZ=1 -DSOFTFLOAT_FAST_DIV32TO16=1 -DSOFTFLOAT_FAST_DIV64TO32=1 -DSOFTFLOAT_FAST_INT64=1 -D_LARGEFILE64_SOURCE @CMakeFiles/FEXCore_object.dir/includes_CXX.rsp -DFEX_IOS_HOST -O3 -DNDEBUG -fomit-frame-pointer -std=gnu++20 -flto=thin -fvisibility=hidden -fvisibility-inlines-hidden -Wno-trigraphs -fdiagnostics-color=always -fcolor-diagnostics -Wno-deprecated-enum-enum-conversion -Wall -fno-strict-aliasing -fno-exceptions -mcpu=generic -Werror=cast-qual -Werror=ignored-qualifiers -Werror=implicit-fallthrough -ffunction-sections -fwrapv -MD -MT FEXCore/Source/CMakeFiles/FEXCore_object.dir/Interface/Core/OpcodeDispatcher/Crypto.cpp.obj -MF CMakeFiles/FEXCore_object.dir/Interface/Core/OpcodeDispatcher/Crypto.cpp.obj.d -o CMakeFiles/FEXCore_object.dir/Interface/Core/OpcodeDispatcher/Crypto.cpp.obj -c /Users/runner/work/GTASanAndreas3DS/GTASanAndreas3DS/FEX/FEXCore/Source/Interface/Core/OpcodeDispatcher/Crypto.cpp
[ 64%] Building CXX object FEXCore/Source/CMakeFiles/FEXCore_object.dir/Interface/Core/OpcodeDispatcher/Flags.cpp.obj
cd /Users/runner/work/GTASanAndreas3DS/GTASanAndreas3DS/FEX/build-arm64ec/FEXCore/Source && /opt/homebrew/bin/ccache sloppiness=time_macros /Users/runner/work/GTASanAndreas3DS/GTASanAndreas3DS/toolchains/llvm-mingw-20260616-ucrt-macos-universal/bin/arm64ec-w64-mingw32-clang++ -DARCHITECTURE_arm64=1 -DARCHITECTURE_arm64ec=1 -DFEXCORE_HAS_PRESERVE_ALL_ATTR=0 -DFEXCORE_PRESERVE_ALL_ATTR="" -DFEX_HAS_PRESERVE_ALL_ATTR=0 -DFEX_PRESERVE_ALL_ATTR="" -DGLOBAL_DATA_DIRECTORY=\"/usr/local/share/fex-emu/\" -DHAS_PROGRAM_INVOCATION_NAME="" -DINLINE="static inline" -DINLINE_LEVEL=4 -DJIT_ARM64 -DSOFTFLOAT_BUILTIN_CLZ=1 -DSOFTFLOAT_FAST_DIV32TO16=1 -DSOFTFLOAT_FAST_DIV64TO32=1 -DSOFTFLOAT_FAST_INT64=1 -D_LARGEFILE64_SOURCE @CMakeFiles/FEXCore_object.dir/includes_CXX.rsp -DFEX_IOS_HOST -O3 -DNDEBUG -fomit-frame-pointer -std=gnu++20 -flto=thin -fvisibility=hidden -fvisibility-inlines-hidden -Wno-trigraphs -fdiagnostics-color=always -fcolor-diagnostics -Wno-deprecated-enum-enum-conversion -Wall -fno-strict-aliasing -fno-exceptions -mcpu=generic -Werror=cast-qual -Werror=ignored-qualifiers -Werror=implicit-fallthrough -ffunction-sections -fwrapv -MD -MT FEXCore/Source/CMakeFiles/FEXCore_object.dir/Interface/Core/OpcodeDispatcher/Flags.cpp.obj -MF CMakeFiles/FEXCore_object.dir/Interface/Core/OpcodeDispatcher/Flags.cpp.obj.d -o CMakeFiles/FEXCore_object.dir/Interface/Core/OpcodeDispatcher/Flags.cpp.obj -c /Users/runner/work/GTASanAndreas3DS/GTASanAndreas3DS/FEX/FEXCore/Source/Interface/Core/OpcodeDispatcher/Flags.cpp
[ 65%] Building CXX object FEXCore/Source/CMakeFiles/FEXCore_object.dir/Interface/Core/OpcodeDispatcher/Vector.cpp.obj
cd /Users/runner/work/GTASanAndreas3DS/GTASanAndreas3DS/FEX/build-arm64ec/FEXCore/Source && /opt/homebrew/bin/ccache sloppiness=time_macros /Users/runner/work/GTASanAndreas3DS/GTASanAndreas3DS/toolchains/llvm-mingw-20260616-ucrt-macos-universal/bin/arm64ec-w64-mingw32-clang++ -DARCHITECTURE_arm64=1 -DARCHITECTURE_arm64ec=1 -DFEXCORE_HAS_PRESERVE_ALL_ATTR=0 -DFEXCORE_PRESERVE_ALL_ATTR="" -DFEX_HAS_PRESERVE_ALL_ATTR=0 -DFEX_PRESERVE_ALL_ATTR="" -DGLOBAL_DATA_DIRECTORY=\"/usr/local/share/fex-emu/\" -DHAS_PROGRAM_INVOCATION_NAME="" -DINLINE="static inline" -DINLINE_LEVEL=4 -DJIT_ARM64 -DSOFTFLOAT_BUILTIN_CLZ=1 -DSOFTFLOAT_FAST_DIV32TO16=1 -DSOFTFLOAT_FAST_DIV64TO32=1 -DSOFTFLOAT_FAST_INT64=1 -D_LARGEFILE64_SOURCE @CMakeFiles/FEXCore_object.dir/includes_CXX.rsp -DFEX_IOS_HOST -O3 -DNDEBUG -fomit-frame-pointer -std=gnu++20 -flto=thin -fvisibility=hidden -fvisibility-inlines-hidden -Wno-trigraphs -fdiagnostics-color=always -fcolor-diagnostics -Wno-deprecated-enum-enum-conversion -Wall -fno-strict-aliasing -fno-exceptions -mcpu=generic -Werror=cast-qual -Werror=ignored-qualifiers -Werror=implicit-fallthrough -ffunction-sections -fwrapv -MD -MT FEXCore/Source/CMakeFiles/FEXCore_object.dir/Interface/Core/OpcodeDispatcher/Vector.cpp.obj -MF CMakeFiles/FEXCore_object.dir/Interface/Core/OpcodeDispatcher/Vector.cpp.obj.d -o CMakeFiles/FEXCore_object.dir/Interface/Core/OpcodeDispatcher/Vector.cpp.obj -c /Users/runner/work/GTASanAndreas3DS/GTASanAndreas3DS/FEX/FEXCore/Source/Interface/Core/OpcodeDispatcher/Vector.cpp
[ 65%] Building CXX object FEXCore/Source/CMakeFiles/FEXCore_object.dir/Interface/Core/OpcodeDispatcher/X87.cpp.obj
cd /Users/runner/work/GTASanAndreas3DS/GTASanAndreas3DS/FEX/build-arm64ec/FEXCore/Source && /opt/homebrew/bin/ccache sloppiness=time_macros /Users/runner/work/GTASanAndreas3DS/GTASanAndreas3DS/toolchains/llvm-mingw-20260616-ucrt-macos-universal/bin/arm64ec-w64-mingw32-clang++ -DARCHITECTURE_arm64=1 -DARCHITECTURE_arm64ec=1 -DFEXCORE_HAS_PRESERVE_ALL_ATTR=0 -DFEXCORE_PRESERVE_ALL_ATTR="" -DFEX_HAS_PRESERVE_ALL_ATTR=0 -DFEX_PRESERVE_ALL_ATTR="" -DGLOBAL_DATA_DIRECTORY=\"/usr/local/share/fex-emu/\" -DHAS_PROGRAM_INVOCATION_NAME="" -DINLINE="static inline" -DINLINE_LEVEL=4 -DJIT_ARM64 -DSOFTFLOAT_BUILTIN_CLZ=1 -DSOFTFLOAT_FAST_DIV32TO16=1 -DSOFTFLOAT_FAST_DIV64TO32=1 -DSOFTFLOAT_FAST_INT64=1 -D_LARGEFILE64_SOURCE @CMakeFiles/FEXCore_object.dir/includes_CXX.rsp -DFEX_IOS_HOST -O3 -DNDEBUG -fomit-frame-pointer -std=gnu++20 -flto=thin -fvisibility=hidden -fvisibility-inlines-hidden -Wno-trigraphs -fdiagnostics-color=always -fcolor-diagnostics -Wno-deprecated-enum-enum-conversion -Wall -fno-strict-aliasing -fno-exceptions -mcpu=generic -Werror=cast-qual -Werror=ignored-qualifiers -Werror=implicit-fallthrough -ffunction-sections -fwrapv -MD -MT FEXCore/Source/CMakeFiles/FEXCore_object.dir/Interface/Core/OpcodeDispatcher/X87.cpp.obj -MF CMakeFiles/FEXCore_object.dir/Interface/Core/OpcodeDispatcher/X87.cpp.obj.d -o CMakeFiles/FEXCore_object.dir/Interface/Core/OpcodeDispatcher/X87.cpp.obj -c /Users/runner/work/GTASanAndreas3DS/GTASanAndreas3DS/FEX/FEXCore/Source/Interface/Core/OpcodeDispatcher/X87.cpp
[ 67%] Building CXX object FEXCore/Source/CMakeFiles/FEXCore_object.dir/Interface/Core/OpcodeDispatcher/X87F64.cpp.obj
cd /Users/runner/work/GTASanAndreas3DS/GTASanAndreas3DS/FEX/build-arm64ec/FEXCore/Source && /opt/homebrew/bin/ccache sloppiness=time_macros /Users/runner/work/GTASanAndreas3DS/GTASanAndreas3DS/toolchains/llvm-mingw-20260616-ucrt-macos-universal/bin/arm64ec-w64-mingw32-clang++ -DARCHITECTURE_arm64=1 -DARCHITECTURE_arm64ec=1 -DFEXCORE_HAS_PRESERVE_ALL_ATTR=0 -DFEXCORE_PRESERVE_ALL_ATTR="" -DFEX_HAS_PRESERVE_ALL_ATTR=0 -DFEX_PRESERVE_ALL_ATTR="" -DGLOBAL_DATA_DIRECTORY=\"/usr/local/share/fex-emu/\" -DHAS_PROGRAM_INVOCATION_NAME="" -DINLINE="static inline" -DINLINE_LEVEL=4 -DJIT_ARM64 -DSOFTFLOAT_BUILTIN_CLZ=1 -DSOFTFLOAT_FAST_DIV32TO16=1 -DSOFTFLOAT_FAST_DIV64TO32=1 -DSOFTFLOAT_FAST_INT64=1 -D_LARGEFILE64_SOURCE @CMakeFiles/FEXCore_object.dir/includes_CXX.rsp -DFEX_IOS_HOST -O3 -DNDEBUG -fomit-frame-pointer -std=gnu++20 -flto=thin -fvisibility=hidden -fvisibility-inlines-hidden -Wno-trigraphs -fdiagnostics-color=always -fcolor-diagnostics -Wno-deprecated-enum-enum-conversion -Wall -fno-strict-aliasing -fno-exceptions -mcpu=generic -Werror=cast-qual -Werror=ignored-qualifiers -Werror=implicit-fallthrough -ffunction-sections -fwrapv -MD -MT FEXCore/Source/CMakeFiles/FEXCore_object.dir/Interface/Core/OpcodeDispatcher/X87F64.cpp.obj -MF CMakeFiles/FEXCore_object.dir/Interface/Core/OpcodeDispatcher/X87F64.cpp.obj.d -o CMakeFiles/FEXCore_object.dir/Interface/Core/OpcodeDispatcher/X87F64.cpp.obj -c /Users/runner/work/GTASanAndreas3DS/GTASanAndreas3DS/FEX/FEXCore/Source/Interface/Core/OpcodeDispatcher/X87F64.cpp
[ 67%] Building CXX object FEXCore/Source/CMakeFiles/FEXCore_object.dir/Interface/Core/OpcodeDispatcher.cpp.obj
cd /Users/runner/work/GTASanAndreas3DS/GTASanAndreas3DS/FEX/build-arm64ec/FEXCore/Source && /opt/homebrew/bin/ccache sloppiness=time_macros /Users/runner/work/GTASanAndreas3DS/GTASanAndreas3DS/toolchains/llvm-mingw-20260616-ucrt-macos-universal/bin/arm64ec-w64-mingw32-clang++ -DARCHITECTURE_arm64=1 -DARCHITECTURE_arm64ec=1 -DFEXCORE_HAS_PRESERVE_ALL_ATTR=0 -DFEXCORE_PRESERVE_ALL_ATTR="" -DFEX_HAS_PRESERVE_ALL_ATTR=0 -DFEX_PRESERVE_ALL_ATTR="" -DGLOBAL_DATA_DIRECTORY=\"/usr/local/share/fex-emu/\" -DHAS_PROGRAM_INVOCATION_NAME="" -DINLINE="static inline" -DINLINE_LEVEL=4 -DJIT_ARM64 -DSOFTFLOAT_BUILTIN_CLZ=1 -DSOFTFLOAT_FAST_DIV32TO16=1 -DSOFTFLOAT_FAST_DIV64TO32=1 -DSOFTFLOAT_FAST_INT64=1 -D_LARGEFILE64_SOURCE @CMakeFiles/FEXCore_object.dir/includes_CXX.rsp -DFEX_IOS_HOST -O3 -DNDEBUG -fomit-frame-pointer -std=gnu++20 -flto=thin -fvisibility=hidden -fvisibility-inlines-hidden -Wno-trigraphs -fdiagnostics-color=always -fcolor-diagnostics -Wno-deprecated-enum-enum-conversion -Wall -fno-strict-aliasing -fno-exceptions -mcpu=generic -Werror=cast-qual -Werror=ignored-qualifiers -Werror=implicit-fallthrough -ffunction-sections -fwrapv -MD -MT FEXCore/Source/CMakeFiles/FEXCore_object.dir/Interface/Core/OpcodeDispatcher.cpp.obj -MF CMakeFiles/FEXCore_object.dir/Interface/Core/OpcodeDispatcher.cpp.obj.d -o CMakeFiles/FEXCore_object.dir/Interface/Core/OpcodeDispatcher.cpp.obj -c /Users/runner/work/GTASanAndreas3DS/GTASanAndreas3DS/FEX/FEXCore/Source/Interface/Core/OpcodeDispatcher.cpp
[ 68%] Building CXX object FEXCore/Source/CMakeFiles/FEXCore_object.dir/Interface/Core/ArchHelpers/Arm64Emitter.cpp.obj
cd /Users/runner/work/GTASanAndreas3DS/GTASanAndreas3DS/FEX/build-arm64ec/FEXCore/Source && /opt/homebrew/bin/ccache sloppiness=time_macros /Users/runner/work/GTASanAndreas3DS/GTASanAndreas3DS/toolchains/llvm-mingw-20260616-ucrt-macos-universal/bin/arm64ec-w64-mingw32-clang++ -DARCHITECTURE_arm64=1 -DARCHITECTURE_arm64ec=1 -DFEXCORE_HAS_PRESERVE_ALL_ATTR=0 -DFEXCORE_PRESERVE_ALL_ATTR="" -DFEX_HAS_PRESERVE_ALL_ATTR=0 -DFEX_PRESERVE_ALL_ATTR="" -DGLOBAL_DATA_DIRECTORY=\"/usr/local/share/fex-emu/\" -DHAS_PROGRAM_INVOCATION_NAME="" -DINLINE="static inline" -DINLINE_LEVEL=4 -DJIT_ARM64 -DSOFTFLOAT_BUILTIN_CLZ=1 -DSOFTFLOAT_FAST_DIV32TO16=1 -DSOFTFLOAT_FAST_DIV64TO32=1 -DSOFTFLOAT_FAST_INT64=1 -D_LARGEFILE64_SOURCE @CMakeFiles/FEXCore_object.dir/includes_CXX.rsp -DFEX_IOS_HOST -O3 -DNDEBUG -fomit-frame-pointer -std=gnu++20 -flto=thin -fvisibility=hidden -fvisibility-inlines-hidden -Wno-trigraphs -fdiagnostics-color=always -fcolor-diagnostics -Wno-deprecated-enum-enum-conversion -Wall -fno-strict-aliasing -fno-exceptions -mcpu=generic -Werror=cast-qual -Werror=ignored-qualifiers -Werror=implicit-fallthrough -ffunction-sections -fwrapv -MD -MT FEXCore/Source/CMakeFiles/FEXCore_object.dir/Interface/Core/ArchHelpers/Arm64Emitter.cpp.obj -MF CMakeFiles/FEXCore_object.dir/Interface/Core/ArchHelpers/Arm64Emitter.cpp.obj.d -o CMakeFiles/FEXCore_object.dir/Interface/Core/ArchHelpers/Arm64Emitter.cpp.obj -c /Users/runner/work/GTASanAndreas3DS/GTASanAndreas3DS/FEX/FEXCore/Source/Interface/Core/ArchHelpers/Arm64Emitter.cpp
[ 68%] Building CXX object FEXCore/Source/CMakeFiles/FEXCore_object.dir/Interface/Core/Dispatcher/Dispatcher.cpp.obj
cd /Users/runner/work/GTASanAndreas3DS/GTASanAndreas3DS/FEX/build-arm64ec/FEXCore/Source && /opt/homebrew/bin/ccache sloppiness=time_macros /Users/runner/work/GTASanAndreas3DS/GTASanAndreas3DS/toolchains/llvm-mingw-20260616-ucrt-macos-universal/bin/arm64ec-w64-mingw32-clang++ -DARCHITECTURE_arm64=1 -DARCHITECTURE_arm64ec=1 -DFEXCORE_HAS_PRESERVE_ALL_ATTR=0 -DFEXCORE_PRESERVE_ALL_ATTR="" -DFEX_HAS_PRESERVE_ALL_ATTR=0 -DFEX_PRESERVE_ALL_ATTR="" -DGLOBAL_DATA_DIRECTORY=\"/usr/local/share/fex-emu/\" -DHAS_PROGRAM_INVOCATION_NAME="" -DINLINE="static inline" -DINLINE_LEVEL=4 -DJIT_ARM64 -DSOFTFLOAT_BUILTIN_CLZ=1 -DSOFTFLOAT_FAST_DIV32TO16=1 -DSOFTFLOAT_FAST_DIV64TO32=1 -DSOFTFLOAT_FAST_INT64=1 -D_LARGEFILE64_SOURCE @CMakeFiles/FEXCore_object.dir/includes_CXX.rsp -DFEX_IOS_HOST -O3 -DNDEBUG -fomit-frame-pointer -std=gnu++20 -flto=thin -fvisibility=hidden -fvisibility-inlines-hidden -Wno-trigraphs -fdiagnostics-color=always -fcolor-diagnostics -Wno-deprecated-enum-enum-conversion -Wall -fno-strict-aliasing -fno-exceptions -mcpu=generic -Werror=cast-qual -Werror=ignored-qualifiers -Werror=implicit-fallthrough -ffunction-sections -fwrapv -MD -MT FEXCore/Source/CMakeFiles/FEXCore_object.dir/Interface/Core/Dispatcher/Dispatcher.cpp.obj -MF CMakeFiles/FEXCore_object.dir/Interface/Core/Dispatcher/Dispatcher.cpp.obj.d -o CMakeFiles/FEXCore_object.dir/Interface/Core/Dispatcher/Dispatcher.cpp.obj -c /Users/runner/work/GTASanAndreas3DS/GTASanAndreas3DS/FEX/FEXCore/Source/Interface/Core/Dispatcher/Dispatcher.cpp
[ 69%] Building CXX object FEXCore/Source/CMakeFiles/FEXCore_object.dir/Interface/Core/Interpreter/Fallbacks/InterpreterFallbacks.cpp.obj
cd /Users/runner/work/GTASanAndreas3DS/GTASanAndreas3DS/FEX/build-arm64ec/FEXCore/Source && /opt/homebrew/bin/ccache sloppiness=time_macros /Users/runner/work/GTASanAndreas3DS/GTASanAndreas3DS/toolchains/llvm-mingw-20260616-ucrt-macos-universal/bin/arm64ec-w64-mingw32-clang++ -DARCHITECTURE_arm64=1 -DARCHITECTURE_arm64ec=1 -DFEXCORE_HAS_PRESERVE_ALL_ATTR=0 -DFEXCORE_PRESERVE_ALL_ATTR="" -DFEX_HAS_PRESERVE_ALL_ATTR=0 -DFEX_PRESERVE_ALL_ATTR="" -DGLOBAL_DATA_DIRECTORY=\"/usr/local/share/fex-emu/\" -DHAS_PROGRAM_INVOCATION_NAME="" -DINLINE="static inline" -DINLINE_LEVEL=4 -DJIT_ARM64 -DSOFTFLOAT_BUILTIN_CLZ=1 -DSOFTFLOAT_FAST_DIV32TO16=1 -DSOFTFLOAT_FAST_DIV64TO32=1 -DSOFTFLOAT_FAST_INT64=1 -D_LARGEFILE64_SOURCE @CMakeFiles/FEXCore_object.dir/includes_CXX.rsp -DFEX_IOS_HOST -O3 -DNDEBUG -fomit-frame-pointer -std=gnu++20 -flto=thin -fvisibility=hidden -fvisibility-inlines-hidden -Wno-trigraphs -fdiagnostics-color=always -fcolor-diagnostics -Wno-deprecated-enum-enum-conversion -Wall -fno-strict-aliasing -fno-exceptions -mcpu=generic -Werror=cast-qual -Werror=ignored-qualifiers -Werror=implicit-fallthrough -ffunction-sections -fwrapv -MD -MT FEXCore/Source/CMakeFiles/FEXCore_object.dir/Interface/Core/Interpreter/Fallbacks/InterpreterFallbacks.cpp.obj -MF CMakeFiles/FEXCore_object.dir/Interface/Core/Interpreter/Fallbacks/InterpreterFallbacks.cpp.obj.d -o CMakeFiles/FEXCore_object.dir/Interface/Core/Interpreter/Fallbacks/InterpreterFallbacks.cpp.obj -c /Users/runner/work/GTASanAndreas3DS/GTASanAndreas3DS/FEX/FEXCore/Source/Interface/Core/Interpreter/Fallbacks/InterpreterFallbacks.cpp
[ 69%] Building CXX object FEXCore/Source/CMakeFiles/FEXCore_object.dir/Interface/Core/Interpreter/Fallbacks/StringCompareFallbacks.cpp.obj
cd /Users/runner/work/GTASanAndreas3DS/GTASanAndreas3DS/FEX/build-arm64ec/FEXCore/Source && /opt/homebrew/bin/ccache sloppiness=time_macros /Users/runner/work/GTASanAndreas3DS/GTASanAndreas3DS/toolchains/llvm-mingw-20260616-ucrt-macos-universal/bin/arm64ec-w64-mingw32-clang++ -DARCHITECTURE_arm64=1 -DARCHITECTURE_arm64ec=1 -DFEXCORE_HAS_PRESERVE_ALL_ATTR=0 -DFEXCORE_PRESERVE_ALL_ATTR="" -DFEX_HAS_PRESERVE_ALL_ATTR=0 -DFEX_PRESERVE_ALL_ATTR="" -DGLOBAL_DATA_DIRECTORY=\"/usr/local/share/fex-emu/\" -DHAS_PROGRAM_INVOCATION_NAME="" -DINLINE="static inline" -DINLINE_LEVEL=4 -DJIT_ARM64 -DSOFTFLOAT_BUILTIN_CLZ=1 -DSOFTFLOAT_FAST_DIV32TO16=1 -DSOFTFLOAT_FAST_DIV64TO32=1 -DSOFTFLOAT_FAST_INT64=1 -D_LARGEFILE64_SOURCE @CMakeFiles/FEXCore_object.dir/includes_CXX.rsp -DFEX_IOS_HOST -O3 -DNDEBUG -fomit-frame-pointer -std=gnu++20 -flto=thin -fvisibility=hidden -fvisibility-inlines-hidden -Wno-trigraphs -fdiagnostics-color=always -fcolor-diagnostics -Wno-deprecated-enum-enum-conversion -Wall -fno-strict-aliasing -fno-exceptions -mcpu=generic -Werror=cast-qual -Werror=ignored-qualifiers -Werror=implicit-fallthrough -ffunction-sections -fwrapv -MD -MT FEXCore/Source/CMakeFiles/FEXCore_object.dir/Interface/Core/Interpreter/Fallbacks/StringCompareFallbacks.cpp.obj -MF CMakeFiles/FEXCore_object.dir/Interface/Core/Interpreter/Fallbacks/StringCompareFallbacks.cpp.obj.d -o CMakeFiles/FEXCore_object.dir/Interface/Core/Interpreter/Fallbacks/StringCompareFallbacks.cpp.obj -c /Users/runner/work/GTASanAndreas3DS/GTASanAndreas3DS/FEX/FEXCore/Source/Interface/Core/Interpreter/Fallbacks/StringCompareFallbacks.cpp
[ 70%] Building CXX object FEXCore/Source/CMakeFiles/FEXCore_object.dir/Interface/Core/JIT/JIT.cpp.obj
cd /Users/runner/work/GTASanAndreas3DS/GTASanAndreas3DS/FEX/build-arm64ec/FEXCore/Source && /opt/homebrew/bin/ccache sloppiness=time_macros /Users/runner/work/GTASanAndreas3DS/GTASanAndreas3DS/toolchains/llvm-mingw-20260616-ucrt-macos-universal/bin/arm64ec-w64-mingw32-clang++ -DARCHITECTURE_arm64=1 -DARCHITECTURE_arm64ec=1 -DFEXCORE_HAS_PRESERVE_ALL_ATTR=0 -DFEXCORE_PRESERVE_ALL_ATTR="" -DFEX_HAS_PRESERVE_ALL_ATTR=0 -DFEX_PRESERVE_ALL_ATTR="" -DGLOBAL_DATA_DIRECTORY=\"/usr/local/share/fex-emu/\" -DHAS_PROGRAM_INVOCATION_NAME="" -DINLINE="static inline" -DINLINE_LEVEL=4 -DJIT_ARM64 -DSOFTFLOAT_BUILTIN_CLZ=1 -DSOFTFLOAT_FAST_DIV32TO16=1 -DSOFTFLOAT_FAST_DIV64TO32=1 -DSOFTFLOAT_FAST_INT64=1 -D_LARGEFILE64_SOURCE @CMakeFiles/FEXCore_object.dir/includes_CXX.rsp -DFEX_IOS_HOST -O3 -DNDEBUG -fomit-frame-pointer -std=gnu++20 -flto=thin -fvisibility=hidden -fvisibility-inlines-hidden -Wno-trigraphs -fdiagnostics-color=always -fcolor-diagnostics -Wno-deprecated-enum-enum-conversion -Wall -fno-strict-aliasing -fno-exceptions -mcpu=generic -Werror=cast-qual -Werror=ignored-qualifiers -Werror=implicit-fallthrough -ffunction-sections -fwrapv -MD -MT FEXCore/Source/CMakeFiles/FEXCore_object.dir/Interface/Core/JIT/JIT.cpp.obj -MF CMakeFiles/FEXCore_object.dir/Interface/Core/JIT/JIT.cpp.obj.d -o CMakeFiles/FEXCore_object.dir/Interface/Core/JIT/JIT.cpp.obj -c /Users/runner/work/GTASanAndreas3DS/GTASanAndreas3DS/FEX/FEXCore/Source/Interface/Core/JIT/JIT.cpp
[1m/Users/runner/work/GTASanAndreas3DS/GTASanAndreas3DS/FEX/FEXCore/Source/Interface/Core/JIT/JIT.cpp:1110:11: [0m[0;1;35mwarning: [0m[1mvariable 'OpIdx' set but not used [-Wunused-but-set-variable][0m
 1110 |       [0;34mint[0m OpIdx = [0;32m0[0m;[0m
      | [0;1;32m          ^
[0m1 warning generated.
[ 70%] Building CXX object FEXCore/Source/CMakeFiles/FEXCore_object.dir/Interface/Core/JIT/ALUOps.cpp.obj
cd /Users/runner/work/GTASanAndreas3DS/GTASanAndreas3DS/FEX/build-arm64ec/FEXCore/Source && /opt/homebrew/bin/ccache sloppiness=time_macros /Users/runner/work/GTASanAndreas3DS/GTASanAndreas3DS/toolchains/llvm-mingw-20260616-ucrt-macos-universal/bin/arm64ec-w64-mingw32-clang++ -DARCHITECTURE_arm64=1 -DARCHITECTURE_arm64ec=1 -DFEXCORE_HAS_PRESERVE_ALL_ATTR=0 -DFEXCORE_PRESERVE_ALL_ATTR="" -DFEX_HAS_PRESERVE_ALL_ATTR=0 -DFEX_PRESERVE_ALL_ATTR="" -DGLOBAL_DATA_DIRECTORY=\"/usr/local/share/fex-emu/\" -DHAS_PROGRAM_INVOCATION_NAME="" -DINLINE="static inline" -DINLINE_LEVEL=4 -DJIT_ARM64 -DSOFTFLOAT_BUILTIN_CLZ=1 -DSOFTFLOAT_FAST_DIV32TO16=1 -DSOFTFLOAT_FAST_DIV64TO32=1 -DSOFTFLOAT_FAST_INT64=1 -D_LARGEFILE64_SOURCE @CMakeFiles/FEXCore_object.dir/includes_CXX.rsp -DFEX_IOS_HOST -O3 -DNDEBUG -fomit-frame-pointer -std=gnu++20 -flto=thin -fvisibility=hidden -fvisibility-inlines-hidden -Wno-trigraphs -fdiagnostics-color=always -fcolor-diagnostics -Wno-deprecated-enum-enum-conversion -Wall -fno-strict-aliasing -fno-exceptions -mcpu=generic -Werror=cast-qual -Werror=ignored-qualifiers -Werror=implicit-fallthrough -ffunction-sections -fwrapv -MD -MT FEXCore/Source/CMakeFiles/FEXCore_object.dir/Interface/Core/JIT/ALUOps.cpp.obj -MF CMakeFiles/FEXCore_object.dir/Interface/Core/JIT/ALUOps.cpp.obj.d -o CMakeFiles/FEXCore_object.dir/Interface/Core/JIT/ALUOps.cpp.obj -c /Users/runner/work/GTASanAndreas3DS/GTASanAndreas3DS/FEX/FEXCore/Source/Interface/Core/JIT/ALUOps.cpp
[ 71%] Building CXX object FEXCore/Source/CMakeFiles/FEXCore_object.dir/Interface/Core/JIT/AtomicOps.cpp.obj
cd /Users/runner/work/GTASanAndreas3DS/GTASanAndreas3DS/FEX/build-arm64ec/FEXCore/Source && /opt/homebrew/bin/ccache sloppiness=time_macros /Users/runner/work/GTASanAndreas3DS/GTASanAndreas3DS/toolchains/llvm-mingw-20260616-ucrt-macos-universal/bin/arm64ec-w64-mingw32-clang++ -DARCHITECTURE_arm64=1 -DARCHITECTURE_arm64ec=1 -DFEXCORE_HAS_PRESERVE_ALL_ATTR=0 -DFEXCORE_PRESERVE_ALL_ATTR="" -DFEX_HAS_PRESERVE_ALL_ATTR=0 -DFEX_PRESERVE_ALL_ATTR="" -DGLOBAL_DATA_DIRECTORY=\"/usr/local/share/fex-emu/\" -DHAS_PROGRAM_INVOCATION_NAME="" -DINLINE="static inline" -DINLINE_LEVEL=4 -DJIT_ARM64 -DSOFTFLOAT_BUILTIN_CLZ=1 -DSOFTFLOAT_FAST_DIV32TO16=1 -DSOFTFLOAT_FAST_DIV64TO32=1 -DSOFTFLOAT_FAST_INT64=1 -D_LARGEFILE64_SOURCE @CMakeFiles/FEXCore_object.dir/includes_CXX.rsp -DFEX_IOS_HOST -O3 -DNDEBUG -fomit-frame-pointer -std=gnu++20 -flto=thin -fvisibility=hidden -fvisibility-inlines-hidden -Wno-trigraphs -fdiagnostics-color=always -fcolor-diagnostics -Wno-deprecated-enum-enum-conversion -Wall -fno-strict-aliasing -fno-exceptions -mcpu=generic -Werror=cast-qual -Werror=ignored-qualifiers -Werror=implicit-fallthrough -ffunction-sections -fwrapv -MD -MT FEXCore/Source/CMakeFiles/FEXCore_object.dir/Interface/Core/JIT/AtomicOps.cpp.obj -MF CMakeFiles/FEXCore_object.dir/Interface/Core/JIT/AtomicOps.cpp.obj.d -o CMakeFiles/FEXCore_object.dir/Interface/Core/JIT/AtomicOps.cpp.obj -c /Users/runner/work/GTASanAndreas3DS/GTASanAndreas3DS/FEX/FEXCore/Source/Interface/Core/JIT/AtomicOps.cpp
[ 71%] Building CXX object FEXCore/Source/CMakeFiles/FEXCore_object.dir/Interface/Core/JIT/BranchOps.cpp.obj
cd /Users/runner/work/GTASanAndreas3DS/GTASanAndreas3DS/FEX/build-arm64ec/FEXCore/Source && /opt/homebrew/bin/ccache sloppiness=time_macros /Users/runner/work/GTASanAndreas3DS/GTASanAndreas3DS/toolchains/llvm-mingw-20260616-ucrt-macos-universal/bin/arm64ec-w64-mingw32-clang++ -DARCHITECTURE_arm64=1 -DARCHITECTURE_arm64ec=1 -DFEXCORE_HAS_PRESERVE_ALL_ATTR=0 -DFEXCORE_PRESERVE_ALL_ATTR="" -DFEX_HAS_PRESERVE_ALL_ATTR=0 -DFEX_PRESERVE_ALL_ATTR="" -DGLOBAL_DATA_DIRECTORY=\"/usr/local/share/fex-emu/\" -DHAS_PROGRAM_INVOCATION_NAME="" -DINLINE="static inline" -DINLINE_LEVEL=4 -DJIT_ARM64 -DSOFTFLOAT_BUILTIN_CLZ=1 -DSOFTFLOAT_FAST_DIV32TO16=1 -DSOFTFLOAT_FAST_DIV64TO32=1 -DSOFTFLOAT_FAST_INT64=1 -D_LARGEFILE64_SOURCE @CMakeFiles/FEXCore_object.dir/includes_CXX.rsp -DFEX_IOS_HOST -O3 -DNDEBUG -fomit-frame-pointer -std=gnu++20 -flto=thin -fvisibility=hidden -fvisibility-inlines-hidden -Wno-trigraphs -fdiagnostics-color=always -fcolor-diagnostics -Wno-deprecated-enum-enum-conversion -Wall -fno-strict-aliasing -fno-exceptions -mcpu=generic -Werror=cast-qual -Werror=ignored-qualifiers -Werror=implicit-fallthrough -ffunction-sections -fwrapv -MD -MT FEXCore/Source/CMakeFiles/FEXCore_object.dir/Interface/Core/JIT/BranchOps.cpp.obj -MF CMakeFiles/FEXCore_object.dir/Interface/Core/JIT/BranchOps.cpp.obj.d -o CMakeFiles/FEXCore_object.dir/Interface/Core/JIT/BranchOps.cpp.obj -c /Users/runner/work/GTASanAndreas3DS/GTASanAndreas3DS/FEX/FEXCore/Source/Interface/Core/JIT/BranchOps.cpp
[ 72%] Building CXX object FEXCore/Source/CMakeFiles/FEXCore_object.dir/Interface/Core/JIT/ConversionOps.cpp.obj
cd /Users/runner/work/GTASanAndreas3DS/GTASanAndreas3DS/FEX/build-arm64ec/FEXCore/Source && /opt/homebrew/bin/ccache sloppiness=time_macros /Users/runner/work/GTASanAndreas3DS/GTASanAndreas3DS/toolchains/llvm-mingw-20260616-ucrt-macos-universal/bin/arm64ec-w64-mingw32-clang++ -DARCHITECTURE_arm64=1 -DARCHITECTURE_arm64ec=1 -DFEXCORE_HAS_PRESERVE_ALL_ATTR=0 -DFEXCORE_PRESERVE_ALL_ATTR="" -DFEX_HAS_PRESERVE_ALL_ATTR=0 -DFEX_PRESERVE_ALL_ATTR="" -DGLOBAL_DATA_DIRECTORY=\"/usr/local/share/fex-emu/\" -DHAS_PROGRAM_INVOCATION_NAME="" -DINLINE="static inline" -DINLINE_LEVEL=4 -DJIT_ARM64 -DSOFTFLOAT_BUILTIN_CLZ=1 -DSOFTFLOAT_FAST_DIV32TO16=1 -DSOFTFLOAT_FAST_DIV64TO32=1 -DSOFTFLOAT_FAST_INT64=1 -D_LARGEFILE64_SOURCE @CMakeFiles/FEXCore_object.dir/includes_CXX.rsp -DFEX_IOS_HOST -O3 -DNDEBUG -fomit-frame-pointer -std=gnu++20 -flto=thin -fvisibility=hidden -fvisibility-inlines-hidden -Wno-trigraphs -fdiagnostics-color=always -fcolor-diagnostics -Wno-deprecated-enum-enum-conversion -Wall -fno-strict-aliasing -fno-exceptions -mcpu=generic -Werror=cast-qual -Werror=ignored-qualifiers -Werror=implicit-fallthrough -ffunction-sections -fwrapv -MD -MT FEXCore/Source/CMakeFiles/FEXCore_object.dir/Interface/Core/JIT/ConversionOps.cpp.obj -MF CMakeFiles/FEXCore_object.dir/Interface/Core/JIT/ConversionOps.cpp.obj.d -o CMakeFiles/FEXCore_object.dir/Interface/Core/JIT/ConversionOps.cpp.obj -c /Users/runner/work/GTASanAndreas3DS/GTASanAndreas3DS/FEX/FEXCore/Source/Interface/Core/JIT/ConversionOps.cpp
[ 72%] Building CXX object FEXCore/Source/CMakeFiles/FEXCore_object.dir/Interface/Core/JIT/EncryptionOps.cpp.obj
cd /Users/runner/work/GTASanAndreas3DS/GTASanAndreas3DS/FEX/build-arm64ec/FEXCore/Source && /opt/homebrew/bin/ccache sloppiness=time_macros /Users/runner/work/GTASanAndreas3DS/GTASanAndreas3DS/toolchains/llvm-mingw-20260616-ucrt-macos-universal/bin/arm64ec-w64-mingw32-clang++ -DARCHITECTURE_arm64=1 -DARCHITECTURE_arm64ec=1 -DFEXCORE_HAS_PRESERVE_ALL_ATTR=0 -DFEXCORE_PRESERVE_ALL_ATTR="" -DFEX_HAS_PRESERVE_ALL_ATTR=0 -DFEX_PRESERVE_ALL_ATTR="" -DGLOBAL_DATA_DIRECTORY=\"/usr/local/share/fex-emu/\" -DHAS_PROGRAM_INVOCATION_NAME="" -DINLINE="static inline" -DINLINE_LEVEL=4 -DJIT_ARM64 -DSOFTFLOAT_BUILTIN_CLZ=1 -DSOFTFLOAT_FAST_DIV32TO16=1 -DSOFTFLOAT_FAST_DIV64TO32=1 -DSOFTFLOAT_FAST_INT64=1 -D_LARGEFILE64_SOURCE @CMakeFiles/FEXCore_object.dir/includes_CXX.rsp -DFEX_IOS_HOST -O3 -DNDEBUG -fomit-frame-pointer -std=gnu++20 -flto=thin -fvisibility=hidden -fvisibility-inlines-hidden -Wno-trigraphs -fdiagnostics-color=always -fcolor-diagnostics -Wno-deprecated-enum-enum-conversion -Wall -fno-strict-aliasing -fno-exceptions -mcpu=generic -Werror=cast-qual -Werror=ignored-qualifiers -Werror=implicit-fallthrough -ffunction-sections -fwrapv -MD -MT FEXCore/Source/CMakeFiles/FEXCore_object.dir/Interface/Core/JIT/EncryptionOps.cpp.obj -MF CMakeFiles/FEXCore_object.dir/Interface/Core/JIT/EncryptionOps.cpp.obj.d -o CMakeFiles/FEXCore_object.dir/Interface/Core/JIT/EncryptionOps.cpp.obj -c /Users/runner/work/GTASanAndreas3DS/GTASanAndreas3DS/FEX/FEXCore/Source/Interface/Core/JIT/EncryptionOps.cpp
[ 73%] Building CXX object FEXCore/Source/CMakeFiles/FEXCore_object.dir/Interface/Core/JIT/MemoryOps.cpp.obj
cd /Users/runner/work/GTASanAndreas3DS/GTASanAndreas3DS/FEX/build-arm64ec/FEXCore/Source && /opt/homebrew/bin/ccache sloppiness=time_macros /Users/runner/work/GTASanAndreas3DS/GTASanAndreas3DS/toolchains/llvm-mingw-20260616-ucrt-macos-universal/bin/arm64ec-w64-mingw32-clang++ -DARCHITECTURE_arm64=1 -DARCHITECTURE_arm64ec=1 -DFEXCORE_HAS_PRESERVE_ALL_ATTR=0 -DFEXCORE_PRESERVE_ALL_ATTR="" -DFEX_HAS_PRESERVE_ALL_ATTR=0 -DFEX_PRESERVE_ALL_ATTR="" -DGLOBAL_DATA_DIRECTORY=\"/usr/local/share/fex-emu/\" -DHAS_PROGRAM_INVOCATION_NAME="" -DINLINE="static inline" -DINLINE_LEVEL=4 -DJIT_ARM64 -DSOFTFLOAT_BUILTIN_CLZ=1 -DSOFTFLOAT_FAST_DIV32TO16=1 -DSOFTFLOAT_FAST_DIV64TO32=1 -DSOFTFLOAT_FAST_INT64=1 -D_LARGEFILE64_SOURCE @CMakeFiles/FEXCore_object.dir/includes_CXX.rsp -DFEX_IOS_HOST -O3 -DNDEBUG -fomit-frame-pointer -std=gnu++20 -flto=thin -fvisibility=hidden -fvisibility-inlines-hidden -Wno-trigraphs -fdiagnostics-color=always -fcolor-diagnostics -Wno-deprecated-enum-enum-conversion -Wall -fno-strict-aliasing -fno-exceptions -mcpu=generic -Werror=cast-qual -Werror=ignored-qualifiers -Werror=implicit-fallthrough -ffunction-sections -fwrapv -MD -MT FEXCore/Source/CMakeFiles/FEXCore_object.dir/Interface/Core/JIT/MemoryOps.cpp.obj -MF CMakeFiles/FEXCore_object.dir/Interface/Core/JIT/MemoryOps.cpp.obj.d -o CMakeFiles/FEXCore_object.dir/Interface/Core/JIT/MemoryOps.cpp.obj -c /Users/runner/work/GTASanAndreas3DS/GTASanAndreas3DS/FEX/FEXCore/Source/Interface/Core/JIT/MemoryOps.cpp
[ 73%] Building CXX object FEXCore/Source/CMakeFiles/FEXCore_object.dir/Interface/Core/JIT/MiscOps.cpp.obj
cd /Users/runner/work/GTASanAndreas3DS/GTASanAndreas3DS/FEX/build-arm64ec/FEXCore/Source && /opt/homebrew/bin/ccache sloppiness=time_macros /Users/runner/work/GTASanAndreas3DS/GTASanAndreas3DS/toolchains/llvm-mingw-20260616-ucrt-macos-universal/bin/arm64ec-w64-mingw32-clang++ -DARCHITECTURE_arm64=1 -DARCHITECTURE_arm64ec=1 -DFEXCORE_HAS_PRESERVE_ALL_ATTR=0 -DFEXCORE_PRESERVE_ALL_ATTR="" -DFEX_HAS_PRESERVE_ALL_ATTR=0 -DFEX_PRESERVE_ALL_ATTR="" -DGLOBAL_DATA_DIRECTORY=\"/usr/local/share/fex-emu/\" -DHAS_PROGRAM_INVOCATION_NAME="" -DINLINE="static inline" -DINLINE_LEVEL=4 -DJIT_ARM64 -DSOFTFLOAT_BUILTIN_CLZ=1 -DSOFTFLOAT_FAST_DIV32TO16=1 -DSOFTFLOAT_FAST_DIV64TO32=1 -DSOFTFLOAT_FAST_INT64=1 -D_LARGEFILE64_SOURCE @CMakeFiles/FEXCore_object.dir/includes_CXX.rsp -DFEX_IOS_HOST -O3 -DNDEBUG -fomit-frame-pointer -std=gnu++20 -flto=thin -fvisibility=hidden -fvisibility-inlines-hidden -Wno-trigraphs -fdiagnostics-color=always -fcolor-diagnostics -Wno-deprecated-enum-enum-conversion -Wall -fno-strict-aliasing -fno-exceptions -mcpu=generic -Werror=cast-qual -Werror=ignored-qualifiers -Werror=implicit-fallthrough -ffunction-sections -fwrapv -MD -MT FEXCore/Source/CMakeFiles/FEXCore_object.dir/Interface/Core/JIT/MiscOps.cpp.obj -MF CMakeFiles/FEXCore_object.dir/Interface/Core/JIT/MiscOps.cpp.obj.d -o CMakeFiles/FEXCore_object.dir/Interface/Core/JIT/MiscOps.cpp.obj -c /Users/runner/work/GTASanAndreas3DS/GTASanAndreas3DS/FEX/FEXCore/Source/Interface/Core/JIT/MiscOps.cpp
[ 74%] Building CXX object FEXCore/Source/CMakeFiles/FEXCore_object.dir/Interface/Core/JIT/MoveOps.cpp.obj
cd /Users/runner/work/GTASanAndreas3DS/GTASanAndreas3DS/FEX/build-arm64ec/FEXCore/Source && /opt/homebrew/bin/ccache sloppiness=time_macros /Users/runner/work/GTASanAndreas3DS/GTASanAndreas3DS/toolchains/llvm-mingw-20260616-ucrt-macos-universal/bin/arm64ec-w64-mingw32-clang++ -DARCHITECTURE_arm64=1 -DARCHITECTURE_arm64ec=1 -DFEXCORE_HAS_PRESERVE_ALL_ATTR=0 -DFEXCORE_PRESERVE_ALL_ATTR="" -DFEX_HAS_PRESERVE_ALL_ATTR=0 -DFEX_PRESERVE_ALL_ATTR="" -DGLOBAL_DATA_DIRECTORY=\"/usr/local/share/fex-emu/\" -DHAS_PROGRAM_INVOCATION_NAME="" -DINLINE="static inline" -DINLINE_LEVEL=4 -DJIT_ARM64 -DSOFTFLOAT_BUILTIN_CLZ=1 -DSOFTFLOAT_FAST_DIV32TO16=1 -DSOFTFLOAT_FAST_DIV64TO32=1 -DSOFTFLOAT_FAST_INT64=1 -D_LARGEFILE64_SOURCE @CMakeFiles/FEXCore_object.dir/includes_CXX.rsp -DFEX_IOS_HOST -O3 -DNDEBUG -fomit-frame-pointer -std=gnu++20 -flto=thin -fvisibility=hidden -fvisibility-inlines-hidden -Wno-trigraphs -fdiagnostics-color=always -fcolor-diagnostics -Wno-deprecated-enum-enum-conversion -Wall -fno-strict-aliasing -fno-exceptions -mcpu=generic -Werror=cast-qual -Werror=ignored-qualifiers -Werror=implicit-fallthrough -ffunction-sections -fwrapv -MD -MT FEXCore/Source/CMakeFiles/FEXCore_object.dir/Interface/Core/JIT/MoveOps.cpp.obj -MF CMakeFiles/FEXCore_object.dir/Interface/Core/JIT/MoveOps.cpp.obj.d -o CMakeFiles/FEXCore_object.dir/Interface/Core/JIT/MoveOps.cpp.obj -c /Users/runner/work/GTASanAndreas3DS/GTASanAndreas3DS/FEX/FEXCore/Source/Interface/Core/JIT/MoveOps.cpp
[ 74%] Building CXX object FEXCore/Source/CMakeFiles/FEXCore_object.dir/Interface/Core/JIT/VectorOps.cpp.obj
cd /Users/runner/work/GTASanAndreas3DS/GTASanAndreas3DS/FEX/build-arm64ec/FEXCore/Source && /opt/homebrew/bin/ccache sloppiness=time_macros /Users/runner/work/GTASanAndreas3DS/GTASanAndreas3DS/toolchains/llvm-mingw-20260616-ucrt-macos-universal/bin/arm64ec-w64-mingw32-clang++ -DARCHITECTURE_arm64=1 -DARCHITECTURE_arm64ec=1 -DFEXCORE_HAS_PRESERVE_ALL_ATTR=0 -DFEXCORE_PRESERVE_ALL_ATTR="" -DFEX_HAS_PRESERVE_ALL_ATTR=0 -DFEX_PRESERVE_ALL_ATTR="" -DGLOBAL_DATA_DIRECTORY=\"/usr/local/share/fex-emu/\" -DHAS_PROGRAM_INVOCATION_NAME="" -DINLINE="static inline" -DINLINE_LEVEL=4 -DJIT_ARM64 -DSOFTFLOAT_BUILTIN_CLZ=1 -DSOFTFLOAT_FAST_DIV32TO16=1 -DSOFTFLOAT_FAST_DIV64TO32=1 -DSOFTFLOAT_FAST_INT64=1 -D_LARGEFILE64_SOURCE @CMakeFiles/FEXCore_object.dir/includes_CXX.rsp -DFEX_IOS_HOST -O3 -DNDEBUG -fomit-frame-pointer -std=gnu++20 -flto=thin -fvisibility=hidden -fvisibility-inlines-hidden -Wno-trigraphs -fdiagnostics-color=always -fcolor-diagnostics -Wno-deprecated-enum-enum-conversion -Wall -fno-strict-aliasing -fno-exceptions -mcpu=generic -Werror=cast-qual -Werror=ignored-qualifiers -Werror=implicit-fallthrough -ffunction-sections -fwrapv -MD -MT FEXCore/Source/CMakeFiles/FEXCore_object.dir/Interface/Core/JIT/VectorOps.cpp.obj -MF CMakeFiles/FEXCore_object.dir/Interface/Core/JIT/VectorOps.cpp.obj.d -o CMakeFiles/FEXCore_object.dir/Interface/Core/JIT/VectorOps.cpp.obj -c /Users/runner/work/GTASanAndreas3DS/GTASanAndreas3DS/FEX/FEXCore/Source/Interface/Core/JIT/VectorOps.cpp
[ 75%] Building CXX object FEXCore/Source/CMakeFiles/FEXCore_object.dir/Interface/Core/JIT/Arm64Relocations.cpp.obj
cd /Users/runner/work/GTASanAndreas3DS/GTASanAndreas3DS/FEX/build-arm64ec/FEXCore/Source && /opt/homebrew/bin/ccache sloppiness=time_macros /Users/runner/work/GTASanAndreas3DS/GTASanAndreas3DS/toolchains/llvm-mingw-20260616-ucrt-macos-universal/bin/arm64ec-w64-mingw32-clang++ -DARCHITECTURE_arm64=1 -DARCHITECTURE_arm64ec=1 -DFEXCORE_HAS_PRESERVE_ALL_ATTR=0 -DFEXCORE_PRESERVE_ALL_ATTR="" -DFEX_HAS_PRESERVE_ALL_ATTR=0 -DFEX_PRESERVE_ALL_ATTR="" -DGLOBAL_DATA_DIRECTORY=\"/usr/local/share/fex-emu/\" -DHAS_PROGRAM_INVOCATION_NAME="" -DINLINE="static inline" -DINLINE_LEVEL=4 -DJIT_ARM64 -DSOFTFLOAT_BUILTIN_CLZ=1 -DSOFTFLOAT_FAST_DIV32TO16=1 -DSOFTFLOAT_FAST_DIV64TO32=1 -DSOFTFLOAT_FAST_INT64=1 -D_LARGEFILE64_SOURCE @CMakeFiles/FEXCore_object.dir/includes_CXX.rsp -DFEX_IOS_HOST -O3 -DNDEBUG -fomit-frame-pointer -std=gnu++20 -flto=thin -fvisibility=hidden -fvisibility-inlines-hidden -Wno-trigraphs -fdiagnostics-color=always -fcolor-diagnostics -Wno-deprecated-enum-enum-conversion -Wall -fno-strict-aliasing -fno-exceptions -mcpu=generic -Werror=cast-qual -Werror=ignored-qualifiers -Werror=implicit-fallthrough -ffunction-sections -fwrapv -MD -MT FEXCore/Source/CMakeFiles/FEXCore_object.dir/Interface/Core/JIT/Arm64Relocations.cpp.obj -MF CMakeFiles/FEXCore_object.dir/Interface/Core/JIT/Arm64Relocations.cpp.obj.d -o CMakeFiles/FEXCore_object.dir/Interface/Core/JIT/Arm64Relocations.cpp.obj -c /Users/runner/work/GTASanAndreas3DS/GTASanAndreas3DS/FEX/FEXCore/Source/Interface/Core/JIT/Arm64Relocations.cpp
[ 75%] Building CXX object FEXCore/Source/CMakeFiles/FEXCore_object.dir/Interface/Core/X86Tables/BaseTables.cpp.obj
cd /Users/runner/work/GTASanAndreas3DS/GTASanAndreas3DS/FEX/build-arm64ec/FEXCore/Source && /opt/homebrew/bin/ccache sloppiness=time_macros /Users/runner/work/GTASanAndreas3DS/GTASanAndreas3DS/toolchains/llvm-mingw-20260616-ucrt-macos-universal/bin/arm64ec-w64-mingw32-clang++ -DARCHITECTURE_arm64=1 -DARCHITECTURE_arm64ec=1 -DFEXCORE_HAS_PRESERVE_ALL_ATTR=0 -DFEXCORE_PRESERVE_ALL_ATTR="" -DFEX_HAS_PRESERVE_ALL_ATTR=0 -DFEX_PRESERVE_ALL_ATTR="" -DGLOBAL_DATA_DIRECTORY=\"/usr/local/share/fex-emu/\" -DHAS_PROGRAM_INVOCATION_NAME="" -DINLINE="static inline" -DINLINE_LEVEL=4 -DJIT_ARM64 -DSOFTFLOAT_BUILTIN_CLZ=1 -DSOFTFLOAT_FAST_DIV32TO16=1 -DSOFTFLOAT_FAST_DIV64TO32=1 -DSOFTFLOAT_FAST_INT64=1 -D_LARGEFILE64_SOURCE @CMakeFiles/FEXCore_object.dir/includes_CXX.rsp -DFEX_IOS_HOST -O3 -DNDEBUG -fomit-frame-pointer -std=gnu++20 -flto=thin -fvisibility=hidden -fvisibility-inlines-hidden -Wno-trigraphs -fdiagnostics-color=always -fcolor-diagnostics -Wno-deprecated-enum-enum-conversion -Wall -fno-strict-aliasing -fno-exceptions -mcpu=generic -Werror=cast-qual -Werror=ignored-qualifiers -Werror=implicit-fallthrough -ffunction-sections -fwrapv -MD -MT FEXCore/Source/CMakeFiles/FEXCore_object.dir/Interface/Core/X86Tables/BaseTables.cpp.obj -MF CMakeFiles/FEXCore_object.dir/Interface/Core/X86Tables/BaseTables.cpp.obj.d -o CMakeFiles/FEXCore_object.dir/Interface/Core/X86Tables/BaseTables.cpp.obj -c /Users/runner/work/GTASanAndreas3DS/GTASanAndreas3DS/FEX/FEXCore/Source/Interface/Core/X86Tables/BaseTables.cpp
[ 75%] Building CXX object FEXCore/Source/CMakeFiles/FEXCore_object.dir/Interface/Core/X86Tables/DDDTables.cpp.obj
cd /Users/runner/work/GTASanAndreas3DS/GTASanAndreas3DS/FEX/build-arm64ec/FEXCore/Source && /opt/homebrew/bin/ccache sloppiness=time_macros /Users/runner/work/GTASanAndreas3DS/GTASanAndreas3DS/toolchains/llvm-mingw-20260616-ucrt-macos-universal/bin/arm64ec-w64-mingw32-clang++ -DARCHITECTURE_arm64=1 -DARCHITECTURE_arm64ec=1 -DFEXCORE_HAS_PRESERVE_ALL_ATTR=0 -DFEXCORE_PRESERVE_ALL_ATTR="" -DFEX_HAS_PRESERVE_ALL_ATTR=0 -DFEX_PRESERVE_ALL_ATTR="" -DGLOBAL_DATA_DIRECTORY=\"/usr/local/share/fex-emu/\" -DHAS_PROGRAM_INVOCATION_NAME="" -DINLINE="static inline" -DINLINE_LEVEL=4 -DJIT_ARM64 -DSOFTFLOAT_BUILTIN_CLZ=1 -DSOFTFLOAT_FAST_DIV32TO16=1 -DSOFTFLOAT_FAST_DIV64TO32=1 -DSOFTFLOAT_FAST_INT64=1 -D_LARGEFILE64_SOURCE @CMakeFiles/FEXCore_object.dir/includes_CXX.rsp -DFEX_IOS_HOST -O3 -DNDEBUG -fomit-frame-pointer -std=gnu++20 -flto=thin -fvisibility=hidden -fvisibility-inlines-hidden -Wno-trigraphs -fdiagnostics-color=always -fcolor-diagnostics -Wno-deprecated-enum-enum-conversion -Wall -fno-strict-aliasing -fno-exceptions -mcpu=generic -Werror=cast-qual -Werror=ignored-qualifiers -Werror=implicit-fallthrough -ffunction-sections -fwrapv -MD -MT FEXCore/Source/CMakeFiles/FEXCore_object.dir/Interface/Core/X86Tables/DDDTables.cpp.obj -MF CMakeFiles/FEXCore_object.dir/Interface/Core/X86Tables/DDDTables.cpp.obj.d -o CMakeFiles/FEXCore_object.dir/Interface/Core/X86Tables/DDDTables.cpp.obj -c /Users/runner/work/GTASanAndreas3DS/GTASanAndreas3DS/FEX/FEXCore/Source/Interface/Core/X86Tables/DDDTables.cpp
[ 76%] Building CXX object FEXCore/Source/CMakeFiles/FEXCore_object.dir/Interface/Core/X86Tables/H0F38Tables.cpp.obj
cd /Users/runner/work/GTASanAndreas3DS/GTASanAndreas3DS/FEX/build-arm64ec/FEXCore/Source && /opt/homebrew/bin/ccache sloppiness=time_macros /Users/runner/work/GTASanAndreas3DS/GTASanAndreas3DS/toolchains/llvm-mingw-20260616-ucrt-macos-universal/bin/arm64ec-w64-mingw32-clang++ -DARCHITECTURE_arm64=1 -DARCHITECTURE_arm64ec=1 -DFEXCORE_HAS_PRESERVE_ALL_ATTR=0 -DFEXCORE_PRESERVE_ALL_ATTR="" -DFEX_HAS_PRESERVE_ALL_ATTR=0 -DFEX_PRESERVE_ALL_ATTR="" -DGLOBAL_DATA_DIRECTORY=\"/usr/local/share/fex-emu/\" -DHAS_PROGRAM_INVOCATION_NAME="" -DINLINE="static inline" -DINLINE_LEVEL=4 -DJIT_ARM64 -DSOFTFLOAT_BUILTIN_CLZ=1 -DSOFTFLOAT_FAST_DIV32TO16=1 -DSOFTFLOAT_FAST_DIV64TO32=1 -DSOFTFLOAT_FAST_INT64=1 -D_LARGEFILE64_SOURCE @CMakeFiles/FEXCore_object.dir/includes_CXX.rsp -DFEX_IOS_HOST -O3 -DNDEBUG -fomit-frame-pointer -std=gnu++20 -flto=thin -fvisibility=hidden -fvisibility-inlines-hidden -Wno-trigraphs -fdiagnostics-color=always -fcolor-diagnostics -Wno-deprecated-enum-enum-conversion -Wall -fno-strict-aliasing -fno-exceptions -mcpu=generic -Werror=cast-qual -Werror=ignored-qualifiers -Werror=implicit-fallthrough -ffunction-sections -fwrapv -MD -MT FEXCore/Source/CMakeFiles/FEXCore_object.dir/Interface/Core/X86Tables/H0F38Tables.cpp.obj -MF CMakeFiles/FEXCore_object.dir/Interface/Core/X86Tables/H0F38Tables.cpp.obj.d -o CMakeFiles/FEXCore_object.dir/Interface/Core/X86Tables/H0F38Tables.cpp.obj -c /Users/runner/work/GTASanAndreas3DS/GTASanAndreas3DS/FEX/FEXCore/Source/Interface/Core/X86Tables/H0F38Tables.cpp
[ 76%] Building CXX object FEXCore/Source/CMakeFiles/FEXCore_object.dir/Interface/Core/X86Tables/H0F3ATables.cpp.obj
cd /Users/runner/work/GTASanAndreas3DS/GTASanAndreas3DS/FEX/build-arm64ec/FEXCore/Source && /opt/homebrew/bin/ccache sloppiness=time_macros /Users/runner/work/GTASanAndreas3DS/GTASanAndreas3DS/toolchains/llvm-mingw-20260616-ucrt-macos-universal/bin/arm64ec-w64-mingw32-clang++ -DARCHITECTURE_arm64=1 -DARCHITECTURE_arm64ec=1 -DFEXCORE_HAS_PRESERVE_ALL_ATTR=0 -DFEXCORE_PRESERVE_ALL_ATTR="" -DFEX_HAS_PRESERVE_ALL_ATTR=0 -DFEX_PRESERVE_ALL_ATTR="" -DGLOBAL_DATA_DIRECTORY=\"/usr/local/share/fex-emu/\" -DHAS_PROGRAM_INVOCATION_NAME="" -DINLINE="static inline" -DINLINE_LEVEL=4 -DJIT_ARM64 -DSOFTFLOAT_BUILTIN_CLZ=1 -DSOFTFLOAT_FAST_DIV32TO16=1 -DSOFTFLOAT_FAST_DIV64TO32=1 -DSOFTFLOAT_FAST_INT64=1 -D_LARGEFILE64_SOURCE @CMakeFiles/FEXCore_object.dir/includes_CXX.rsp -DFEX_IOS_HOST -O3 -DNDEBUG -fomit-frame-pointer -std=gnu++20 -flto=thin -fvisibility=hidden -fvisibility-inlines-hidden -Wno-trigraphs -fdiagnostics-color=always -fcolor-diagnostics -Wno-deprecated-enum-enum-conversion -Wall -fno-strict-aliasing -fno-exceptions -mcpu=generic -Werror=cast-qual -Werror=ignored-qualifiers -Werror=implicit-fallthrough -ffunction-sections -fwrapv -MD -MT FEXCore/Source/CMakeFiles/FEXCore_object.dir/Interface/Core/X86Tables/H0F3ATables.cpp.obj -MF CMakeFiles/FEXCore_object.dir/Interface/Core/X86Tables/H0F3ATables.cpp.obj.d -o CMakeFiles/FEXCore_object.dir/Interface/Core/X86Tables/H0F3ATables.cpp.obj -c /Users/runner/work/GTASanAndreas3DS/GTASanAndreas3DS/FEX/FEXCore/Source/Interface/Core/X86Tables/H0F3ATables.cpp
[ 77%] Building CXX object FEXCore/Source/CMakeFiles/FEXCore_object.dir/Interface/Core/X86Tables/PrimaryGroupTables.cpp.obj
cd /Users/runner/work/GTASanAndreas3DS/GTASanAndreas3DS/FEX/build-arm64ec/FEXCore/Source && /opt/homebrew/bin/ccache sloppiness=time_macros /Users/runner/work/GTASanAndreas3DS/GTASanAndreas3DS/toolchains/llvm-mingw-20260616-ucrt-macos-universal/bin/arm64ec-w64-mingw32-clang++ -DARCHITECTURE_arm64=1 -DARCHITECTURE_arm64ec=1 -DFEXCORE_HAS_PRESERVE_ALL_ATTR=0 -DFEXCORE_PRESERVE_ALL_ATTR="" -DFEX_HAS_PRESERVE_ALL_ATTR=0 -DFEX_PRESERVE_ALL_ATTR="" -DGLOBAL_DATA_DIRECTORY=\"/usr/local/share/fex-emu/\" -DHAS_PROGRAM_INVOCATION_NAME="" -DINLINE="static inline" -DINLINE_LEVEL=4 -DJIT_ARM64 -DSOFTFLOAT_BUILTIN_CLZ=1 -DSOFTFLOAT_FAST_DIV32TO16=1 -DSOFTFLOAT_FAST_DIV64TO32=1 -DSOFTFLOAT_FAST_INT64=1 -D_LARGEFILE64_SOURCE @CMakeFiles/FEXCore_object.dir/includes_CXX.rsp -DFEX_IOS_HOST -O3 -DNDEBUG -fomit-frame-pointer -std=gnu++20 -flto=thin -fvisibility=hidden -fvisibility-inlines-hidden -Wno-trigraphs -fdiagnostics-color=always -fcolor-diagnostics -Wno-deprecated-enum-enum-conversion -Wall -fno-strict-aliasing -fno-exceptions -mcpu=generic -Werror=cast-qual -Werror=ignored-qualifiers -Werror=implicit-fallthrough -ffunction-sections -fwrapv -MD -MT FEXCore/Source/CMakeFiles/FEXCore_object.dir/Interface/Core/X86Tables/PrimaryGroupTables.cpp.obj -MF CMakeFiles/FEXCore_object.dir/Interface/Core/X86Tables/PrimaryGroupTables.cpp.obj.d -o CMakeFiles/FEXCore_object.dir/Interface/Core/X86Tables/PrimaryGroupTables.cpp.obj -c /Users/runner/work/GTASanAndreas3DS/GTASanAndreas3DS/FEX/FEXCore/Source/Interface/Core/X86Tables/PrimaryGroupTables.cpp
[ 77%] Building CXX object FEXCore/Source/CMakeFiles/FEXCore_object.dir/Interface/Core/X86Tables/SecondaryGroupTables.cpp.obj
cd /Users/runner/work/GTASanAndreas3DS/GTASanAndreas3DS/FEX/build-arm64ec/FEXCore/Source && /opt/homebrew/bin/ccache sloppiness=time_macros /Users/runner/work/GTASanAndreas3DS/GTASanAndreas3DS/toolchains/llvm-mingw-20260616-ucrt-macos-universal/bin/arm64ec-w64-mingw32-clang++ -DARCHITECTURE_arm64=1 -DARCHITECTURE_arm64ec=1 -DFEXCORE_HAS_PRESERVE_ALL_ATTR=0 -DFEXCORE_PRESERVE_ALL_ATTR="" -DFEX_HAS_PRESERVE_ALL_ATTR=0 -DFEX_PRESERVE_ALL_ATTR="" -DGLOBAL_DATA_DIRECTORY=\"/usr/local/share/fex-emu/\" -DHAS_PROGRAM_INVOCATION_NAME="" -DINLINE="static inline" -DINLINE_LEVEL=4 -DJIT_ARM64 -DSOFTFLOAT_BUILTIN_CLZ=1 -DSOFTFLOAT_FAST_DIV32TO16=1 -DSOFTFLOAT_FAST_DIV64TO32=1 -DSOFTFLOAT_FAST_INT64=1 -D_LARGEFILE64_SOURCE @CMakeFiles/FEXCore_object.dir/includes_CXX.rsp -DFEX_IOS_HOST -O3 -DNDEBUG -fomit-frame-pointer -std=gnu++20 -flto=thin -fvisibility=hidden -fvisibility-inlines-hidden -Wno-trigraphs -fdiagnostics-color=always -fcolor-diagnostics -Wno-deprecated-enum-enum-conversion -Wall -fno-strict-aliasing -fno-exceptions -mcpu=generic -Werror=cast-qual -Werror=ignored-qualifiers -Werror=implicit-fallthrough -ffunction-sections -fwrapv -MD -MT FEXCore/Source/CMakeFiles/FEXCore_object.dir/Interface/Core/X86Tables/SecondaryGroupTables.cpp.obj -MF CMakeFiles/FEXCore_object.dir/Interface/Core/X86Tables/SecondaryGroupTables.cpp.obj.d -o CMakeFiles/FEXCore_object.dir/Interface/Core/X86Tables/SecondaryGroupTables.cpp.obj -c /Users/runner/work/GTASanAndreas3DS/GTASanAndreas3DS/FEX/FEXCore/Source/Interface/Core/X86Tables/SecondaryGroupTables.cpp
[ 78%] Building CXX object FEXCore/Source/CMakeFiles/FEXCore_object.dir/Interface/Core/X86Tables/SecondaryModRMTables.cpp.obj
cd /Users/runner/work/GTASanAndreas3DS/GTASanAndreas3DS/FEX/build-arm64ec/FEXCore/Source && /opt/homebrew/bin/ccache sloppiness=time_macros /Users/runner/work/GTASanAndreas3DS/GTASanAndreas3DS/toolchains/llvm-mingw-20260616-ucrt-macos-universal/bin/arm64ec-w64-mingw32-clang++ -DARCHITECTURE_arm64=1 -DARCHITECTURE_arm64ec=1 -DFEXCORE_HAS_PRESERVE_ALL_ATTR=0 -DFEXCORE_PRESERVE_ALL_ATTR="" -DFEX_HAS_PRESERVE_ALL_ATTR=0 -DFEX_PRESERVE_ALL_ATTR="" -DGLOBAL_DATA_DIRECTORY=\"/usr/local/share/fex-emu/\" -DHAS_PROGRAM_INVOCATION_NAME="" -DINLINE="static inline" -DINLINE_LEVEL=4 -DJIT_ARM64 -DSOFTFLOAT_BUILTIN_CLZ=1 -DSOFTFLOAT_FAST_DIV32TO16=1 -DSOFTFLOAT_FAST_DIV64TO32=1 -DSOFTFLOAT_FAST_INT64=1 -D_LARGEFILE64_SOURCE @CMakeFiles/FEXCore_object.dir/includes_CXX.rsp -DFEX_IOS_HOST -O3 -DNDEBUG -fomit-frame-pointer -std=gnu++20 -flto=thin -fvisibility=hidden -fvisibility-inlines-hidden -Wno-trigraphs -fdiagnostics-color=always -fcolor-diagnostics -Wno-deprecated-enum-enum-conversion -Wall -fno-strict-aliasing -fno-exceptions -mcpu=generic -Werror=cast-qual -Werror=ignored-qualifiers -Werror=implicit-fallthrough -ffunction-sections -fwrapv -MD -MT FEXCore/Source/CMakeFiles/FEXCore_object.dir/Interface/Core/X86Tables/SecondaryModRMTables.cpp.obj -MF CMakeFiles/FEXCore_object.dir/Interface/Core/X86Tables/SecondaryModRMTables.cpp.obj.d -o CMakeFiles/FEXCore_object.dir/Interface/Core/X86Tables/SecondaryModRMTables.cpp.obj -c /Users/runner/work/GTASanAndreas3DS/GTASanAndreas3DS/FEX/FEXCore/Source/Interface/Core/X86Tables/SecondaryModRMTables.cpp
[ 78%] Building CXX object FEXCore/Source/CMakeFiles/FEXCore_object.dir/Interface/Core/X86Tables/SecondaryTables.cpp.obj
cd /Users/runner/work/GTASanAndreas3DS/GTASanAndreas3DS/FEX/build-arm64ec/FEXCore/Source && /opt/homebrew/bin/ccache sloppiness=time_macros /Users/runner/work/GTASanAndreas3DS/GTASanAndreas3DS/toolchains/llvm-mingw-20260616-ucrt-macos-universal/bin/arm64ec-w64-mingw32-clang++ -DARCHITECTURE_arm64=1 -DARCHITECTURE_arm64ec=1 -DFEXCORE_HAS_PRESERVE_ALL_ATTR=0 -DFEXCORE_PRESERVE_ALL_ATTR="" -DFEX_HAS_PRESERVE_ALL_ATTR=0 -DFEX_PRESERVE_ALL_ATTR="" -DGLOBAL_DATA_DIRECTORY=\"/usr/local/share/fex-emu/\" -DHAS_PROGRAM_INVOCATION_NAME="" -DINLINE="static inline" -DINLINE_LEVEL=4 -DJIT_ARM64 -DSOFTFLOAT_BUILTIN_CLZ=1 -DSOFTFLOAT_FAST_DIV32TO16=1 -DSOFTFLOAT_FAST_DIV64TO32=1 -DSOFTFLOAT_FAST_INT64=1 -D_LARGEFILE64_SOURCE @CMakeFiles/FEXCore_object.dir/includes_CXX.rsp -DFEX_IOS_HOST -O3 -DNDEBUG -fomit-frame-pointer -std=gnu++20 -flto=thin -fvisibility=hidden -fvisibility-inlines-hidden -Wno-trigraphs -fdiagnostics-color=always -fcolor-diagnostics -Wno-deprecated-enum-enum-conversion -Wall -fno-strict-aliasing -fno-exceptions -mcpu=generic -Werror=cast-qual -Werror=ignored-qualifiers -Werror=implicit-fallthrough -ffunction-sections -fwrapv -MD -MT FEXCore/Source/CMakeFiles/FEXCore_object.dir/Interface/Core/X86Tables/SecondaryTables.cpp.obj -MF CMakeFiles/FEXCore_object.dir/Interface/Core/X86Tables/SecondaryTables.cpp.obj.d -o CMakeFiles/FEXCore_object.dir/Interface/Core/X86Tables/SecondaryTables.cpp.obj -c /Users/runner/work/GTASanAndreas3DS/GTASanAndreas3DS/FEX/FEXCore/Source/Interface/Core/X86Tables/SecondaryTables.cpp
[ 79%] Building CXX object FEXCore/Source/CMakeFiles/FEXCore_object.dir/Interface/Core/X86Tables/VEXTables.cpp.obj
cd /Users/runner/work/GTASanAndreas3DS/GTASanAndreas3DS/FEX/build-arm64ec/FEXCore/Source && /opt/homebrew/bin/ccache sloppiness=time_macros /Users/runner/work/GTASanAndreas3DS/GTASanAndreas3DS/toolchains/llvm-mingw-20260616-ucrt-macos-universal/bin/arm64ec-w64-mingw32-clang++ -DARCHITECTURE_arm64=1 -DARCHITECTURE_arm64ec=1 -DFEXCORE_HAS_PRESERVE_ALL_ATTR=0 -DFEXCORE_PRESERVE_ALL_ATTR="" -DFEX_HAS_PRESERVE_ALL_ATTR=0 -DFEX_PRESERVE_ALL_ATTR="" -DGLOBAL_DATA_DIRECTORY=\"/usr/local/share/fex-emu/\" -DHAS_PROGRAM_INVOCATION_NAME="" -DINLINE="static inline" -DINLINE_LEVEL=4 -DJIT_ARM64 -DSOFTFLOAT_BUILTIN_CLZ=1 -DSOFTFLOAT_FAST_DIV32TO16=1 -DSOFTFLOAT_FAST_DIV64TO32=1 -DSOFTFLOAT_FAST_INT64=1 -D_LARGEFILE64_SOURCE @CMakeFiles/FEXCore_object.dir/includes_CXX.rsp -DFEX_IOS_HOST -O3 -DNDEBUG -fomit-frame-pointer -std=gnu++20 -flto=thin -fvisibility=hidden -fvisibility-inlines-hidden -Wno-trigraphs -fdiagnostics-color=always -fcolor-diagnostics -Wno-deprecated-enum-enum-conversion -Wall -fno-strict-aliasing -fno-exceptions -mcpu=generic -Werror=cast-qual -Werror=ignored-qualifiers -Werror=implicit-fallthrough -ffunction-sections -fwrapv -MD -MT FEXCore/Source/CMakeFiles/FEXCore_object.dir/Interface/Core/X86Tables/VEXTables.cpp.obj -MF CMakeFiles/FEXCore_object.dir/Interface/Core/X86Tables/VEXTables.cpp.obj.d -o CMakeFiles/FEXCore_object.dir/Interface/Core/X86Tables/VEXTables.cpp.obj -c /Users/runner/work/GTASanAndreas3DS/GTASanAndreas3DS/FEX/FEXCore/Source/Interface/Core/X86Tables/VEXTables.cpp
[ 79%] Building CXX object FEXCore/Source/CMakeFiles/FEXCore_object.dir/Interface/Core/X86Tables/X87Tables.cpp.obj
cd /Users/runner/work/GTASanAndreas3DS/GTASanAndreas3DS/FEX/build-arm64ec/FEXCore/Source && /opt/homebrew/bin/ccache sloppiness=time_macros /Users/runner/work/GTASanAndreas3DS/GTASanAndreas3DS/toolchains/llvm-mingw-20260616-ucrt-macos-universal/bin/arm64ec-w64-mingw32-clang++ -DARCHITECTURE_arm64=1 -DARCHITECTURE_arm64ec=1 -DFEXCORE_HAS_PRESERVE_ALL_ATTR=0 -DFEXCORE_PRESERVE_ALL_ATTR="" -DFEX_HAS_PRESERVE_ALL_ATTR=0 -DFEX_PRESERVE_ALL_ATTR="" -DGLOBAL_DATA_DIRECTORY=\"/usr/local/share/fex-emu/\" -DHAS_PROGRAM_INVOCATION_NAME="" -DINLINE="static inline" -DINLINE_LEVEL=4 -DJIT_ARM64 -DSOFTFLOAT_BUILTIN_CLZ=1 -DSOFTFLOAT_FAST_DIV32TO16=1 -DSOFTFLOAT_FAST_DIV64TO32=1 -DSOFTFLOAT_FAST_INT64=1 -D_LARGEFILE64_SOURCE @CMakeFiles/FEXCore_object.dir/includes_CXX.rsp -DFEX_IOS_HOST -O3 -DNDEBUG -fomit-frame-pointer -std=gnu++20 -flto=thin -fvisibility=hidden -fvisibility-inlines-hidden -Wno-trigraphs -fdiagnostics-color=always -fcolor-diagnostics -Wno-deprecated-enum-enum-conversion -Wall -fno-strict-aliasing -fno-exceptions -mcpu=generic -Werror=cast-qual -Werror=ignored-qualifiers -Werror=implicit-fallthrough -ffunction-sections -fwrapv -MD -MT FEXCore/Source/CMakeFiles/FEXCore_object.dir/Interface/Core/X86Tables/X87Tables.cpp.obj -MF CMakeFiles/FEXCore_object.dir/Interface/Core/X86Tables/X87Tables.cpp.obj.d -o CMakeFiles/FEXCore_object.dir/Interface/Core/X86Tables/X87Tables.cpp.obj -c /Users/runner/work/GTASanAndreas3DS/GTASanAndreas3DS/FEX/FEXCore/Source/Interface/Core/X86Tables/X87Tables.cpp
[ 80%] Building CXX object FEXCore/Source/CMakeFiles/FEXCore_object.dir/Interface/GDBJIT/GDBJIT.cpp.obj
cd /Users/runner/work/GTASanAndreas3DS/GTASanAndreas3DS/FEX/build-arm64ec/FEXCore/Source && /opt/homebrew/bin/ccache sloppiness=time_macros /Users/runner/work/GTASanAndreas3DS/GTASanAndreas3DS/toolchains/llvm-mingw-20260616-ucrt-macos-universal/bin/arm64ec-w64-mingw32-clang++ -DARCHITECTURE_arm64=1 -DARCHITECTURE_arm64ec=1 -DFEXCORE_HAS_PRESERVE_ALL_ATTR=0 -DFEXCORE_PRESERVE_ALL_ATTR="" -DFEX_HAS_PRESERVE_ALL_ATTR=0 -DFEX_PRESERVE_ALL_ATTR="" -DGLOBAL_DATA_DIRECTORY=\"/usr/local/share/fex-emu/\" -DHAS_PROGRAM_INVOCATION_NAME="" -DINLINE="static inline" -DINLINE_LEVEL=4 -DJIT_ARM64 -DSOFTFLOAT_BUILTIN_CLZ=1 -DSOFTFLOAT_FAST_DIV32TO16=1 -DSOFTFLOAT_FAST_DIV64TO32=1 -DSOFTFLOAT_FAST_INT64=1 -D_LARGEFILE64_SOURCE @CMakeFiles/FEXCore_object.dir/includes_CXX.rsp -DFEX_IOS_HOST -O3 -DNDEBUG -fomit-frame-pointer -std=gnu++20 -flto=thin -fvisibility=hidden -fvisibility-inlines-hidden -Wno-trigraphs -fdiagnostics-color=always -fcolor-diagnostics -Wno-deprecated-enum-enum-conversion -Wall -fno-strict-aliasing -fno-exceptions -mcpu=generic -Werror=cast-qual -Werror=ignored-qualifiers -Werror=implicit-fallthrough -ffunction-sections -fwrapv -MD -MT FEXCore/Source/CMakeFiles/FEXCore_object.dir/Interface/GDBJIT/GDBJIT.cpp.obj -MF CMakeFiles/FEXCore_object.dir/Interface/GDBJIT/GDBJIT.cpp.obj.d -o CMakeFiles/FEXCore_object.dir/Interface/GDBJIT/GDBJIT.cpp.obj -c /Users/runner/work/GTASanAndreas3DS/GTASanAndreas3DS/FEX/FEXCore/Source/Interface/GDBJIT/GDBJIT.cpp
[ 80%] Building CXX object FEXCore/Source/CMakeFiles/FEXCore_object.dir/Interface/IR/IRDumper.cpp.obj
cd /Users/runner/work/GTASanAndreas3DS/GTASanAndreas3DS/FEX/build-arm64ec/FEXCore/Source && /opt/homebrew/bin/ccache sloppiness=time_macros /Users/runner/work/GTASanAndreas3DS/GTASanAndreas3DS/toolchains/llvm-mingw-20260616-ucrt-macos-universal/bin/arm64ec-w64-mingw32-clang++ -DARCHITECTURE_arm64=1 -DARCHITECTURE_arm64ec=1 -DFEXCORE_HAS_PRESERVE_ALL_ATTR=0 -DFEXCORE_PRESERVE_ALL_ATTR="" -DFEX_HAS_PRESERVE_ALL_ATTR=0 -DFEX_PRESERVE_ALL_ATTR="" -DGLOBAL_DATA_DIRECTORY=\"/usr/local/share/fex-emu/\" -DHAS_PROGRAM_INVOCATION_NAME="" -DINLINE="static inline" -DINLINE_LEVEL=4 -DJIT_ARM64 -DSOFTFLOAT_BUILTIN_CLZ=1 -DSOFTFLOAT_FAST_DIV32TO16=1 -DSOFTFLOAT_FAST_DIV64TO32=1 -DSOFTFLOAT_FAST_INT64=1 -D_LARGEFILE64_SOURCE @CMakeFiles/FEXCore_object.dir/includes_CXX.rsp -DFEX_IOS_HOST -O3 -DNDEBUG -fomit-frame-pointer -std=gnu++20 -flto=thin -fvisibility=hidden -fvisibility-inlines-hidden -Wno-trigraphs -fdiagnostics-color=always -fcolor-diagnostics -Wno-deprecated-enum-enum-conversion -Wall -fno-strict-aliasing -fno-exceptions -mcpu=generic -Werror=cast-qual -Werror=ignored-qualifiers -Werror=implicit-fallthrough -ffunction-sections -fwrapv -MD -MT FEXCore/Source/CMakeFiles/FEXCore_object.dir/Interface/IR/IRDumper.cpp.obj -MF CMakeFiles/FEXCore_object.dir/Interface/IR/IRDumper.cpp.obj.d -o CMakeFiles/FEXCore_object.dir/Interface/IR/IRDumper.cpp.obj -c /Users/runner/work/GTASanAndreas3DS/GTASanAndreas3DS/FEX/FEXCore/Source/Interface/IR/IRDumper.cpp
[ 81%] Building CXX object FEXCore/Source/CMakeFiles/FEXCore_object.dir/Interface/IR/IREmitter.cpp.obj
cd /Users/runner/work/GTASanAndreas3DS/GTASanAndreas3DS/FEX/build-arm64ec/FEXCore/Source && /opt/homebrew/bin/ccache sloppiness=time_macros /Users/runner/work/GTASanAndreas3DS/GTASanAndreas3DS/toolchains/llvm-mingw-20260616-ucrt-macos-universal/bin/arm64ec-w64-mingw32-clang++ -DARCHITECTURE_arm64=1 -DARCHITECTURE_arm64ec=1 -DFEXCORE_HAS_PRESERVE_ALL_ATTR=0 -DFEXCORE_PRESERVE_ALL_ATTR="" -DFEX_HAS_PRESERVE_ALL_ATTR=0 -DFEX_PRESERVE_ALL_ATTR="" -DGLOBAL_DATA_DIRECTORY=\"/usr/local/share/fex-emu/\" -DHAS_PROGRAM_INVOCATION_NAME="" -DINLINE="static inline" -DINLINE_LEVEL=4 -DJIT_ARM64 -DSOFTFLOAT_BUILTIN_CLZ=1 -DSOFTFLOAT_FAST_DIV32TO16=1 -DSOFTFLOAT_FAST_DIV64TO32=1 -DSOFTFLOAT_FAST_INT64=1 -D_LARGEFILE64_SOURCE @CMakeFiles/FEXCore_object.dir/includes_CXX.rsp -DFEX_IOS_HOST -O3 -DNDEBUG -fomit-frame-pointer -std=gnu++20 -flto=thin -fvisibility=hidden -fvisibility-inlines-hidden -Wno-trigraphs -fdiagnostics-color=always -fcolor-diagnostics -Wno-deprecated-enum-enum-conversion -Wall -fno-strict-aliasing -fno-exceptions -mcpu=generic -Werror=cast-qual -Werror=ignored-qualifiers -Werror=implicit-fallthrough -ffunction-sections -fwrapv -MD -MT FEXCore/Source/CMakeFiles/FEXCore_object.dir/Interface/IR/IREmitter.cpp.obj -MF CMakeFiles/FEXCore_object.dir/Interface/IR/IREmitter.cpp.obj.d -o CMakeFiles/FEXCore_object.dir/Interface/IR/IREmitter.cpp.obj -c /Users/runner/work/GTASanAndreas3DS/GTASanAndreas3DS/FEX/FEXCore/Source/Interface/IR/IREmitter.cpp
[ 81%] Building CXX object FEXCore/Source/CMakeFiles/FEXCore_object.dir/Interface/IR/PassManager.cpp.obj
cd /Users/runner/work/GTASanAndreas3DS/GTASanAndreas3DS/FEX/build-arm64ec/FEXCore/Source && /opt/homebrew/bin/ccache sloppiness=time_macros /Users/runner/work/GTASanAndreas3DS/GTASanAndreas3DS/toolchains/llvm-mingw-20260616-ucrt-macos-universal/bin/arm64ec-w64-mingw32-clang++ -DARCHITECTURE_arm64=1 -DARCHITECTURE_arm64ec=1 -DFEXCORE_HAS_PRESERVE_ALL_ATTR=0 -DFEXCORE_PRESERVE_ALL_ATTR="" -DFEX_HAS_PRESERVE_ALL_ATTR=0 -DFEX_PRESERVE_ALL_ATTR="" -DGLOBAL_DATA_DIRECTORY=\"/usr/local/share/fex-emu/\" -DHAS_PROGRAM_INVOCATION_NAME="" -DINLINE="static inline" -DINLINE_LEVEL=4 -DJIT_ARM64 -DSOFTFLOAT_BUILTIN_CLZ=1 -DSOFTFLOAT_FAST_DIV32TO16=1 -DSOFTFLOAT_FAST_DIV64TO32=1 -DSOFTFLOAT_FAST_INT64=1 -D_LARGEFILE64_SOURCE @CMakeFiles/FEXCore_object.dir/includes_CXX.rsp -DFEX_IOS_HOST -O3 -DNDEBUG -fomit-frame-pointer -std=gnu++20 -flto=thin -fvisibility=hidden -fvisibility-inlines-hidden -Wno-trigraphs -fdiagnostics-color=always -fcolor-diagnostics -Wno-deprecated-enum-enum-conversion -Wall -fno-strict-aliasing -fno-exceptions -mcpu=generic -Werror=cast-qual -Werror=ignored-qualifiers -Werror=implicit-fallthrough -ffunction-sections -fwrapv -MD -MT FEXCore/Source/CMakeFiles/FEXCore_object.dir/Interface/IR/PassManager.cpp.obj -MF CMakeFiles/FEXCore_object.dir/Interface/IR/PassManager.cpp.obj.d -o CMakeFiles/FEXCore_object.dir/Interface/IR/PassManager.cpp.obj -c /Users/runner/work/GTASanAndreas3DS/GTASanAndreas3DS/FEX/FEXCore/Source/Interface/IR/PassManager.cpp
[ 82%] Building CXX object FEXCore/Source/CMakeFiles/FEXCore_object.dir/Interface/IR/Passes/IRDumperPass.cpp.obj
cd /Users/runner/work/GTASanAndreas3DS/GTASanAndreas3DS/FEX/build-arm64ec/FEXCore/Source && /opt/homebrew/bin/ccache sloppiness=time_macros /Users/runner/work/GTASanAndreas3DS/GTASanAndreas3DS/toolchains/llvm-mingw-20260616-ucrt-macos-universal/bin/arm64ec-w64-mingw32-clang++ -DARCHITECTURE_arm64=1 -DARCHITECTURE_arm64ec=1 -DFEXCORE_HAS_PRESERVE_ALL_ATTR=0 -DFEXCORE_PRESERVE_ALL_ATTR="" -DFEX_HAS_PRESERVE_ALL_ATTR=0 -DFEX_PRESERVE_ALL_ATTR="" -DGLOBAL_DATA_DIRECTORY=\"/usr/local/share/fex-emu/\" -DHAS_PROGRAM_INVOCATION_NAME="" -DINLINE="static inline" -DINLINE_LEVEL=4 -DJIT_ARM64 -DSOFTFLOAT_BUILTIN_CLZ=1 -DSOFTFLOAT_FAST_DIV32TO16=1 -DSOFTFLOAT_FAST_DIV64TO32=1 -DSOFTFLOAT_FAST_INT64=1 -D_LARGEFILE64_SOURCE @CMakeFiles/FEXCore_object.dir/includes_CXX.rsp -DFEX_IOS_HOST -O3 -DNDEBUG -fomit-frame-pointer -std=gnu++20 -flto=thin -fvisibility=hidden -fvisibility-inlines-hidden -Wno-trigraphs -fdiagnostics-color=always -fcolor-diagnostics -Wno-deprecated-enum-enum-conversion -Wall -fno-strict-aliasing -fno-exceptions -mcpu=generic -Werror=cast-qual -Werror=ignored-qualifiers -Werror=implicit-fallthrough -ffunction-sections -fwrapv -MD -MT FEXCore/Source/CMakeFiles/FEXCore_object.dir/Interface/IR/Passes/IRDumperPass.cpp.obj -MF CMakeFiles/FEXCore_object.dir/Interface/IR/Passes/IRDumperPass.cpp.obj.d -o CMakeFiles/FEXCore_object.dir/Interface/IR/Passes/IRDumperPass.cpp.obj -c /Users/runner/work/GTASanAndreas3DS/GTASanAndreas3DS/FEX/FEXCore/Source/Interface/IR/Passes/IRDumperPass.cpp
[ 82%] Building CXX object FEXCore/Source/CMakeFiles/FEXCore_object.dir/Interface/IR/Passes/IRValidation.cpp.obj
cd /Users/runner/work/GTASanAndreas3DS/GTASanAndreas3DS/FEX/build-arm64ec/FEXCore/Source && /opt/homebrew/bin/ccache sloppiness=time_macros /Users/runner/work/GTASanAndreas3DS/GTASanAndreas3DS/toolchains/llvm-mingw-20260616-ucrt-macos-universal/bin/arm64ec-w64-mingw32-clang++ -DARCHITECTURE_arm64=1 -DARCHITECTURE_arm64ec=1 -DFEXCORE_HAS_PRESERVE_ALL_ATTR=0 -DFEXCORE_PRESERVE_ALL_ATTR="" -DFEX_HAS_PRESERVE_ALL_ATTR=0 -DFEX_PRESERVE_ALL_ATTR="" -DGLOBAL_DATA_DIRECTORY=\"/usr/local/share/fex-emu/\" -DHAS_PROGRAM_INVOCATION_NAME="" -DINLINE="static inline" -DINLINE_LEVEL=4 -DJIT_ARM64 -DSOFTFLOAT_BUILTIN_CLZ=1 -DSOFTFLOAT_FAST_DIV32TO16=1 -DSOFTFLOAT_FAST_DIV64TO32=1 -DSOFTFLOAT_FAST_INT64=1 -D_LARGEFILE64_SOURCE @CMakeFiles/FEXCore_object.dir/includes_CXX.rsp -DFEX_IOS_HOST -O3 -DNDEBUG -fomit-frame-pointer -std=gnu++20 -flto=thin -fvisibility=hidden -fvisibility-inlines-hidden -Wno-trigraphs -fdiagnostics-color=always -fcolor-diagnostics -Wno-deprecated-enum-enum-conversion -Wall -fno-strict-aliasing -fno-exceptions -mcpu=generic -Werror=cast-qual -Werror=ignored-qualifiers -Werror=implicit-fallthrough -ffunction-sections -fwrapv -MD -MT FEXCore/Source/CMakeFiles/FEXCore_object.dir/Interface/IR/Passes/IRValidation.cpp.obj -MF CMakeFiles/FEXCore_object.dir/Interface/IR/Passes/IRValidation.cpp.obj.d -o CMakeFiles/FEXCore_object.dir/Interface/IR/Passes/IRValidation.cpp.obj -c /Users/runner/work/GTASanAndreas3DS/GTASanAndreas3DS/FEX/FEXCore/Source/Interface/IR/Passes/IRValidation.cpp
[ 83%] Building CXX object FEXCore/Source/CMakeFiles/FEXCore_object.dir/Interface/IR/Passes/RedundantFlagCalculationElimination.cpp.obj
cd /Users/runner/work/GTASanAndreas3DS/GTASanAndreas3DS/FEX/build-arm64ec/FEXCore/Source && /opt/homebrew/bin/ccache sloppiness=time_macros /Users/runner/work/GTASanAndreas3DS/GTASanAndreas3DS/toolchains/llvm-mingw-20260616-ucrt-macos-universal/bin/arm64ec-w64-mingw32-clang++ -DARCHITECTURE_arm64=1 -DARCHITECTURE_arm64ec=1 -DFEXCORE_HAS_PRESERVE_ALL_ATTR=0 -DFEXCORE_PRESERVE_ALL_ATTR="" -DFEX_HAS_PRESERVE_ALL_ATTR=0 -DFEX_PRESERVE_ALL_ATTR="" -DGLOBAL_DATA_DIRECTORY=\"/usr/local/share/fex-emu/\" -DHAS_PROGRAM_INVOCATION_NAME="" -DINLINE="static inline" -DINLINE_LEVEL=4 -DJIT_ARM64 -DSOFTFLOAT_BUILTIN_CLZ=1 -DSOFTFLOAT_FAST_DIV32TO16=1 -DSOFTFLOAT_FAST_DIV64TO32=1 -DSOFTFLOAT_FAST_INT64=1 -D_LARGEFILE64_SOURCE @CMakeFiles/FEXCore_object.dir/includes_CXX.rsp -DFEX_IOS_HOST -O3 -DNDEBUG -fomit-frame-pointer -std=gnu++20 -flto=thin -fvisibility=hidden -fvisibility-inlines-hidden -Wno-trigraphs -fdiagnostics-color=always -fcolor-diagnostics -Wno-deprecated-enum-enum-conversion -Wall -fno-strict-aliasing -fno-exceptions -mcpu=generic -Werror=cast-qual -Werror=ignored-qualifiers -Werror=implicit-fallthrough -ffunction-sections -fwrapv -MD -MT FEXCore/Source/CMakeFiles/FEXCore_object.dir/Interface/IR/Passes/RedundantFlagCalculationElimination.cpp.obj -MF CMakeFiles/FEXCore_object.dir/Interface/IR/Passes/RedundantFlagCalculationElimination.cpp.obj.d -o CMakeFiles/FEXCore_object.dir/Interface/IR/Passes/RedundantFlagCalculationElimination.cpp.obj -c /Users/runner/work/GTASanAndreas3DS/GTASanAndreas3DS/FEX/FEXCore/Source/Interface/IR/Passes/RedundantFlagCalculationElimination.cpp
[ 83%] Building CXX object FEXCore/Source/CMakeFiles/FEXCore_object.dir/Interface/IR/Passes/RegisterAllocationPass.cpp.obj
cd /Users/runner/work/GTASanAndreas3DS/GTASanAndreas3DS/FEX/build-arm64ec/FEXCore/Source && /opt/homebrew/bin/ccache sloppiness=time_macros /Users/runner/work/GTASanAndreas3DS/GTASanAndreas3DS/toolchains/llvm-mingw-20260616-ucrt-macos-universal/bin/arm64ec-w64-mingw32-clang++ -DARCHITECTURE_arm64=1 -DARCHITECTURE_arm64ec=1 -DFEXCORE_HAS_PRESERVE_ALL_ATTR=0 -DFEXCORE_PRESERVE_ALL_ATTR="" -DFEX_HAS_PRESERVE_ALL_ATTR=0 -DFEX_PRESERVE_ALL_ATTR="" -DGLOBAL_DATA_DIRECTORY=\"/usr/local/share/fex-emu/\" -DHAS_PROGRAM_INVOCATION_NAME="" -DINLINE="static inline" -DINLINE_LEVEL=4 -DJIT_ARM64 -DSOFTFLOAT_BUILTIN_CLZ=1 -DSOFTFLOAT_FAST_DIV32TO16=1 -DSOFTFLOAT_FAST_DIV64TO32=1 -DSOFTFLOAT_FAST_INT64=1 -D_LARGEFILE64_SOURCE @CMakeFiles/FEXCore_object.dir/includes_CXX.rsp -DFEX_IOS_HOST -O3 -DNDEBUG -fomit-frame-pointer -std=gnu++20 -flto=thin -fvisibility=hidden -fvisibility-inlines-hidden -Wno-trigraphs -fdiagnostics-color=always -fcolor-diagnostics -Wno-deprecated-enum-enum-conversion -Wall -fno-strict-aliasing -fno-exceptions -mcpu=generic -Werror=cast-qual -Werror=ignored-qualifiers -Werror=implicit-fallthrough -ffunction-sections -fwrapv -MD -MT FEXCore/Source/CMakeFiles/FEXCore_object.dir/Interface/IR/Passes/RegisterAllocationPass.cpp.obj -MF CMakeFiles/FEXCore_object.dir/Interface/IR/Passes/RegisterAllocationPass.cpp.obj.d -o CMakeFiles/FEXCore_object.dir/Interface/IR/Passes/RegisterAllocationPass.cpp.obj -c /Users/runner/work/GTASanAndreas3DS/GTASanAndreas3DS/FEX/FEXCore/Source/Interface/IR/Passes/RegisterAllocationPass.cpp
[ 84%] Building CXX object FEXCore/Source/CMakeFiles/FEXCore_object.dir/Interface/IR/Passes/x87StackOptimizationPass.cpp.obj
cd /Users/runner/work/GTASanAndreas3DS/GTASanAndreas3DS/FEX/build-arm64ec/FEXCore/Source && /opt/homebrew/bin/ccache sloppiness=time_macros /Users/runner/work/GTASanAndreas3DS/GTASanAndreas3DS/toolchains/llvm-mingw-20260616-ucrt-macos-universal/bin/arm64ec-w64-mingw32-clang++ -DARCHITECTURE_arm64=1 -DARCHITECTURE_arm64ec=1 -DFEXCORE_HAS_PRESERVE_ALL_ATTR=0 -DFEXCORE_PRESERVE_ALL_ATTR="" -DFEX_HAS_PRESERVE_ALL_ATTR=0 -DFEX_PRESERVE_ALL_ATTR="" -DGLOBAL_DATA_DIRECTORY=\"/usr/local/share/fex-emu/\" -DHAS_PROGRAM_INVOCATION_NAME="" -DINLINE="static inline" -DINLINE_LEVEL=4 -DJIT_ARM64 -DSOFTFLOAT_BUILTIN_CLZ=1 -DSOFTFLOAT_FAST_DIV32TO16=1 -DSOFTFLOAT_FAST_DIV64TO32=1 -DSOFTFLOAT_FAST_INT64=1 -D_LARGEFILE64_SOURCE @CMakeFiles/FEXCore_object.dir/includes_CXX.rsp -DFEX_IOS_HOST -O3 -DNDEBUG -fomit-frame-pointer -std=gnu++20 -flto=thin -fvisibility=hidden -fvisibility-inlines-hidden -Wno-trigraphs -fdiagnostics-color=always -fcolor-diagnostics -Wno-deprecated-enum-enum-conversion -Wall -fno-strict-aliasing -fno-exceptions -mcpu=generic -Werror=cast-qual -Werror=ignored-qualifiers -Werror=implicit-fallthrough -ffunction-sections -fwrapv -MD -MT FEXCore/Source/CMakeFiles/FEXCore_object.dir/Interface/IR/Passes/x87StackOptimizationPass.cpp.obj -MF CMakeFiles/FEXCore_object.dir/Interface/IR/Passes/x87StackOptimizationPass.cpp.obj.d -o CMakeFiles/FEXCore_object.dir/Interface/IR/Passes/x87StackOptimizationPass.cpp.obj -c /Users/runner/work/GTASanAndreas3DS/GTASanAndreas3DS/FEX/FEXCore/Source/Interface/IR/Passes/x87StackOptimizationPass.cpp
[ 84%] Building CXX object FEXCore/Source/CMakeFiles/FEXCore_object.dir/Utils/AllocWatch.cpp.obj
cd /Users/runner/work/GTASanAndreas3DS/GTASanAndreas3DS/FEX/build-arm64ec/FEXCore/Source && /opt/homebrew/bin/ccache sloppiness=time_macros /Users/runner/work/GTASanAndreas3DS/GTASanAndreas3DS/toolchains/llvm-mingw-20260616-ucrt-macos-universal/bin/arm64ec-w64-mingw32-clang++ -DARCHITECTURE_arm64=1 -DARCHITECTURE_arm64ec=1 -DFEXCORE_HAS_PRESERVE_ALL_ATTR=0 -DFEXCORE_PRESERVE_ALL_ATTR="" -DFEX_HAS_PRESERVE_ALL_ATTR=0 -DFEX_PRESERVE_ALL_ATTR="" -DGLOBAL_DATA_DIRECTORY=\"/usr/local/share/fex-emu/\" -DHAS_PROGRAM_INVOCATION_NAME="" -DINLINE="static inline" -DINLINE_LEVEL=4 -DJIT_ARM64 -DSOFTFLOAT_BUILTIN_CLZ=1 -DSOFTFLOAT_FAST_DIV32TO16=1 -DSOFTFLOAT_FAST_DIV64TO32=1 -DSOFTFLOAT_FAST_INT64=1 -D_LARGEFILE64_SOURCE @CMakeFiles/FEXCore_object.dir/includes_CXX.rsp -DFEX_IOS_HOST -O3 -DNDEBUG -fomit-frame-pointer -std=gnu++20 -flto=thin -fvisibility=hidden -fvisibility-inlines-hidden -Wno-trigraphs -fdiagnostics-color=always -fcolor-diagnostics -Wno-deprecated-enum-enum-conversion -Wall -fno-strict-aliasing -fno-exceptions -mcpu=generic -Werror=cast-qual -Werror=ignored-qualifiers -Werror=implicit-fallthrough -ffunction-sections -fwrapv -MD -MT FEXCore/Source/CMakeFiles/FEXCore_object.dir/Utils/AllocWatch.cpp.obj -MF CMakeFiles/FEXCore_object.dir/Utils/AllocWatch.cpp.obj.d -o CMakeFiles/FEXCore_object.dir/Utils/AllocWatch.cpp.obj -c /Users/runner/work/GTASanAndreas3DS/GTASanAndreas3DS/FEX/FEXCore/Source/Utils/AllocWatch.cpp
[1m/Users/runner/work/GTASanAndreas3DS/GTASanAndreas3DS/FEX/FEXCore/Source/Utils/AllocWatch.cpp:86:15: [0m[0;1;35mwarning: [0m[1munused function 'EventName' [-Wunused-function][0m
   86 |   [0;34mconst[0m [0;34mchar[0m* EventName(uint32_t Event) {[0m
      | [0;1;32m              ^~~~~~~~~
[0m1 warning generated.
[ 85%] Building CXX object FEXCore/Source/CMakeFiles/FEXCore_object.dir/Utils/LongJump.cpp.obj
cd /Users/runner/work/GTASanAndreas3DS/GTASanAndreas3DS/FEX/build-arm64ec/FEXCore/Source && /opt/homebrew/bin/ccache sloppiness=time_macros /Users/runner/work/GTASanAndreas3DS/GTASanAndreas3DS/toolchains/llvm-mingw-20260616-ucrt-macos-universal/bin/arm64ec-w64-mingw32-clang++ -DARCHITECTURE_arm64=1 -DARCHITECTURE_arm64ec=1 -DFEXCORE_HAS_PRESERVE_ALL_ATTR=0 -DFEXCORE_PRESERVE_ALL_ATTR="" -DFEX_HAS_PRESERVE_ALL_ATTR=0 -DFEX_PRESERVE_ALL_ATTR="" -DGLOBAL_DATA_DIRECTORY=\"/usr/local/share/fex-emu/\" -DHAS_PROGRAM_INVOCATION_NAME="" -DINLINE="static inline" -DINLINE_LEVEL=4 -DJIT_ARM64 -DSOFTFLOAT_BUILTIN_CLZ=1 -DSOFTFLOAT_FAST_DIV32TO16=1 -DSOFTFLOAT_FAST_DIV64TO32=1 -DSOFTFLOAT_FAST_INT64=1 -D_LARGEFILE64_SOURCE @CMakeFiles/FEXCore_object.dir/includes_CXX.rsp -DFEX_IOS_HOST -O3 -DNDEBUG -fomit-frame-pointer -std=gnu++20 -flto=thin -fvisibility=hidden -fvisibility-inlines-hidden -Wno-trigraphs -fdiagnostics-color=always -fcolor-diagnostics -Wno-deprecated-enum-enum-conversion -Wall -fno-strict-aliasing -fno-exceptions -mcpu=generic -Werror=cast-qual -Werror=ignored-qualifiers -Werror=implicit-fallthrough -ffunction-sections -fwrapv -MD -MT FEXCore/Source/CMakeFiles/FEXCore_object.dir/Utils/LongJump.cpp.obj -MF CMakeFiles/FEXCore_object.dir/Utils/LongJump.cpp.obj.d -o CMakeFiles/FEXCore_object.dir/Utils/LongJump.cpp.obj -c /Users/runner/work/GTASanAndreas3DS/GTASanAndreas3DS/FEX/FEXCore/Source/Utils/LongJump.cpp
[ 85%] Building CXX object FEXCore/Source/CMakeFiles/FEXCore_object.dir/Utils/Telemetry.cpp.obj
cd /Users/runner/work/GTASanAndreas3DS/GTASanAndreas3DS/FEX/build-arm64ec/FEXCore/Source && /opt/homebrew/bin/ccache sloppiness=time_macros /Users/runner/work/GTASanAndreas3DS/GTASanAndreas3DS/toolchains/llvm-mingw-20260616-ucrt-macos-universal/bin/arm64ec-w64-mingw32-clang++ -DARCHITECTURE_arm64=1 -DARCHITECTURE_arm64ec=1 -DFEXCORE_HAS_PRESERVE_ALL_ATTR=0 -DFEXCORE_PRESERVE_ALL_ATTR="" -DFEX_HAS_PRESERVE_ALL_ATTR=0 -DFEX_PRESERVE_ALL_ATTR="" -DGLOBAL_DATA_DIRECTORY=\"/usr/local/share/fex-emu/\" -DHAS_PROGRAM_INVOCATION_NAME="" -DINLINE="static inline" -DINLINE_LEVEL=4 -DJIT_ARM64 -DSOFTFLOAT_BUILTIN_CLZ=1 -DSOFTFLOAT_FAST_DIV32TO16=1 -DSOFTFLOAT_FAST_DIV64TO32=1 -DSOFTFLOAT_FAST_INT64=1 -D_LARGEFILE64_SOURCE @CMakeFiles/FEXCore_object.dir/includes_CXX.rsp -DFEX_IOS_HOST -O3 -DNDEBUG -fomit-frame-pointer -std=gnu++20 -flto=thin -fvisibility=hidden -fvisibility-inlines-hidden -Wno-trigraphs -fdiagnostics-color=always -fcolor-diagnostics -Wno-deprecated-enum-enum-conversion -Wall -fno-strict-aliasing -fno-exceptions -mcpu=generic -Werror=cast-qual -Werror=ignored-qualifiers -Werror=implicit-fallthrough -ffunction-sections -fwrapv -MD -MT FEXCore/Source/CMakeFiles/FEXCore_object.dir/Utils/Telemetry.cpp.obj -MF CMakeFiles/FEXCore_object.dir/Utils/Telemetry.cpp.obj.d -o CMakeFiles/FEXCore_object.dir/Utils/Telemetry.cpp.obj -c /Users/runner/work/GTASanAndreas3DS/GTASanAndreas3DS/FEX/FEXCore/Source/Utils/Telemetry.cpp
[ 86%] Building CXX object FEXCore/Source/CMakeFiles/FEXCore_object.dir/Utils/Threads.cpp.obj
cd /Users/runner/work/GTASanAndreas3DS/GTASanAndreas3DS/FEX/build-arm64ec/FEXCore/Source && /opt/homebrew/bin/ccache sloppiness=time_macros /Users/runner/work/GTASanAndreas3DS/GTASanAndreas3DS/toolchains/llvm-mingw-20260616-ucrt-macos-universal/bin/arm64ec-w64-mingw32-clang++ -DARCHITECTURE_arm64=1 -DARCHITECTURE_arm64ec=1 -DFEXCORE_HAS_PRESERVE_ALL_ATTR=0 -DFEXCORE_PRESERVE_ALL_ATTR="" -DFEX_HAS_PRESERVE_ALL_ATTR=0 -DFEX_PRESERVE_ALL_ATTR="" -DGLOBAL_DATA_DIRECTORY=\"/usr/local/share/fex-emu/\" -DHAS_PROGRAM_INVOCATION_NAME="" -DINLINE="static inline" -DINLINE_LEVEL=4 -DJIT_ARM64 -DSOFTFLOAT_BUILTIN_CLZ=1 -DSOFTFLOAT_FAST_DIV32TO16=1 -DSOFTFLOAT_FAST_DIV64TO32=1 -DSOFTFLOAT_FAST_INT64=1 -D_LARGEFILE64_SOURCE @CMakeFiles/FEXCore_object.dir/includes_CXX.rsp -DFEX_IOS_HOST -O3 -DNDEBUG -fomit-frame-pointer -std=gnu++20 -flto=thin -fvisibility=hidden -fvisibility-inlines-hidden -Wno-trigraphs -fdiagnostics-color=always -fcolor-diagnostics -Wno-deprecated-enum-enum-conversion -Wall -fno-strict-aliasing -fno-exceptions -mcpu=generic -Werror=cast-qual -Werror=ignored-qualifiers -Werror=implicit-fallthrough -ffunction-sections -fwrapv -MD -MT FEXCore/Source/CMakeFiles/FEXCore_object.dir/Utils/Threads.cpp.obj -MF CMakeFiles/FEXCore_object.dir/Utils/Threads.cpp.obj.d -o CMakeFiles/FEXCore_object.dir/Utils/Threads.cpp.obj -c /Users/runner/work/GTASanAndreas3DS/GTASanAndreas3DS/FEX/FEXCore/Source/Utils/Threads.cpp
[ 86%] Building CXX object FEXCore/Source/CMakeFiles/FEXCore_object.dir/Utils/Profiler.cpp.obj
cd /Users/runner/work/GTASanAndreas3DS/GTASanAndreas3DS/FEX/build-arm64ec/FEXCore/Source && /opt/homebrew/bin/ccache sloppiness=time_macros /Users/runner/work/GTASanAndreas3DS/GTASanAndreas3DS/toolchains/llvm-mingw-20260616-ucrt-macos-universal/bin/arm64ec-w64-mingw32-clang++ -DARCHITECTURE_arm64=1 -DARCHITECTURE_arm64ec=1 -DFEXCORE_HAS_PRESERVE_ALL_ATTR=0 -DFEXCORE_PRESERVE_ALL_ATTR="" -DFEX_HAS_PRESERVE_ALL_ATTR=0 -DFEX_PRESERVE_ALL_ATTR="" -DGLOBAL_DATA_DIRECTORY=\"/usr/local/share/fex-emu/\" -DHAS_PROGRAM_INVOCATION_NAME="" -DINLINE="static inline" -DINLINE_LEVEL=4 -DJIT_ARM64 -DSOFTFLOAT_BUILTIN_CLZ=1 -DSOFTFLOAT_FAST_DIV32TO16=1 -DSOFTFLOAT_FAST_DIV64TO32=1 -DSOFTFLOAT_FAST_INT64=1 -D_LARGEFILE64_SOURCE @CMakeFiles/FEXCore_object.dir/includes_CXX.rsp -DFEX_IOS_HOST -O3 -DNDEBUG -fomit-frame-pointer -std=gnu++20 -flto=thin -fvisibility=hidden -fvisibility-inlines-hidden -Wno-trigraphs -fdiagnostics-color=always -fcolor-diagnostics -Wno-deprecated-enum-enum-conversion -Wall -fno-strict-aliasing -fno-exceptions -mcpu=generic -Werror=cast-qual -Werror=ignored-qualifiers -Werror=implicit-fallthrough -ffunction-sections -fwrapv -MD -MT FEXCore/Source/CMakeFiles/FEXCore_object.dir/Utils/Profiler.cpp.obj -MF CMakeFiles/FEXCore_object.dir/Utils/Profiler.cpp.obj.d -o CMakeFiles/FEXCore_object.dir/Utils/Profiler.cpp.obj -c /Users/runner/work/GTASanAndreas3DS/GTASanAndreas3DS/FEX/FEXCore/Source/Utils/Profiler.cpp
[ 87%] Building CXX object FEXCore/Source/CMakeFiles/FEXCore_object.dir/Utils/ArchHelpers/Arm64.cpp.obj
cd /Users/runner/work/GTASanAndreas3DS/GTASanAndreas3DS/FEX/build-arm64ec/FEXCore/Source && /opt/homebrew/bin/ccache sloppiness=time_macros /Users/runner/work/GTASanAndreas3DS/GTASanAndreas3DS/toolchains/llvm-mingw-20260616-ucrt-macos-universal/bin/arm64ec-w64-mingw32-clang++ -DARCHITECTURE_arm64=1 -DARCHITECTURE_arm64ec=1 -DFEXCORE_HAS_PRESERVE_ALL_ATTR=0 -DFEXCORE_PRESERVE_ALL_ATTR="" -DFEX_HAS_PRESERVE_ALL_ATTR=0 -DFEX_PRESERVE_ALL_ATTR="" -DGLOBAL_DATA_DIRECTORY=\"/usr/local/share/fex-emu/\" -DHAS_PROGRAM_INVOCATION_NAME="" -DINLINE="static inline" -DINLINE_LEVEL=4 -DJIT_ARM64 -DSOFTFLOAT_BUILTIN_CLZ=1 -DSOFTFLOAT_FAST_DIV32TO16=1 -DSOFTFLOAT_FAST_DIV64TO32=1 -DSOFTFLOAT_FAST_INT64=1 -D_LARGEFILE64_SOURCE @CMakeFiles/FEXCore_object.dir/includes_CXX.rsp -DFEX_IOS_HOST -O3 -DNDEBUG -fomit-frame-pointer -std=gnu++20 -flto=thin -fvisibility=hidden -fvisibility-inlines-hidden -Wno-trigraphs -fdiagnostics-color=always -fcolor-diagnostics -Wno-deprecated-enum-enum-conversion -Wall -fno-strict-aliasing -fno-exceptions -mcpu=generic -Werror=cast-qual -Werror=ignored-qualifiers -Werror=implicit-fallthrough -ffunction-sections -fwrapv -MD -MT FEXCore/Source/CMakeFiles/FEXCore_object.dir/Utils/ArchHelpers/Arm64.cpp.obj -MF CMakeFiles/FEXCore_object.dir/Utils/ArchHelpers/Arm64.cpp.obj.d -o CMakeFiles/FEXCore_object.dir/Utils/ArchHelpers/Arm64.cpp.obj -c /Users/runner/work/GTASanAndreas3DS/GTASanAndreas3DS/FEX/FEXCore/Source/Utils/ArchHelpers/Arm64.cpp
[ 87%] Built target FEXCore_object
/Applications/Xcode_16.4.app/Contents/Developer/usr/bin/make  -f FEXCore/Source/CMakeFiles/JemallocLibs.dir/build.make FEXCore/Source/CMakeFiles/JemallocLibs.dir/depend
cd /Users/runner/work/GTASanAndreas3DS/GTASanAndreas3DS/FEX/build-arm64ec && /opt/homebrew/bin/cmake -E cmake_depends "Unix Makefiles" /Users/runner/work/GTASanAndreas3DS/GTASanAndreas3DS/FEX /Users/runner/work/GTASanAndreas3DS/GTASanAndreas3DS/FEX/FEXCore/Source /Users/runner/work/GTASanAndreas3DS/GTASanAndreas3DS/FEX/build-arm64ec /Users/runner/work/GTASanAndreas3DS/GTASanAndreas3DS/FEX/build-arm64ec/FEXCore/Source /Users/runner/work/GTASanAndreas3DS/GTASanAndreas3DS/FEX/build-arm64ec/FEXCore/Source/CMakeFiles/JemallocLibs.dir/DependInfo.cmake "--color=" JemallocLibs
/Applications/Xcode_16.4.app/Contents/Developer/usr/bin/make  -f FEXCore/Source/CMakeFiles/JemallocLibs.dir/build.make FEXCore/Source/CMakeFiles/JemallocLibs.dir/build
[ 88%] Building CXX object FEXCore/Source/CMakeFiles/JemallocLibs.dir/Utils/AllocatorHooks.cpp.obj
cd /Users/runner/work/GTASanAndreas3DS/GTASanAndreas3DS/FEX/build-arm64ec/FEXCore/Source && /opt/homebrew/bin/ccache sloppiness=time_macros /Users/runner/work/GTASanAndreas3DS/GTASanAndreas3DS/toolchains/llvm-mingw-20260616-ucrt-macos-universal/bin/arm64ec-w64-mingw32-clang++ -DARCHITECTURE_arm64=1 -DARCHITECTURE_arm64ec=1 -DENABLE_FEX_ALLOCATOR=1 -DFEX_HAS_PRESERVE_ALL_ATTR=0 -DFEX_PRESERVE_ALL_ATTR="" -DGLOBAL_DATA_DIRECTORY=\"/usr/local/share/fex-emu/\" -DHAS_PROGRAM_INVOCATION_NAME="" -D_LARGEFILE64_SOURCE @CMakeFiles/JemallocLibs.dir/includes_CXX.rsp -DFEX_IOS_HOST -O3 -DNDEBUG -fomit-frame-pointer -std=gnu++20 -flto=thin -Wno-trigraphs -fdiagnostics-color=always -fcolor-diagnostics -Wno-deprecated-enum-enum-conversion -Wall -fno-strict-aliasing -fno-exceptions -MD -MT FEXCore/Source/CMakeFiles/JemallocLibs.dir/Utils/AllocatorHooks.cpp.obj -MF CMakeFiles/JemallocLibs.dir/Utils/AllocatorHooks.cpp.obj.d -o CMakeFiles/JemallocLibs.dir/Utils/AllocatorHooks.cpp.obj -c /Users/runner/work/GTASanAndreas3DS/GTASanAndreas3DS/FEX/FEXCore/Source/Utils/AllocatorHooks.cpp
[ 88%] Linking CXX static library libJemallocLibs.a
cd /Users/runner/work/GTASanAndreas3DS/GTASanAndreas3DS/FEX/build-arm64ec/FEXCore/Source && /opt/homebrew/bin/cmake -P CMakeFiles/JemallocLibs.dir/cmake_clean_target.cmake
cd /Users/runner/work/GTASanAndreas3DS/GTASanAndreas3DS/FEX/build-arm64ec/FEXCore/Source && /opt/homebrew/bin/cmake -E cmake_link_script CMakeFiles/JemallocLibs.dir/link.txt --verbose=1
"/Users/runner/work/GTASanAndreas3DS/GTASanAndreas3DS/toolchains/llvm-mingw-20260616-ucrt-macos-universal/bin/arm64ec-w64-mingw32-llvm-ar" qc libJemallocLibs.a CMakeFiles/JemallocLibs.dir/Utils/AllocatorHooks.cpp.obj
"/Users/runner/work/GTASanAndreas3DS/GTASanAndreas3DS/toolchains/llvm-mingw-20260616-ucrt-macos-universal/bin/arm64ec-w64-mingw32-llvm-ranlib" libJemallocLibs.a
[ 88%] Built target JemallocLibs
/Applications/Xcode_16.4.app/Contents/Developer/usr/bin/make  -f Source/Common/cpp-optparse/CMakeFiles/cpp-optparse.dir/build.make Source/Common/cpp-optparse/CMakeFiles/cpp-optparse.dir/depend
cd /Users/runner/work/GTASanAndreas3DS/GTASanAndreas3DS/FEX/build-arm64ec && /opt/homebrew/bin/cmake -E cmake_depends "Unix Makefiles" /Users/runner/work/GTASanAndreas3DS/GTASanAndreas3DS/FEX /Users/runner/work/GTASanAndreas3DS/GTASanAndreas3DS/FEX/Source/Common/cpp-optparse /Users/runner/work/GTASanAndreas3DS/GTASanAndreas3DS/FEX/build-arm64ec /Users/runner/work/GTASanAndreas3DS/GTASanAndreas3DS/FEX/build-arm64ec/Source/Common/cpp-optparse /Users/runner/work/GTASanAndreas3DS/GTASanAndreas3DS/FEX/build-arm64ec/Source/Common/cpp-optparse/CMakeFiles/cpp-optparse.dir/DependInfo.cmake "--color=" cpp-optparse
/Applications/Xcode_16.4.app/Contents/Developer/usr/bin/make  -f Source/Common/cpp-optparse/CMakeFiles/cpp-optparse.dir/build.make Source/Common/cpp-optparse/CMakeFiles/cpp-optparse.dir/build
[ 89%] Building CXX object Source/Common/cpp-optparse/CMakeFiles/cpp-optparse.dir/OptionParser.cpp.obj
cd /Users/runner/work/GTASanAndreas3DS/GTASanAndreas3DS/FEX/build-arm64ec/Source/Common/cpp-optparse && /opt/homebrew/bin/ccache sloppiness=time_macros /Users/runner/work/GTASanAndreas3DS/GTASanAndreas3DS/toolchains/llvm-mingw-20260616-ucrt-macos-universal/bin/arm64ec-w64-mingw32-clang++ -DARCHITECTURE_arm64=1 -DARCHITECTURE_arm64ec=1 -DFEXCORE_HAS_PRESERVE_ALL_ATTR=0 -DFEXCORE_PRESERVE_ALL_ATTR="" -DFEX_HAS_PRESERVE_ALL_ATTR=0 -DFEX_PRESERVE_ALL_ATTR="" -DGLOBAL_DATA_DIRECTORY=\"/usr/local/share/fex-emu/\" -DHAS_PROGRAM_INVOCATION_NAME="" -DINLINE="static inline" -DINLINE_LEVEL=4 -DSOFTFLOAT_BUILTIN_CLZ=1 -DSOFTFLOAT_FAST_DIV32TO16=1 -DSOFTFLOAT_FAST_DIV64TO32=1 -DSOFTFLOAT_FAST_INT64=1 -D_LARGEFILE64_SOURCE @CMakeFiles/cpp-optparse.dir/includes_CXX.rsp -DFEX_IOS_HOST -O3 -DNDEBUG -fomit-frame-pointer -std=gnu++20 -flto=thin -Wno-trigraphs -fdiagnostics-color=always -fcolor-diagnostics -Wno-deprecated-enum-enum-conversion -Wall -fno-strict-aliasing -MD -MT Source/Common/cpp-optparse/CMakeFiles/cpp-optparse.dir/OptionParser.cpp.obj -MF CMakeFiles/cpp-optparse.dir/OptionParser.cpp.obj.d -o CMakeFiles/cpp-optparse.dir/OptionParser.cpp.obj -c /Users/runner/work/GTASanAndreas3DS/GTASanAndreas3DS/FEX/Source/Common/cpp-optparse/OptionParser.cpp
[ 89%] Linking CXX static library libcpp-optparse.a
cd /Users/runner/work/GTASanAndreas3DS/GTASanAndreas3DS/FEX/build-arm64ec/Source/Common/cpp-optparse && /opt/homebrew/bin/cmake -P CMakeFiles/cpp-optparse.dir/cmake_clean_target.cmake
cd /Users/runner/work/GTASanAndreas3DS/GTASanAndreas3DS/FEX/build-arm64ec/Source/Common/cpp-optparse && /opt/homebrew/bin/cmake -E cmake_link_script CMakeFiles/cpp-optparse.dir/link.txt --verbose=1
"/Users/runner/work/GTASanAndreas3DS/GTASanAndreas3DS/toolchains/llvm-mingw-20260616-ucrt-macos-universal/bin/arm64ec-w64-mingw32-llvm-ar" qc libcpp-optparse.a "CMakeFiles/cpp-optparse.dir/OptionParser.cpp.obj"
"/Users/runner/work/GTASanAndreas3DS/GTASanAndreas3DS/toolchains/llvm-mingw-20260616-ucrt-macos-universal/bin/arm64ec-w64-mingw32-llvm-ranlib" libcpp-optparse.a
[ 89%] Built target cpp-optparse
/Applications/Xcode_16.4.app/Contents/Developer/usr/bin/make  -f Source/Common/CMakeFiles/Common.dir/build.make Source/Common/CMakeFiles/Common.dir/depend
cd /Users/runner/work/GTASanAndreas3DS/GTASanAndreas3DS/FEX/build-arm64ec && /opt/homebrew/bin/cmake -E cmake_depends "Unix Makefiles" /Users/runner/work/GTASanAndreas3DS/GTASanAndreas3DS/FEX /Users/runner/work/GTASanAndreas3DS/GTASanAndreas3DS/FEX/Source/Common /Users/runner/work/GTASanAndreas3DS/GTASanAndreas3DS/FEX/build-arm64ec /Users/runner/work/GTASanAndreas3DS/GTASanAndreas3DS/FEX/build-arm64ec/Source/Common /Users/runner/work/GTASanAndreas3DS/GTASanAndreas3DS/FEX/build-arm64ec/Source/Common/CMakeFiles/Common.dir/DependInfo.cmake "--color=" Common
/Applications/Xcode_16.4.app/Contents/Developer/usr/bin/make  -f Source/Common/CMakeFiles/Common.dir/build.make Source/Common/CMakeFiles/Common.dir/build
[ 90%] Building CXX object Source/Common/CMakeFiles/Common.dir/Config.cpp.obj
cd /Users/runner/work/GTASanAndreas3DS/GTASanAndreas3DS/FEX/build-arm64ec/Source/Common && /opt/homebrew/bin/ccache sloppiness=time_macros /Users/runner/work/GTASanAndreas3DS/GTASanAndreas3DS/toolchains/llvm-mingw-20260616-ucrt-macos-universal/bin/arm64ec-w64-mingw32-clang++ -DARCHITECTURE_arm64=1 -DARCHITECTURE_arm64ec=1 -DFEXCORE_HAS_PRESERVE_ALL_ATTR=0 -DFEXCORE_PRESERVE_ALL_ATTR="" -DFEX_HAS_PRESERVE_ALL_ATTR=0 -DFEX_PRESERVE_ALL_ATTR="" -DGLOBAL_DATA_DIRECTORY=\"/usr/local/share/fex-emu/\" -DHAS_PROGRAM_INVOCATION_NAME="" -DINLINE="static inline" -DINLINE_LEVEL=4 -DRANGES_DISABLE_DEPRECATED_WARNINGS -DSOFTFLOAT_BUILTIN_CLZ=1 -DSOFTFLOAT_FAST_DIV32TO16=1 -DSOFTFLOAT_FAST_DIV64TO32=1 -DSOFTFLOAT_FAST_INT64=1 -D_LARGEFILE64_SOURCE @CMakeFiles/Common.dir/includes_CXX.rsp -DFEX_IOS_HOST -O3 -DNDEBUG -fomit-frame-pointer -std=gnu++20 -flto=thin -fvisibility=hidden -fvisibility-inlines-hidden -Wno-trigraphs -fdiagnostics-color=always -fcolor-diagnostics -Wno-deprecated-enum-enum-conversion -Wall -fno-strict-aliasing -MD -MT Source/Common/CMakeFiles/Common.dir/Config.cpp.obj -MF CMakeFiles/Common.dir/Config.cpp.obj.d -o CMakeFiles/Common.dir/Config.cpp.obj -c /Users/runner/work/GTASanAndreas3DS/GTASanAndreas3DS/FEX/Source/Common/Config.cpp
[ 90%] Building CXX object Source/Common/CMakeFiles/Common.dir/CPUInfo.cpp.obj
cd /Users/runner/work/GTASanAndreas3DS/GTASanAndreas3DS/FEX/build-arm64ec/Source/Common && /opt/homebrew/bin/ccache sloppiness=time_macros /Users/runner/work/GTASanAndreas3DS/GTASanAndreas3DS/toolchains/llvm-mingw-20260616-ucrt-macos-universal/bin/arm64ec-w64-mingw32-clang++ -DARCHITECTURE_arm64=1 -DARCHITECTURE_arm64ec=1 -DFEXCORE_HAS_PRESERVE_ALL_ATTR=0 -DFEXCORE_PRESERVE_ALL_ATTR="" -DFEX_HAS_PRESERVE_ALL_ATTR=0 -DFEX_PRESERVE_ALL_ATTR="" -DGLOBAL_DATA_DIRECTORY=\"/usr/local/share/fex-emu/\" -DHAS_PROGRAM_INVOCATION_NAME="" -DINLINE="static inline" -DINLINE_LEVEL=4 -DRANGES_DISABLE_DEPRECATED_WARNINGS -DSOFTFLOAT_BUILTIN_CLZ=1 -DSOFTFLOAT_FAST_DIV32TO16=1 -DSOFTFLOAT_FAST_DIV64TO32=1 -DSOFTFLOAT_FAST_INT64=1 -D_LARGEFILE64_SOURCE @CMakeFiles/Common.dir/includes_CXX.rsp -DFEX_IOS_HOST -O3 -DNDEBUG -fomit-frame-pointer -std=gnu++20 -flto=thin -fvisibility=hidden -fvisibility-inlines-hidden -Wno-trigraphs -fdiagnostics-color=always -fcolor-diagnostics -Wno-deprecated-enum-enum-conversion -Wall -fno-strict-aliasing -MD -MT Source/Common/CMakeFiles/Common.dir/CPUInfo.cpp.obj -MF CMakeFiles/Common.dir/CPUInfo.cpp.obj.d -o CMakeFiles/Common.dir/CPUInfo.cpp.obj -c /Users/runner/work/GTASanAndreas3DS/GTASanAndreas3DS/FEX/Source/Common/CPUInfo.cpp
[ 91%] Building CXX object Source/Common/CMakeFiles/Common.dir/ArgumentLoader.cpp.obj
cd /Users/runner/work/GTASanAndreas3DS/GTASanAndreas3DS/FEX/build-arm64ec/Source/Common && /opt/homebrew/bin/ccache sloppiness=time_macros /Users/runner/work/GTASanAndreas3DS/GTASanAndreas3DS/toolchains/llvm-mingw-20260616-ucrt-macos-universal/bin/arm64ec-w64-mingw32-clang++ -DARCHITECTURE_arm64=1 -DARCHITECTURE_arm64ec=1 -DFEXCORE_HAS_PRESERVE_ALL_ATTR=0 -DFEXCORE_PRESERVE_ALL_ATTR="" -DFEX_HAS_PRESERVE_ALL_ATTR=0 -DFEX_PRESERVE_ALL_ATTR="" -DGLOBAL_DATA_DIRECTORY=\"/usr/local/share/fex-emu/\" -DHAS_PROGRAM_INVOCATION_NAME="" -DINLINE="static inline" -DINLINE_LEVEL=4 -DRANGES_DISABLE_DEPRECATED_WARNINGS -DSOFTFLOAT_BUILTIN_CLZ=1 -DSOFTFLOAT_FAST_DIV32TO16=1 -DSOFTFLOAT_FAST_DIV64TO32=1 -DSOFTFLOAT_FAST_INT64=1 -D_LARGEFILE64_SOURCE @CMakeFiles/Common.dir/includes_CXX.rsp -DFEX_IOS_HOST -O3 -DNDEBUG -fomit-frame-pointer -std=gnu++20 -flto=thin -fvisibility=hidden -fvisibility-inlines-hidden -Wno-trigraphs -fdiagnostics-color=always -fcolor-diagnostics -Wno-deprecated-enum-enum-conversion -Wall -fno-strict-aliasing -MD -MT Source/Common/CMakeFiles/Common.dir/ArgumentLoader.cpp.obj -MF CMakeFiles/Common.dir/ArgumentLoader.cpp.obj.d -o CMakeFiles/Common.dir/ArgumentLoader.cpp.obj -c /Users/runner/work/GTASanAndreas3DS/GTASanAndreas3DS/FEX/Source/Common/ArgumentLoader.cpp
[ 91%] Building CXX object Source/Common/CMakeFiles/Common.dir/HostFeatures.cpp.obj
cd /Users/runner/work/GTASanAndreas3DS/GTASanAndreas3DS/FEX/build-arm64ec/Source/Common && /opt/homebrew/bin/ccache sloppiness=time_macros /Users/runner/work/GTASanAndreas3DS/GTASanAndreas3DS/toolchains/llvm-mingw-20260616-ucrt-macos-universal/bin/arm64ec-w64-mingw32-clang++ -DARCHITECTURE_arm64=1 -DARCHITECTURE_arm64ec=1 -DFEXCORE_HAS_PRESERVE_ALL_ATTR=0 -DFEXCORE_PRESERVE_ALL_ATTR="" -DFEX_HAS_PRESERVE_ALL_ATTR=0 -DFEX_PRESERVE_ALL_ATTR="" -DGLOBAL_DATA_DIRECTORY=\"/usr/local/share/fex-emu/\" -DHAS_PROGRAM_INVOCATION_NAME="" -DINLINE="static inline" -DINLINE_LEVEL=4 -DRANGES_DISABLE_DEPRECATED_WARNINGS -DSOFTFLOAT_BUILTIN_CLZ=1 -DSOFTFLOAT_FAST_DIV32TO16=1 -DSOFTFLOAT_FAST_DIV64TO32=1 -DSOFTFLOAT_FAST_INT64=1 -D_LARGEFILE64_SOURCE @CMakeFiles/Common.dir/includes_CXX.rsp -DFEX_IOS_HOST -O3 -DNDEBUG -fomit-frame-pointer -std=gnu++20 -flto=thin -fvisibility=hidden -fvisibility-inlines-hidden -Wno-trigraphs -fdiagnostics-color=always -fcolor-diagnostics -Wno-deprecated-enum-enum-conversion -Wall -fno-strict-aliasing -MD -MT Source/Common/CMakeFiles/Common.dir/HostFeatures.cpp.obj -MF CMakeFiles/Common.dir/HostFeatures.cpp.obj.d -o CMakeFiles/Common.dir/HostFeatures.cpp.obj -c /Users/runner/work/GTASanAndreas3DS/GTASanAndreas3DS/FEX/Source/Common/HostFeatures.cpp
[ 92%] Building CXX object Source/Common/CMakeFiles/Common.dir/JSONPool.cpp.obj
cd /Users/runner/work/GTASanAndreas3DS/GTASanAndreas3DS/FEX/build-arm64ec/Source/Common && /opt/homebrew/bin/ccache sloppiness=time_macros /Users/runner/work/GTASanAndreas3DS/GTASanAndreas3DS/toolchains/llvm-mingw-20260616-ucrt-macos-universal/bin/arm64ec-w64-mingw32-clang++ -DARCHITECTURE_arm64=1 -DARCHITECTURE_arm64ec=1 -DFEXCORE_HAS_PRESERVE_ALL_ATTR=0 -DFEXCORE_PRESERVE_ALL_ATTR="" -DFEX_HAS_PRESERVE_ALL_ATTR=0 -DFEX_PRESERVE_ALL_ATTR="" -DGLOBAL_DATA_DIRECTORY=\"/usr/local/share/fex-emu/\" -DHAS_PROGRAM_INVOCATION_NAME="" -DINLINE="static inline" -DINLINE_LEVEL=4 -DRANGES_DISABLE_DEPRECATED_WARNINGS -DSOFTFLOAT_BUILTIN_CLZ=1 -DSOFTFLOAT_FAST_DIV32TO16=1 -DSOFTFLOAT_FAST_DIV64TO32=1 -DSOFTFLOAT_FAST_INT64=1 -D_LARGEFILE64_SOURCE @CMakeFiles/Common.dir/includes_CXX.rsp -DFEX_IOS_HOST -O3 -DNDEBUG -fomit-frame-pointer -std=gnu++20 -flto=thin -fvisibility=hidden -fvisibility-inlines-hidden -Wno-trigraphs -fdiagnostics-color=always -fcolor-diagnostics -Wno-deprecated-enum-enum-conversion -Wall -fno-strict-aliasing -MD -MT Source/Common/CMakeFiles/Common.dir/JSONPool.cpp.obj -MF CMakeFiles/Common.dir/JSONPool.cpp.obj.d -o CMakeFiles/Common.dir/JSONPool.cpp.obj -c /Users/runner/work/GTASanAndreas3DS/GTASanAndreas3DS/FEX/Source/Common/JSONPool.cpp
[ 92%] Building CXX object Source/Common/CMakeFiles/Common.dir/SHMStats.cpp.obj
cd /Users/runner/work/GTASanAndreas3DS/GTASanAndreas3DS/FEX/build-arm64ec/Source/Common && /opt/homebrew/bin/ccache sloppiness=time_macros /Users/runner/work/GTASanAndreas3DS/GTASanAndreas3DS/toolchains/llvm-mingw-20260616-ucrt-macos-universal/bin/arm64ec-w64-mingw32-clang++ -DARCHITECTURE_arm64=1 -DARCHITECTURE_arm64ec=1 -DFEXCORE_HAS_PRESERVE_ALL_ATTR=0 -DFEXCORE_PRESERVE_ALL_ATTR="" -DFEX_HAS_PRESERVE_ALL_ATTR=0 -DFEX_PRESERVE_ALL_ATTR="" -DGLOBAL_DATA_DIRECTORY=\"/usr/local/share/fex-emu/\" -DHAS_PROGRAM_INVOCATION_NAME="" -DINLINE="static inline" -DINLINE_LEVEL=4 -DRANGES_DISABLE_DEPRECATED_WARNINGS -DSOFTFLOAT_BUILTIN_CLZ=1 -DSOFTFLOAT_FAST_DIV32TO16=1 -DSOFTFLOAT_FAST_DIV64TO32=1 -DSOFTFLOAT_FAST_INT64=1 -D_LARGEFILE64_SOURCE @CMakeFiles/Common.dir/includes_CXX.rsp -DFEX_IOS_HOST -O3 -DNDEBUG -fomit-frame-pointer -std=gnu++20 -flto=thin -fvisibility=hidden -fvisibility-inlines-hidden -Wno-trigraphs -fdiagnostics-color=always -fcolor-diagnostics -Wno-deprecated-enum-enum-conversion -Wall -fno-strict-aliasing -MD -MT Source/Common/CMakeFiles/Common.dir/SHMStats.cpp.obj -MF CMakeFiles/Common.dir/SHMStats.cpp.obj.d -o CMakeFiles/Common.dir/SHMStats.cpp.obj -c /Users/runner/work/GTASanAndreas3DS/GTASanAndreas3DS/FEX/Source/Common/SHMStats.cpp
[ 93%] Building CXX object Source/Common/CMakeFiles/Common.dir/VolatileMetadata.cpp.obj
cd /Users/runner/work/GTASanAndreas3DS/GTASanAndreas3DS/FEX/build-arm64ec/Source/Common && /opt/homebrew/bin/ccache sloppiness=time_macros /Users/runner/work/GTASanAndreas3DS/GTASanAndreas3DS/toolchains/llvm-mingw-20260616-ucrt-macos-universal/bin/arm64ec-w64-mingw32-clang++ -DARCHITECTURE_arm64=1 -DARCHITECTURE_arm64ec=1 -DFEXCORE_HAS_PRESERVE_ALL_ATTR=0 -DFEXCORE_PRESERVE_ALL_ATTR="" -DFEX_HAS_PRESERVE_ALL_ATTR=0 -DFEX_PRESERVE_ALL_ATTR="" -DGLOBAL_DATA_DIRECTORY=\"/usr/local/share/fex-emu/\" -DHAS_PROGRAM_INVOCATION_NAME="" -DINLINE="static inline" -DINLINE_LEVEL=4 -DRANGES_DISABLE_DEPRECATED_WARNINGS -DSOFTFLOAT_BUILTIN_CLZ=1 -DSOFTFLOAT_FAST_DIV32TO16=1 -DSOFTFLOAT_FAST_DIV64TO32=1 -DSOFTFLOAT_FAST_INT64=1 -D_LARGEFILE64_SOURCE @CMakeFiles/Common.dir/includes_CXX.rsp -DFEX_IOS_HOST -O3 -DNDEBUG -fomit-frame-pointer -std=gnu++20 -flto=thin -fvisibility=hidden -fvisibility-inlines-hidden -Wno-trigraphs -fdiagnostics-color=always -fcolor-diagnostics -Wno-deprecated-enum-enum-conversion -Wall -fno-strict-aliasing -MD -MT Source/Common/CMakeFiles/Common.dir/VolatileMetadata.cpp.obj -MF CMakeFiles/Common.dir/VolatileMetadata.cpp.obj.d -o CMakeFiles/Common.dir/VolatileMetadata.cpp.obj -c /Users/runner/work/GTASanAndreas3DS/GTASanAndreas3DS/FEX/Source/Common/VolatileMetadata.cpp
[ 93%] Linking CXX static library libCommon.a
cd /Users/runner/work/GTASanAndreas3DS/GTASanAndreas3DS/FEX/build-arm64ec/Source/Common && /opt/homebrew/bin/cmake -P CMakeFiles/Common.dir/cmake_clean_target.cmake
cd /Users/runner/work/GTASanAndreas3DS/GTASanAndreas3DS/FEX/build-arm64ec/Source/Common && /opt/homebrew/bin/cmake -E cmake_link_script CMakeFiles/Common.dir/link.txt --verbose=1
"/Users/runner/work/GTASanAndreas3DS/GTASanAndreas3DS/toolchains/llvm-mingw-20260616-ucrt-macos-universal/bin/arm64ec-w64-mingw32-llvm-ar" qc libCommon.a CMakeFiles/Common.dir/Config.cpp.obj CMakeFiles/Common.dir/CPUInfo.cpp.obj CMakeFiles/Common.dir/ArgumentLoader.cpp.obj CMakeFiles/Common.dir/HostFeatures.cpp.obj CMakeFiles/Common.dir/JSONPool.cpp.obj CMakeFiles/Common.dir/SHMStats.cpp.obj CMakeFiles/Common.dir/VolatileMetadata.cpp.obj
"/Users/runner/work/GTASanAndreas3DS/GTASanAndreas3DS/toolchains/llvm-mingw-20260616-ucrt-macos-universal/bin/arm64ec-w64-mingw32-llvm-ranlib" libCommon.a
[ 93%] Built target Common
/Applications/Xcode_16.4.app/Contents/Developer/usr/bin/make  -f Source/Tools/CommonTools/CMakeFiles/CommonTools.dir/build.make Source/Tools/CommonTools/CMakeFiles/CommonTools.dir/depend
cd /Users/runner/work/GTASanAndreas3DS/GTASanAndreas3DS/FEX/build-arm64ec && /opt/homebrew/bin/cmake -E cmake_depends "Unix Makefiles" /Users/runner/work/GTASanAndreas3DS/GTASanAndreas3DS/FEX /Users/runner/work/GTASanAndreas3DS/GTASanAndreas3DS/FEX/Source/Tools/CommonTools /Users/runner/work/GTASanAndreas3DS/GTASanAndreas3DS/FEX/build-arm64ec /Users/runner/work/GTASanAndreas3DS/GTASanAndreas3DS/FEX/build-arm64ec/Source/Tools/CommonTools /Users/runner/work/GTASanAndreas3DS/GTASanAndreas3DS/FEX/build-arm64ec/Source/Tools/CommonTools/CMakeFiles/CommonTools.dir/DependInfo.cmake "--color=" CommonTools
/Applications/Xcode_16.4.app/Contents/Developer/usr/bin/make  -f Source/Tools/CommonTools/CMakeFiles/CommonTools.dir/build.make Source/Tools/CommonTools/CMakeFiles/CommonTools.dir/build
[ 94%] Building CXX object Source/Tools/CommonTools/CMakeFiles/CommonTools.dir/DummyHandlers.cpp.obj
cd /Users/runner/work/GTASanAndreas3DS/GTASanAndreas3DS/FEX/build-arm64ec/Source/Tools/CommonTools && /opt/homebrew/bin/ccache sloppiness=time_macros /Users/runner/work/GTASanAndreas3DS/GTASanAndreas3DS/toolchains/llvm-mingw-20260616-ucrt-macos-universal/bin/arm64ec-w64-mingw32-clang++ -DARCHITECTURE_arm64=1 -DARCHITECTURE_arm64ec=1 -DFEXCORE_HAS_PRESERVE_ALL_ATTR=0 -DFEXCORE_PRESERVE_ALL_ATTR="" -DFEX_HAS_PRESERVE_ALL_ATTR=0 -DFEX_PRESERVE_ALL_ATTR="" -DGLOBAL_DATA_DIRECTORY=\"/usr/local/share/fex-emu/\" -DHAS_PROGRAM_INVOCATION_NAME="" -DINLINE="static inline" -DINLINE_LEVEL=4 -DSOFTFLOAT_BUILTIN_CLZ=1 -DSOFTFLOAT_FAST_DIV32TO16=1 -DSOFTFLOAT_FAST_DIV64TO32=1 -DSOFTFLOAT_FAST_INT64=1 -D_LARGEFILE64_SOURCE @CMakeFiles/CommonTools.dir/includes_CXX.rsp -DFEX_IOS_HOST -O3 -DNDEBUG -fomit-frame-pointer -std=gnu++20 -flto=thin -Wno-trigraphs -fdiagnostics-color=always -fcolor-diagnostics -Wno-deprecated-enum-enum-conversion -Wall -fno-strict-aliasing -MD -MT Source/Tools/CommonTools/CMakeFiles/CommonTools.dir/DummyHandlers.cpp.obj -MF CMakeFiles/CommonTools.dir/DummyHandlers.cpp.obj.d -o CMakeFiles/CommonTools.dir/DummyHandlers.cpp.obj -c /Users/runner/work/GTASanAndreas3DS/GTASanAndreas3DS/FEX/Source/Tools/CommonTools/DummyHandlers.cpp
[ 94%] Linking CXX static library libCommonTools.a
cd /Users/runner/work/GTASanAndreas3DS/GTASanAndreas3DS/FEX/build-arm64ec/Source/Tools/CommonTools && /opt/homebrew/bin/cmake -P CMakeFiles/CommonTools.dir/cmake_clean_target.cmake
cd /Users/runner/work/GTASanAndreas3DS/GTASanAndreas3DS/FEX/build-arm64ec/Source/Tools/CommonTools && /opt/homebrew/bin/cmake -E cmake_link_script CMakeFiles/CommonTools.dir/link.txt --verbose=1
"/Users/runner/work/GTASanAndreas3DS/GTASanAndreas3DS/toolchains/llvm-mingw-20260616-ucrt-macos-universal/bin/arm64ec-w64-mingw32-llvm-ar" qc libCommonTools.a CMakeFiles/CommonTools.dir/DummyHandlers.cpp.obj
"/Users/runner/work/GTASanAndreas3DS/GTASanAndreas3DS/toolchains/llvm-mingw-20260616-ucrt-macos-universal/bin/arm64ec-w64-mingw32-llvm-ranlib" libCommonTools.a
[ 94%] Built target CommonTools
/Applications/Xcode_16.4.app/Contents/Developer/usr/bin/make  -f Source/Windows/CMakeFiles/ntdll_exlib.dir/build.make Source/Windows/CMakeFiles/ntdll_exlib.dir/depend
cd /Users/runner/work/GTASanAndreas3DS/GTASanAndreas3DS/FEX/build-arm64ec && /opt/homebrew/bin/cmake -E cmake_depends "Unix Makefiles" /Users/runner/work/GTASanAndreas3DS/GTASanAndreas3DS/FEX /Users/runner/work/GTASanAndreas3DS/GTASanAndreas3DS/FEX/Source/Windows /Users/runner/work/GTASanAndreas3DS/GTASanAndreas3DS/FEX/build-arm64ec /Users/runner/work/GTASanAndreas3DS/GTASanAndreas3DS/FEX/build-arm64ec/Source/Windows /Users/runner/work/GTASanAndreas3DS/GTASanAndreas3DS/FEX/build-arm64ec/Source/Windows/CMakeFiles/ntdll_exlib.dir/DependInfo.cmake "--color=" ntdll_exlib
/Applications/Xcode_16.4.app/Contents/Developer/usr/bin/make  -f Source/Windows/CMakeFiles/ntdll_exlib.dir/build.make Source/Windows/CMakeFiles/ntdll_exlib.dir/build
[ 94%] Building libntdll_ex.a
cd /Users/runner/work/GTASanAndreas3DS/GTASanAndreas3DS/FEX/build-arm64ec/Source/Windows && arm64ec-w64-mingw32-dlltool -d /Users/runner/work/GTASanAndreas3DS/GTASanAndreas3DS/FEX/Source/Windows/Defs/ntdll.def -k -l libntdll_ex.a
[ 94%] Built target ntdll_exlib
/Applications/Xcode_16.4.app/Contents/Developer/usr/bin/make  -f Source/Windows/Common/CMakeFiles/CommonWindowsRuntime.dir/build.make Source/Windows/Common/CMakeFiles/CommonWindowsRuntime.dir/depend
cd /Users/runner/work/GTASanAndreas3DS/GTASanAndreas3DS/FEX/build-arm64ec && /opt/homebrew/bin/cmake -E cmake_depends "Unix Makefiles" /Users/runner/work/GTASanAndreas3DS/GTASanAndreas3DS/FEX /Users/runner/work/GTASanAndreas3DS/GTASanAndreas3DS/FEX/Source/Windows/Common /Users/runner/work/GTASanAndreas3DS/GTASanAndreas3DS/FEX/build-arm64ec /Users/runner/work/GTASanAndreas3DS/GTASanAndreas3DS/FEX/build-arm64ec/Source/Windows/Common /Users/runner/work/GTASanAndreas3DS/GTASanAndreas3DS/FEX/build-arm64ec/Source/Windows/Common/CMakeFiles/CommonWindowsRuntime.dir/DependInfo.cmake "--color=" CommonWindowsRuntime
Dependee "/Users/runner/work/GTASanAndreas3DS/GTASanAndreas3DS/FEX/build-arm64ec/Source/Windows/Common/CMakeFiles/CommonWindowsRuntime.dir/DependInfo.cmake" is newer than depender "/Users/runner/work/GTASanAndreas3DS/GTASanAndreas3DS/FEX/build-arm64ec/Source/Windows/Common/CMakeFiles/CommonWindowsRuntime.dir/depend.internal".
Dependee "/Users/runner/work/GTASanAndreas3DS/GTASanAndreas3DS/FEX/build-arm64ec/Source/Windows/Common/CMakeFiles/CMakeDirectoryInformation.cmake" is newer than depender "/Users/runner/work/GTASanAndreas3DS/GTASanAndreas3DS/FEX/build-arm64ec/Source/Windows/Common/CMakeFiles/CommonWindowsRuntime.dir/depend.internal".
Scanning dependencies of target CommonWindowsRuntime
/Applications/Xcode_16.4.app/Contents/Developer/usr/bin/make  -f Source/Windows/Common/CMakeFiles/CommonWindowsRuntime.dir/build.make Source/Windows/Common/CMakeFiles/CommonWindowsRuntime.dir/build
[ 94%] Building ASM object Source/Windows/Common/CMakeFiles/CommonWindowsRuntime.dir/LoadConfig.S.obj
cd /Users/runner/work/GTASanAndreas3DS/GTASanAndreas3DS/FEX/build-arm64ec/Source/Windows/Common && /opt/homebrew/bin/ccache sloppiness=time_macros /Users/runner/work/GTASanAndreas3DS/GTASanAndreas3DS/toolchains/llvm-mingw-20260616-ucrt-macos-universal/bin/arm64ec-w64-mingw32-clang -DARCHITECTURE_arm64=1 -DARCHITECTURE_arm64ec=1 -DFEXCORE_HAS_PRESERVE_ALL_ATTR=0 -DFEXCORE_PRESERVE_ALL_ATTR="" -DFEX_HAS_PRESERVE_ALL_ATTR=0 -DFEX_PRESERVE_ALL_ATTR="" -DGLOBAL_DATA_DIRECTORY=\"/usr/local/share/fex-emu/\" -DHAS_PROGRAM_INVOCATION_NAME="" -DINLINE="static inline" -DINLINE_LEVEL=4 -DSOFTFLOAT_BUILTIN_CLZ=1 -DSOFTFLOAT_FAST_DIV32TO16=1 -DSOFTFLOAT_FAST_DIV64TO32=1 -DSOFTFLOAT_FAST_INT64=1 -D_LARGEFILE64_SOURCE @CMakeFiles/CommonWindowsRuntime.dir/includes_ASM.rsp -O3 -DNDEBUG -Wno-trigraphs -fdiagnostics-color=always -fcolor-diagnostics -Wno-deprecated-enum-enum-conversion -Wall -Wno-inconsistent-dllimport -o CMakeFiles/CommonWindowsRuntime.dir/LoadConfig.S.obj -c /Users/runner/work/GTASanAndreas3DS/GTASanAndreas3DS/FEX/Source/Windows/Common/LoadConfig.S
[ 95%] Building CXX object Source/Windows/Common/CMakeFiles/CommonWindowsRuntime.dir/CRT/CRT_iOS.cpp.obj
cd /Users/runner/work/GTASanAndreas3DS/GTASanAndreas3DS/FEX/build-arm64ec/Source/Windows/Common && /opt/homebrew/bin/ccache sloppiness=time_macros /Users/runner/work/GTASanAndreas3DS/GTASanAndreas3DS/toolchains/llvm-mingw-20260616-ucrt-macos-universal/bin/arm64ec-w64-mingw32-clang++ -DARCHITECTURE_arm64=1 -DARCHITECTURE_arm64ec=1 -DFEXCORE_HAS_PRESERVE_ALL_ATTR=0 -DFEXCORE_PRESERVE_ALL_ATTR="" -DFEX_HAS_PRESERVE_ALL_ATTR=0 -DFEX_PRESERVE_ALL_ATTR="" -DGLOBAL_DATA_DIRECTORY=\"/usr/local/share/fex-emu/\" -DHAS_PROGRAM_INVOCATION_NAME="" -DINLINE="static inline" -DINLINE_LEVEL=4 -DSOFTFLOAT_BUILTIN_CLZ=1 -DSOFTFLOAT_FAST_DIV32TO16=1 -DSOFTFLOAT_FAST_DIV64TO32=1 -DSOFTFLOAT_FAST_INT64=1 -D_LARGEFILE64_SOURCE @CMakeFiles/CommonWindowsRuntime.dir/includes_CXX.rsp -DFEX_IOS_HOST -O3 -DNDEBUG -fomit-frame-pointer -std=gnu++20 -flto=thin -Wno-trigraphs -fdiagnostics-color=always -fcolor-diagnostics -Wno-deprecated-enum-enum-conversion -Wall -fno-strict-aliasing -Wno-inconsistent-dllimport -MD -MT Source/Windows/Common/CMakeFiles/CommonWindowsRuntime.dir/CRT/CRT_iOS.cpp.obj -MF CMakeFiles/CommonWindowsRuntime.dir/CRT/CRT_iOS.cpp.obj.d -o CMakeFiles/CommonWindowsRuntime.dir/CRT/CRT_iOS.cpp.obj -c /Users/runner/work/GTASanAndreas3DS/GTASanAndreas3DS/FEX/Source/Windows/Common/CRT/CRT_iOS.cpp
[ 95%] Building CXX object Source/Windows/Common/CMakeFiles/CommonWindowsRuntime.dir/WinAPI/Alloc.cpp.obj
cd /Users/runner/work/GTASanAndreas3DS/GTASanAndreas3DS/FEX/build-arm64ec/Source/Windows/Common && /opt/homebrew/bin/ccache sloppiness=time_macros /Users/runner/work/GTASanAndreas3DS/GTASanAndreas3DS/toolchains/llvm-mingw-20260616-ucrt-macos-universal/bin/arm64ec-w64-mingw32-clang++ -DARCHITECTURE_arm64=1 -DARCHITECTURE_arm64ec=1 -DFEXCORE_HAS_PRESERVE_ALL_ATTR=0 -DFEXCORE_PRESERVE_ALL_ATTR="" -DFEX_HAS_PRESERVE_ALL_ATTR=0 -DFEX_PRESERVE_ALL_ATTR="" -DGLOBAL_DATA_DIRECTORY=\"/usr/local/share/fex-emu/\" -DHAS_PROGRAM_INVOCATION_NAME="" -DINLINE="static inline" -DINLINE_LEVEL=4 -DSOFTFLOAT_BUILTIN_CLZ=1 -DSOFTFLOAT_FAST_DIV32TO16=1 -DSOFTFLOAT_FAST_DIV64TO32=1 -DSOFTFLOAT_FAST_INT64=1 -D_LARGEFILE64_SOURCE @CMakeFiles/CommonWindowsRuntime.dir/includes_CXX.rsp -DFEX_IOS_HOST -O3 -DNDEBUG -fomit-frame-pointer -std=gnu++20 -flto=thin -Wno-trigraphs -fdiagnostics-color=always -fcolor-diagnostics -Wno-deprecated-enum-enum-conversion -Wall -fno-strict-aliasing -Wno-inconsistent-dllimport -MD -MT Source/Windows/Common/CMakeFiles/CommonWindowsRuntime.dir/WinAPI/Alloc.cpp.obj -MF CMakeFiles/CommonWindowsRuntime.dir/WinAPI/Alloc.cpp.obj.d -o CMakeFiles/CommonWindowsRuntime.dir/WinAPI/Alloc.cpp.obj -c /Users/runner/work/GTASanAndreas3DS/GTASanAndreas3DS/FEX/Source/Windows/Common/WinAPI/Alloc.cpp
[ 96%] Building CXX object Source/Windows/Common/CMakeFiles/CommonWindowsRuntime.dir/WinAPI/Sync.cpp.obj
cd /Users/runner/work/GTASanAndreas3DS/GTASanAndreas3DS/FEX/build-arm64ec/Source/Windows/Common && /opt/homebrew/bin/ccache sloppiness=time_macros /Users/runner/work/GTASanAndreas3DS/GTASanAndreas3DS/toolchains/llvm-mingw-20260616-ucrt-macos-universal/bin/arm64ec-w64-mingw32-clang++ -DARCHITECTURE_arm64=1 -DARCHITECTURE_arm64ec=1 -DFEXCORE_HAS_PRESERVE_ALL_ATTR=0 -DFEXCORE_PRESERVE_ALL_ATTR="" -DFEX_HAS_PRESERVE_ALL_ATTR=0 -DFEX_PRESERVE_ALL_ATTR="" -DGLOBAL_DATA_DIRECTORY=\"/usr/local/share/fex-emu/\" -DHAS_PROGRAM_INVOCATION_NAME="" -DINLINE="static inline" -DINLINE_LEVEL=4 -DSOFTFLOAT_BUILTIN_CLZ=1 -DSOFTFLOAT_FAST_DIV32TO16=1 -DSOFTFLOAT_FAST_DIV64TO32=1 -DSOFTFLOAT_FAST_INT64=1 -D_LARGEFILE64_SOURCE @CMakeFiles/CommonWindowsRuntime.dir/includes_CXX.rsp -DFEX_IOS_HOST -O3 -DNDEBUG -fomit-frame-pointer -std=gnu++20 -flto=thin -Wno-trigraphs -fdiagnostics-color=always -fcolor-diagnostics -Wno-deprecated-enum-enum-conversion -Wall -fno-strict-aliasing -Wno-inconsistent-dllimport -MD -MT Source/Windows/Common/CMakeFiles/CommonWindowsRuntime.dir/WinAPI/Sync.cpp.obj -MF CMakeFiles/CommonWindowsRuntime.dir/WinAPI/Sync.cpp.obj.d -o CMakeFiles/CommonWindowsRuntime.dir/WinAPI/Sync.cpp.obj -c /Users/runner/work/GTASanAndreas3DS/GTASanAndreas3DS/FEX/Source/Windows/Common/WinAPI/Sync.cpp
[ 96%] Building CXX object Source/Windows/Common/CMakeFiles/CommonWindowsRuntime.dir/WinAPI/IO.cpp.obj
cd /Users/runner/work/GTASanAndreas3DS/GTASanAndreas3DS/FEX/build-arm64ec/Source/Windows/Common && /opt/homebrew/bin/ccache sloppiness=time_macros /Users/runner/work/GTASanAndreas3DS/GTASanAndreas3DS/toolchains/llvm-mingw-20260616-ucrt-macos-universal/bin/arm64ec-w64-mingw32-clang++ -DARCHITECTURE_arm64=1 -DARCHITECTURE_arm64ec=1 -DFEXCORE_HAS_PRESERVE_ALL_ATTR=0 -DFEXCORE_PRESERVE_ALL_ATTR="" -DFEX_HAS_PRESERVE_ALL_ATTR=0 -DFEX_PRESERVE_ALL_ATTR="" -DGLOBAL_DATA_DIRECTORY=\"/usr/local/share/fex-emu/\" -DHAS_PROGRAM_INVOCATION_NAME="" -DINLINE="static inline" -DINLINE_LEVEL=4 -DSOFTFLOAT_BUILTIN_CLZ=1 -DSOFTFLOAT_FAST_DIV32TO16=1 -DSOFTFLOAT_FAST_DIV64TO32=1 -DSOFTFLOAT_FAST_INT64=1 -D_LARGEFILE64_SOURCE @CMakeFiles/CommonWindowsRuntime.dir/includes_CXX.rsp -DFEX_IOS_HOST -O3 -DNDEBUG -fomit-frame-pointer -std=gnu++20 -flto=thin -Wno-trigraphs -fdiagnostics-color=always -fcolor-diagnostics -Wno-deprecated-enum-enum-conversion -Wall -fno-strict-aliasing -Wno-inconsistent-dllimport -MD -MT Source/Windows/Common/CMakeFiles/CommonWindowsRuntime.dir/WinAPI/IO.cpp.obj -MF CMakeFiles/CommonWindowsRuntime.dir/WinAPI/IO.cpp.obj.d -o CMakeFiles/CommonWindowsRuntime.dir/WinAPI/IO.cpp.obj -c /Users/runner/work/GTASanAndreas3DS/GTASanAndreas3DS/FEX/Source/Windows/Common/WinAPI/IO.cpp
[ 97%] Building CXX object Source/Windows/Common/CMakeFiles/CommonWindowsRuntime.dir/WinAPI/Misc.cpp.obj
cd /Users/runner/work/GTASanAndreas3DS/GTASanAndreas3DS/FEX/build-arm64ec/Source/Windows/Common && /opt/homebrew/bin/ccache sloppiness=time_macros /Users/runner/work/GTASanAndreas3DS/GTASanAndreas3DS/toolchains/llvm-mingw-20260616-ucrt-macos-universal/bin/arm64ec-w64-mingw32-clang++ -DARCHITECTURE_arm64=1 -DARCHITECTURE_arm64ec=1 -DFEXCORE_HAS_PRESERVE_ALL_ATTR=0 -DFEXCORE_PRESERVE_ALL_ATTR="" -DFEX_HAS_PRESERVE_ALL_ATTR=0 -DFEX_PRESERVE_ALL_ATTR="" -DGLOBAL_DATA_DIRECTORY=\"/usr/local/share/fex-emu/\" -DHAS_PROGRAM_INVOCATION_NAME="" -DINLINE="static inline" -DINLINE_LEVEL=4 -DSOFTFLOAT_BUILTIN_CLZ=1 -DSOFTFLOAT_FAST_DIV32TO16=1 -DSOFTFLOAT_FAST_DIV64TO32=1 -DSOFTFLOAT_FAST_INT64=1 -D_LARGEFILE64_SOURCE @CMakeFiles/CommonWindowsRuntime.dir/includes_CXX.rsp -DFEX_IOS_HOST -O3 -DNDEBUG -fomit-frame-pointer -std=gnu++20 -flto=thin -Wno-trigraphs -fdiagnostics-color=always -fcolor-diagnostics -Wno-deprecated-enum-enum-conversion -Wall -fno-strict-aliasing -Wno-inconsistent-dllimport -MD -MT Source/Windows/Common/CMakeFiles/CommonWindowsRuntime.dir/WinAPI/Misc.cpp.obj -MF CMakeFiles/CommonWindowsRuntime.dir/WinAPI/Misc.cpp.obj.d -o CMakeFiles/CommonWindowsRuntime.dir/WinAPI/Misc.cpp.obj -c /Users/runner/work/GTASanAndreas3DS/GTASanAndreas3DS/FEX/Source/Windows/Common/WinAPI/Misc.cpp
[ 97%] Linking CXX static library libCommonWindowsRuntime.a
cd /Users/runner/work/GTASanAndreas3DS/GTASanAndreas3DS/FEX/build-arm64ec/Source/Windows/Common && /opt/homebrew/bin/cmake -P CMakeFiles/CommonWindowsRuntime.dir/cmake_clean_target.cmake
cd /Users/runner/work/GTASanAndreas3DS/GTASanAndreas3DS/FEX/build-arm64ec/Source/Windows/Common && /opt/homebrew/bin/cmake -E cmake_link_script CMakeFiles/CommonWindowsRuntime.dir/link.txt --verbose=1
"/Users/runner/work/GTASanAndreas3DS/GTASanAndreas3DS/toolchains/llvm-mingw-20260616-ucrt-macos-universal/bin/arm64ec-w64-mingw32-llvm-ar" qc libCommonWindowsRuntime.a CMakeFiles/CommonWindowsRuntime.dir/LoadConfig.S.obj CMakeFiles/CommonWindowsRuntime.dir/CRT/CRT_iOS.cpp.obj CMakeFiles/CommonWindowsRuntime.dir/WinAPI/Alloc.cpp.obj CMakeFiles/CommonWindowsRuntime.dir/WinAPI/Sync.cpp.obj CMakeFiles/CommonWindowsRuntime.dir/WinAPI/IO.cpp.obj CMakeFiles/CommonWindowsRuntime.dir/WinAPI/Misc.cpp.obj
"/Users/runner/work/GTASanAndreas3DS/GTASanAndreas3DS/toolchains/llvm-mingw-20260616-ucrt-macos-universal/bin/arm64ec-w64-mingw32-llvm-ranlib" libCommonWindowsRuntime.a
[ 97%] Built target CommonWindowsRuntime
/Applications/Xcode_16.4.app/Contents/Developer/usr/bin/make  -f Source/Windows/ARM64EC/CMakeFiles/arm64ecfex.dir/build.make Source/Windows/ARM64EC/CMakeFiles/arm64ecfex.dir/depend
cd /Users/runner/work/GTASanAndreas3DS/GTASanAndreas3DS/FEX/build-arm64ec && /opt/homebrew/bin/cmake -E cmake_depends "Unix Makefiles" /Users/runner/work/GTASanAndreas3DS/GTASanAndreas3DS/FEX /Users/runner/work/GTASanAndreas3DS/GTASanAndreas3DS/FEX/Source/Windows/ARM64EC /Users/runner/work/GTASanAndreas3DS/GTASanAndreas3DS/FEX/build-arm64ec /Users/runner/work/GTASanAndreas3DS/GTASanAndreas3DS/FEX/build-arm64ec/Source/Windows/ARM64EC /Users/runner/work/GTASanAndreas3DS/GTASanAndreas3DS/FEX/build-arm64ec/Source/Windows/ARM64EC/CMakeFiles/arm64ecfex.dir/DependInfo.cmake "--color=" arm64ecfex
Dependee "/Users/runner/work/GTASanAndreas3DS/GTASanAndreas3DS/FEX/build-arm64ec/Source/Windows/ARM64EC/CMakeFiles/arm64ecfex.dir/DependInfo.cmake" is newer than depender "/Users/runner/work/GTASanAndreas3DS/GTASanAndreas3DS/FEX/build-arm64ec/Source/Windows/ARM64EC/CMakeFiles/arm64ecfex.dir/depend.internal".
Dependee "/Users/runner/work/GTASanAndreas3DS/GTASanAndreas3DS/FEX/build-arm64ec/Source/Windows/ARM64EC/CMakeFiles/CMakeDirectoryInformation.cmake" is newer than depender "/Users/runner/work/GTASanAndreas3DS/GTASanAndreas3DS/FEX/build-arm64ec/Source/Windows/ARM64EC/CMakeFiles/arm64ecfex.dir/depend.internal".
Scanning dependencies of target arm64ecfex
/Applications/Xcode_16.4.app/Contents/Developer/usr/bin/make  -f Source/Windows/ARM64EC/CMakeFiles/arm64ecfex.dir/build.make Source/Windows/ARM64EC/CMakeFiles/arm64ecfex.dir/build
[ 98%] Building CXX object Source/Windows/ARM64EC/CMakeFiles/arm64ecfex.dir/Module.cpp.obj
cd /Users/runner/work/GTASanAndreas3DS/GTASanAndreas3DS/FEX/build-arm64ec/Source/Windows/ARM64EC && /opt/homebrew/bin/ccache sloppiness=time_macros /Users/runner/work/GTASanAndreas3DS/GTASanAndreas3DS/toolchains/llvm-mingw-20260616-ucrt-macos-universal/bin/arm64ec-w64-mingw32-clang++ -DARCHITECTURE_arm64=1 -DARCHITECTURE_arm64ec=1 -DFEXCORE_HAS_PRESERVE_ALL_ATTR=0 -DFEXCORE_PRESERVE_ALL_ATTR="" -DFEX_HAS_PRESERVE_ALL_ATTR=0 -DFEX_IOS_HOST -DFEX_PRESERVE_ALL_ATTR="" -DGLOBAL_DATA_DIRECTORY=\"/usr/local/share/fex-emu/\" -DHAS_PROGRAM_INVOCATION_NAME="" -DINLINE="static inline" -DINLINE_LEVEL=4 -DRANGES_DISABLE_DEPRECATED_WARNINGS -DSOFTFLOAT_BUILTIN_CLZ=1 -DSOFTFLOAT_FAST_DIV32TO16=1 -DSOFTFLOAT_FAST_DIV64TO32=1 -DSOFTFLOAT_FAST_INT64=1 -D_LARGEFILE64_SOURCE -Darm64ecfex_EXPORTS @CMakeFiles/arm64ecfex.dir/includes_CXX.rsp -DFEX_IOS_HOST -O3 -DNDEBUG -fomit-frame-pointer -std=gnu++20 -flto=thin -Wno-trigraphs -fdiagnostics-color=always -fcolor-diagnostics -Wno-deprecated-enum-enum-conversion -Wall -fno-strict-aliasing -MD -MT Source/Windows/ARM64EC/CMakeFiles/arm64ecfex.dir/Module.cpp.obj -MF CMakeFiles/arm64ecfex.dir/Module.cpp.obj.d -o CMakeFiles/arm64ecfex.dir/Module.cpp.obj -c /Users/runner/work/GTASanAndreas3DS/GTASanAndreas3DS/FEX/Source/Windows/ARM64EC/Module.cpp
[ 98%] Building ASM object Source/Windows/ARM64EC/CMakeFiles/arm64ecfex.dir/Module.S.obj
cd /Users/runner/work/GTASanAndreas3DS/GTASanAndreas3DS/FEX/build-arm64ec/Source/Windows/ARM64EC && /opt/homebrew/bin/ccache sloppiness=time_macros /Users/runner/work/GTASanAndreas3DS/GTASanAndreas3DS/toolchains/llvm-mingw-20260616-ucrt-macos-universal/bin/arm64ec-w64-mingw32-clang -DARCHITECTURE_arm64=1 -DARCHITECTURE_arm64ec=1 -DFEXCORE_HAS_PRESERVE_ALL_ATTR=0 -DFEXCORE_PRESERVE_ALL_ATTR="" -DFEX_HAS_PRESERVE_ALL_ATTR=0 -DFEX_IOS_HOST -DFEX_PRESERVE_ALL_ATTR="" -DGLOBAL_DATA_DIRECTORY=\"/usr/local/share/fex-emu/\" -DHAS_PROGRAM_INVOCATION_NAME="" -DINLINE="static inline" -DINLINE_LEVEL=4 -DRANGES_DISABLE_DEPRECATED_WARNINGS -DSOFTFLOAT_BUILTIN_CLZ=1 -DSOFTFLOAT_FAST_DIV32TO16=1 -DSOFTFLOAT_FAST_DIV64TO32=1 -DSOFTFLOAT_FAST_INT64=1 -D_LARGEFILE64_SOURCE -Darm64ecfex_EXPORTS @CMakeFiles/arm64ecfex.dir/includes_ASM.rsp -O3 -DNDEBUG -Wno-trigraphs -fdiagnostics-color=always -fcolor-diagnostics -Wno-deprecated-enum-enum-conversion -Wall -o CMakeFiles/arm64ecfex.dir/Module.S.obj -c /Users/runner/work/GTASanAndreas3DS/GTASanAndreas3DS/FEX/Source/Windows/ARM64EC/Module.S
/Users/runner/work/GTASanAndreas3DS/GTASanAndreas3DS/FEX/Source/Windows/ARM64EC/Module.S:158:3: warning: register X23 is disallowed on ARM64EC.
  ldr x23, [x16, #16]
  ^
/Users/runner/work/GTASanAndreas3DS/GTASanAndreas3DS/FEX/Source/Windows/ARM64EC/Module.S:159:3: warning: register X23 is disallowed on ARM64EC.
  cmp x4, x23
  ^
/Users/runner/work/GTASanAndreas3DS/GTASanAndreas3DS/FEX/Source/Windows/ARM64EC/Module.S:173:3: warning: register X23 is disallowed on ARM64EC.
  ldr x23, [x16, #16]
  ^
/Users/runner/work/GTASanAndreas3DS/GTASanAndreas3DS/FEX/Source/Windows/ARM64EC/Module.S:174:3: warning: register X23 is disallowed on ARM64EC.
  cmp x4, x23
  ^
/Users/runner/work/GTASanAndreas3DS/GTASanAndreas3DS/FEX/Source/Windows/ARM64EC/Module.S:178:3: warning: register X23 is disallowed on ARM64EC.
  adrp x23, IosAliasLast
  ^
/Users/runner/work/GTASanAndreas3DS/GTASanAndreas3DS/FEX/Source/Windows/ARM64EC/Module.S:179:3: warning: register X23 is disallowed on ARM64EC.
  str x16, [x23, #:lo12:IosAliasLast]
  ^
/Users/runner/work/GTASanAndreas3DS/GTASanAndreas3DS/FEX/Source/Windows/ARM64EC/Module.S:181:3: warning: register X23 is disallowed on ARM64EC.
  ldr x23, [x16]
  ^
/Users/runner/work/GTASanAndreas3DS/GTASanAndreas3DS/FEX/Source/Windows/ARM64EC/Module.S:182:3: warning: register X23 is disallowed on ARM64EC.
  add x17, x23, x4
  ^
/Users/runner/work/GTASanAndreas3DS/GTASanAndreas3DS/FEX/Source/Windows/ARM64EC/Module.S:188:3: warning: register X23 is disallowed on ARM64EC.
  lsr x23, x17, #18
  ^
/Users/runner/work/GTASanAndreas3DS/GTASanAndreas3DS/FEX/Source/Windows/ARM64EC/Module.S:189:3: warning: register X23 is disallowed on ARM64EC.
  ldr x16, [x16, x23, lsl #3]
  ^
/Users/runner/work/GTASanAndreas3DS/GTASanAndreas3DS/FEX/Source/Windows/ARM64EC/Module.S:190:3: warning: register X23 is disallowed on ARM64EC.
  lsr x23, x17, #12
  ^
/Users/runner/work/GTASanAndreas3DS/GTASanAndreas3DS/FEX/Source/Windows/ARM64EC/Module.S:191:3: warning: register X23 is disallowed on ARM64EC.
  lsr x16, x16, x23
  ^
/Users/runner/work/GTASanAndreas3DS/GTASanAndreas3DS/FEX/Source/Windows/ARM64EC/Module.S:207:3: warning: register X23 is disallowed on ARM64EC.
  ldr x23, [x16]
  ^
/Users/runner/work/GTASanAndreas3DS/GTASanAndreas3DS/FEX/Source/Windows/ARM64EC/Module.S:208:3: warning: register X23 is disallowed on ARM64EC.
  sub x23, x17, x23
  ^
/Users/runner/work/GTASanAndreas3DS/GTASanAndreas3DS/FEX/Source/Windows/ARM64EC/Module.S:208:3: warning: register X23 is disallowed on ARM64EC.
  sub x23, x17, x23
  ^
/Users/runner/work/GTASanAndreas3DS/GTASanAndreas3DS/FEX/Source/Windows/ARM64EC/Module.S:210:3: warning: register X23 is disallowed on ARM64EC.
  cmp x23, x9
  ^
/Users/runner/work/GTASanAndreas3DS/GTASanAndreas3DS/FEX/Source/Windows/ARM64EC/Module.S:217:3: warning: register X23 is disallowed on ARM64EC.
  add x17, x9, x23
  ^
/Users/runner/work/GTASanAndreas3DS/GTASanAndreas3DS/FEX/Source/Windows/ARM64EC/Module.S:222:3: warning: register X23 is disallowed on ARM64EC.
  ldr x23, [x16]
  ^
/Users/runner/work/GTASanAndreas3DS/GTASanAndreas3DS/FEX/Source/Windows/ARM64EC/Module.S:223:3: warning: register X23 is disallowed on ARM64EC.
  add x23, x23, #1
  ^
/Users/runner/work/GTASanAndreas3DS/GTASanAndreas3DS/FEX/Source/Windows/ARM64EC/Module.S:223:3: warning: register X23 is disallowed on ARM64EC.
  add x23, x23, #1
  ^
/Users/runner/work/GTASanAndreas3DS/GTASanAndreas3DS/FEX/Source/Windows/ARM64EC/Module.S:224:3: warning: register X23 is disallowed on ARM64EC.
  str x23, [x16]
  ^
/Users/runner/work/GTASanAndreas3DS/GTASanAndreas3DS/FEX/Source/Windows/ARM64EC/Module.S:235:3: warning: register X23 is disallowed on ARM64EC.
  ldr x23, [x16, #16]
  ^
/Users/runner/work/GTASanAndreas3DS/GTASanAndreas3DS/FEX/Source/Windows/ARM64EC/Module.S:236:3: warning: register X23 is disallowed on ARM64EC.
  add x23, x23, #1
  ^
/Users/runner/work/GTASanAndreas3DS/GTASanAndreas3DS/FEX/Source/Windows/ARM64EC/Module.S:236:3: warning: register X23 is disallowed on ARM64EC.
  add x23, x23, #1
  ^
/Users/runner/work/GTASanAndreas3DS/GTASanAndreas3DS/FEX/Source/Windows/ARM64EC/Module.S:237:3: warning: register X23 is disallowed on ARM64EC.
  str x23, [x16, #16]
  ^
<instantiation>:3:3: warning: register X23 is disallowed on ARM64EC.
  mov x23, sp
  ^
/Users/runner/work/GTASanAndreas3DS/GTASanAndreas3DS/FEX/Source/Windows/ARM64EC/Module.S:331:3: note: while in macro instantiation
  IOS_XP_COUNT 1088, x16, x23
  ^
<instantiation>:4:3: warning: register X23 is disallowed on ARM64EC.
  ubfx x23, x23, #16, #4
  ^
/Users/runner/work/GTASanAndreas3DS/GTASanAndreas3DS/FEX/Source/Windows/ARM64EC/Module.S:331:3: note: while in macro instantiation
  IOS_XP_COUNT 1088, x16, x23
  ^
<instantiation>:4:3: warning: register X23 is disallowed on ARM64EC.
  ubfx x23, x23, #16, #4
  ^
/Users/runner/work/GTASanAndreas3DS/GTASanAndreas3DS/FEX/Source/Windows/ARM64EC/Module.S:331:3: note: while in macro instantiation
  IOS_XP_COUNT 1088, x16, x23
  ^
<instantiation>:5:3: warning: register X23 is disallowed on ARM64EC.
  add x16, x16, x23, lsl #6
  ^
/Users/runner/work/GTASanAndreas3DS/GTASanAndreas3DS/FEX/Source/Windows/ARM64EC/Module.S:331:3: note: while in macro instantiation
  IOS_XP_COUNT 1088, x16, x23
  ^
<instantiation>:7:3: warning: register X23 is disallowed on ARM64EC.
  mov x23, #1
  ^
/Users/runner/work/GTASanAndreas3DS/GTASanAndreas3DS/FEX/Source/Windows/ARM64EC/Module.S:331:3: note: while in macro instantiation
  IOS_XP_COUNT 1088, x16, x23
  ^
<instantiation>:8:3: warning: register X23 is disallowed on ARM64EC.
  stadd x23, [x16]
  ^
/Users/runner/work/GTASanAndreas3DS/GTASanAndreas3DS/FEX/Source/Windows/ARM64EC/Module.S:331:3: note: while in macro instantiation
  IOS_XP_COUNT 1088, x16, x23
  ^
/Users/runner/work/GTASanAndreas3DS/GTASanAndreas3DS/FEX/Source/Windows/ARM64EC/Module.S:340:3: warning: register X23 is disallowed on ARM64EC.
  mov x23, sp
  ^
/Users/runner/work/GTASanAndreas3DS/GTASanAndreas3DS/FEX/Source/Windows/ARM64EC/Module.S:341:3: warning: register X23 is disallowed on ARM64EC.
  ubfx x23, x23, #16, #4
  ^
/Users/runner/work/GTASanAndreas3DS/GTASanAndreas3DS/FEX/Source/Windows/ARM64EC/Module.S:341:3: warning: register X23 is disallowed on ARM64EC.
  ubfx x23, x23, #16, #4
  ^
/Users/runner/work/GTASanAndreas3DS/GTASanAndreas3DS/FEX/Source/Windows/ARM64EC/Module.S:342:3: warning: register X23 is disallowed on ARM64EC.
  add x17, x16, x23, lsl #6
  ^
/Users/runner/work/GTASanAndreas3DS/GTASanAndreas3DS/FEX/Source/Windows/ARM64EC/Module.S:345:3: warning: register X23 is disallowed on ARM64EC.
  ldadd x4, x23, [x17]
  ^
/Users/runner/work/GTASanAndreas3DS/GTASanAndreas3DS/FEX/Source/Windows/ARM64EC/Module.S:346:3: warning: register X23 is disallowed on ARM64EC.
  tst x23, #63
  ^
/Users/runner/work/GTASanAndreas3DS/GTASanAndreas3DS/FEX/Source/Windows/ARM64EC/Module.S:349:3: warning: register X23 is disallowed on ARM64EC.
  ldadd x4, x23, [x17]
  ^
/Users/runner/work/GTASanAndreas3DS/GTASanAndreas3DS/FEX/Source/Windows/ARM64EC/Module.S:350:3: warning: register X23 is disallowed on ARM64EC.
  and x23, x23, #4095
  ^
/Users/runner/work/GTASanAndreas3DS/GTASanAndreas3DS/FEX/Source/Windows/ARM64EC/Module.S:350:3: warning: register X23 is disallowed on ARM64EC.
  and x23, x23, #4095
  ^
/Users/runner/work/GTASanAndreas3DS/GTASanAndreas3DS/FEX/Source/Windows/ARM64EC/Module.S:352:3: warning: register X23 is disallowed on ARM64EC.
  str x9, [x17, x23, lsl #3]
  ^
/Users/runner/work/GTASanAndreas3DS/GTASanAndreas3DS/FEX/Source/Windows/ARM64EC/Module.S:380:3: warning: register X23 is disallowed on ARM64EC.
  sub x23, x9, x17
  ^
/Users/runner/work/GTASanAndreas3DS/GTASanAndreas3DS/FEX/Source/Windows/ARM64EC/Module.S:381:3: warning: register X23 is disallowed on ARM64EC.
  cmp x23, x4
  ^
/Users/runner/work/GTASanAndreas3DS/GTASanAndreas3DS/FEX/Source/Windows/ARM64EC/Module.S:397:3: warning: register X23 is disallowed on ARM64EC.
  ldr x23, [x4]
  ^
/Users/runner/work/GTASanAndreas3DS/GTASanAndreas3DS/FEX/Source/Windows/ARM64EC/Module.S:398:3: warning: register X23 is disallowed on ARM64EC.
  sub x23, x9, x23
  ^
/Users/runner/work/GTASanAndreas3DS/GTASanAndreas3DS/FEX/Source/Windows/ARM64EC/Module.S:398:3: warning: register X23 is disallowed on ARM64EC.
  sub x23, x9, x23
  ^
/Users/runner/work/GTASanAndreas3DS/GTASanAndreas3DS/FEX/Source/Windows/ARM64EC/Module.S:400:3: warning: register X23 is disallowed on ARM64EC.
  cmp x23, x17
  ^
/Users/runner/work/GTASanAndreas3DS/GTASanAndreas3DS/FEX/Source/Windows/ARM64EC/Module.S:403:3: warning: register X23 is disallowed on ARM64EC.
  add x9, x17, x23
  ^
/Users/runner/work/GTASanAndreas3DS/GTASanAndreas3DS/FEX/Source/Windows/ARM64EC/Module.S:410:3: warning: register X23 is disallowed on ARM64EC.
  ldr x23, [x16]
  ^
/Users/runner/work/GTASanAndreas3DS/GTASanAndreas3DS/FEX/Source/Windows/ARM64EC/Module.S:411:3: warning: register X23 is disallowed on ARM64EC.
  sub x23, x9, x23
  ^
/Users/runner/work/GTASanAndreas3DS/GTASanAndreas3DS/FEX/Source/Windows/ARM64EC/Module.S:411:3: warning: register X23 is disallowed on ARM64EC.
  sub x23, x9, x23
  ^
/Users/runner/work/GTASanAndreas3DS/GTASanAndreas3DS/FEX/Source/Windows/ARM64EC/Module.S:413:3: warning: register X23 is disallowed on ARM64EC.
  cmp x23, x4
  ^
/Users/runner/work/GTASanAndreas3DS/GTASanAndreas3DS/FEX/Source/Windows/ARM64EC/Module.S:420:3: warning: register X23 is disallowed on ARM64EC.
  add x9, x4, x23
  ^
/Users/runner/work/GTASanAndreas3DS/GTASanAndreas3DS/FEX/Source/Windows/ARM64EC/Module.S:467:3: warning: register X23 is disallowed on ARM64EC.
  ldursw x23, [x17, #-0x4]
  ^
/Users/runner/work/GTASanAndreas3DS/GTASanAndreas3DS/FEX/Source/Windows/ARM64EC/Module.S:468:3: warning: register W23 is disallowed on ARM64EC.
  cmp w23, w16
  ^
/Users/runner/work/GTASanAndreas3DS/GTASanAndreas3DS/FEX/Source/Windows/ARM64EC/Module.S:471:3: warning: register X23 is disallowed on ARM64EC.
  and x23, x23, #-0x4
  ^
/Users/runner/work/GTASanAndreas3DS/GTASanAndreas3DS/FEX/Source/Windows/ARM64EC/Module.S:471:3: warning: register X23 is disallowed on ARM64EC.
  and x23, x23, #-0x4
  ^
/Users/runner/work/GTASanAndreas3DS/GTASanAndreas3DS/FEX/Source/Windows/ARM64EC/Module.S:472:3: warning: register X23 is disallowed on ARM64EC.
  add x17, x17, x23
  ^
[100%] Building CXX object Source/Windows/ARM64EC/CMakeFiles/arm64ecfex.dir/IosJitAlias.cpp.obj
cd /Users/runner/work/GTASanAndreas3DS/GTASanAndreas3DS/FEX/build-arm64ec/Source/Windows/ARM64EC && /opt/homebrew/bin/ccache sloppiness=time_macros /Users/runner/work/GTASanAndreas3DS/GTASanAndreas3DS/toolchains/llvm-mingw-20260616-ucrt-macos-universal/bin/arm64ec-w64-mingw32-clang++ -DARCHITECTURE_arm64=1 -DARCHITECTURE_arm64ec=1 -DFEXCORE_HAS_PRESERVE_ALL_ATTR=0 -DFEXCORE_PRESERVE_ALL_ATTR="" -DFEX_HAS_PRESERVE_ALL_ATTR=0 -DFEX_IOS_HOST -DFEX_PRESERVE_ALL_ATTR="" -DGLOBAL_DATA_DIRECTORY=\"/usr/local/share/fex-emu/\" -DHAS_PROGRAM_INVOCATION_NAME="" -DINLINE="static inline" -DINLINE_LEVEL=4 -DRANGES_DISABLE_DEPRECATED_WARNINGS -DSOFTFLOAT_BUILTIN_CLZ=1 -DSOFTFLOAT_FAST_DIV32TO16=1 -DSOFTFLOAT_FAST_DIV64TO32=1 -DSOFTFLOAT_FAST_INT64=1 -D_LARGEFILE64_SOURCE -Darm64ecfex_EXPORTS @CMakeFiles/arm64ecfex.dir/includes_CXX.rsp -DFEX_IOS_HOST -O3 -DNDEBUG -fomit-frame-pointer -std=gnu++20 -flto=thin -Wno-trigraphs -fdiagnostics-color=always -fcolor-diagnostics -Wno-deprecated-enum-enum-conversion -Wall -fno-strict-aliasing -MD -MT Source/Windows/ARM64EC/CMakeFiles/arm64ecfex.dir/IosJitAlias.cpp.obj -MF CMakeFiles/arm64ecfex.dir/IosJitAlias.cpp.obj.d -o CMakeFiles/arm64ecfex.dir/IosJitAlias.cpp.obj -c /Users/runner/work/GTASanAndreas3DS/GTASanAndreas3DS/FEX/Source/Windows/ARM64EC/IosJitAlias.cpp
[100%] Linking CXX shared library ../../../Bin/libarm64ecfex.dll
cd /Users/runner/work/GTASanAndreas3DS/GTASanAndreas3DS/FEX/build-arm64ec/Source/Windows/ARM64EC && /opt/homebrew/bin/cmake -E cmake_link_script CMakeFiles/arm64ecfex.dir/link.txt --verbose=1
ld.lld: error: undefined symbol: __gxx_personality_seh0 (EC symbol)
>>> referenced by /Users/runner/work/GTASanAndreas3DS/GTASanAndreas3DS/FEX/Source/Windows/ARM64EC/Module.cpp
>>>               objects.a(Module.cpp.obj)
>>> referenced by /Users/runner/work/GTASanAndreas3DS/GTASanAndreas3DS/FEX/Source/Common/Config.cpp
>>>               libCommon.a(Config.cpp.obj)
>>> referenced by /Users/runner/work/GTASanAndreas3DS/GTASanAndreas3DS/FEX/Source/Windows/Common/CPUFeatures.cpp
>>>               libCommonWindows.a(CPUFeatures.cpp.obj)
>>> referenced 9 more times

ld.lld: error: undefined symbol: std::__1::recursive_mutex::lock() (EC symbol)
>>> referenced by /Users/runner/work/GTASanAndreas3DS/GTASanAndreas3DS/FEX/Source/Windows/ARM64EC/Module.cpp
>>>               objects.a(Module.cpp.obj)

ld.lld: error: undefined symbol: std::__1::recursive_mutex::unlock() (EC symbol)
>>> referenced by /Users/runner/work/GTASanAndreas3DS/GTASanAndreas3DS/FEX/Source/Windows/ARM64EC/Module.cpp
>>>               objects.a(Module.cpp.obj)

ld.lld: error: undefined symbol: std::__1::__shared_mutex_base::__shared_mutex_base() (EC symbol)
>>> referenced by /Users/runner/work/GTASanAndreas3DS/GTASanAndreas3DS/FEX/Source/Windows/ARM64EC/Module.cpp
>>>               objects.a(Module.cpp.obj)
>>> referenced by /Users/runner/work/GTASanAndreas3DS/GTASanAndreas3DS/FEX/FEXCore/Source/Interface/Core/CodeCache.cpp
>>>               objects.a(CodeCache.cpp.obj)
>>> referenced by /Users/runner/work/GTASanAndreas3DS/GTASanAndreas3DS/FEX/FEXCore/Source/Interface/Core/Core.cpp
>>>               objects.a(Core.cpp.obj)
>>> referenced 2 more times

ld.lld: error: undefined symbol: std::__1::recursive_mutex::recursive_mutex() (EC symbol)
>>> referenced by /Users/runner/work/GTASanAndreas3DS/GTASanAndreas3DS/FEX/Source/Windows/ARM64EC/Module.cpp
>>>               objects.a(Module.cpp.obj)

ld.lld: error: undefined symbol: std::__1::recursive_mutex::~recursive_mutex() (EC symbol)
>>> referenced by /Users/runner/work/GTASanAndreas3DS/GTASanAndreas3DS/FEX/Source/Windows/ARM64EC/Module.cpp
>>>               objects.a(Module.cpp.obj)

ld.lld: error: undefined symbol: std::__1::__shared_mutex_base::lock_shared() (EC symbol)
>>> referenced by /Users/runner/work/GTASanAndreas3DS/GTASanAndreas3DS/FEX/Source/Windows/ARM64EC/Module.cpp
>>>               objects.a(Module.cpp.obj)
>>> referenced by /Users/runner/work/GTASanAndreas3DS/GTASanAndreas3DS/FEX/FEXCore/Source/Interface/Core/CodeCache.cpp
>>>               objects.a(CodeCache.cpp.obj)
>>> referenced by /Users/runner/work/GTASanAndreas3DS/GTASanAndreas3DS/FEX/FEXCore/Source/Interface/Core/Core.cpp
>>>               objects.a(Core.cpp.obj)
>>> referenced 2 more times

ld.lld: error: undefined symbol: std::__1::__shared_mutex_base::unlock_shared() (EC symbol)
>>> referenced by /Users/runner/work/GTASanAndreas3DS/GTASanAndreas3DS/FEX/Source/Windows/ARM64EC/Module.cpp
>>>               objects.a(Module.cpp.obj)
>>> referenced by /Users/runner/work/GTASanAndreas3DS/GTASanAndreas3DS/FEX/FEXCore/Source/Interface/Core/CodeCache.cpp
>>>               objects.a(CodeCache.cpp.obj)
>>> referenced by /Users/runner/work/GTASanAndreas3DS/GTASanAndreas3DS/FEX/FEXCore/Source/Interface/Core/Core.cpp
>>>               objects.a(Core.cpp.obj)
>>> referenced 2 more times

ld.lld: error: undefined symbol: std::__1::__shared_mutex_base::lock() (EC symbol)
>>> referenced by /Users/runner/work/GTASanAndreas3DS/GTASanAndreas3DS/FEX/Source/Windows/ARM64EC/Module.cpp
>>>               objects.a(Module.cpp.obj)
>>> referenced by /Users/runner/work/GTASanAndreas3DS/GTASanAndreas3DS/FEX/FEXCore/Source/Interface/Core/CodeCache.cpp
>>>               objects.a(CodeCache.cpp.obj)
>>> referenced by /Users/runner/work/GTASanAndreas3DS/GTASanAndreas3DS/FEX/FEXCore/Source/Interface/Core/Core.cpp
>>>               objects.a(Core.cpp.obj)
>>> referenced 2 more times

ld.lld: error: undefined symbol: std::__1::__shared_mutex_base::unlock() (EC symbol)
>>> referenced by /Users/runner/work/GTASanAndreas3DS/GTASanAndreas3DS/FEX/Source/Windows/ARM64EC/Module.cpp
>>>               objects.a(Module.cpp.obj)
>>> referenced by /Users/runner/work/GTASanAndreas3DS/GTASanAndreas3DS/FEX/FEXCore/Source/Interface/Core/CodeCache.cpp
>>>               objects.a(CodeCache.cpp.obj)
>>> referenced by /Users/runner/work/GTASanAndreas3DS/GTASanAndreas3DS/FEX/FEXCore/Source/Interface/Core/Core.cpp
>>>               objects.a(Core.cpp.obj)
>>> referenced 2 more times

ld.lld: error: undefined symbol: std::__1::this_thread::sleep_for(std::__1::chrono::duration<long long, std::__1::ratio<1ll, 1000000000ll>> const&) (EC symbol)
>>> referenced by /Users/runner/work/GTASanAndreas3DS/GTASanAndreas3DS/FEX/Source/Windows/ARM64EC/Module.cpp
>>>               objects.a(Module.cpp.obj)

ld.lld: error: undefined symbol: std::__1::__next_prime(unsigned long long) (EC symbol)
>>> referenced by /Users/runner/work/GTASanAndreas3DS/GTASanAndreas3DS/FEX/Source/Windows/ARM64EC/Module.cpp
>>>               objects.a(Module.cpp.obj)
>>> referenced by /Users/runner/work/GTASanAndreas3DS/GTASanAndreas3DS/FEX/FEXCore/Source/Interface/Core/Core.cpp
>>>               objects.a(Core.cpp.obj)
>>> referenced by /Users/runner/work/GTASanAndreas3DS/GTASanAndreas3DS/FEX/FEXCore/Source/Interface/Core/OpcodeDispatcher/Crypto.cpp
>>>               objects.a(Crypto.cpp.obj)
>>> referenced 7 more times

ld.lld: error: undefined symbol: std::__1::pmr::memory_resource::~memory_resource() (EC symbol)
>>> referenced by /Users/runner/work/GTASanAndreas3DS/GTASanAndreas3DS/FEX/FEXCore/Source/Interface/Core/LookupCache.cpp
>>>               objects.a(LookupCache.cpp.obj)
>>> referenced by /Users/runner/work/GTASanAndreas3DS/GTASanAndreas3DS/FEX/FEXCore/Source/Interface/Core/CPUBackend.cpp
>>>               objects.a(CPUBackend.cpp.obj)
>>> referenced by /Users/runner/work/GTASanAndreas3DS/GTASanAndreas3DS/FEX/FEXCore/Source/Utils/Allocator.cpp
>>>               libFEXCore_Base.a(Allocator.cpp.obj)

ld.lld: error: undefined symbol: std::__1::__libcpp_verbose_abort(char const*, ...) (EC symbol)
>>> referenced by /Users/runner/work/GTASanAndreas3DS/GTASanAndreas3DS/FEX/FEXCore/Source/Interface/Core/LookupCache.cpp
>>>               objects.a(LookupCache.cpp.obj)
>>> referenced by /Users/runner/work/GTASanAndreas3DS/GTASanAndreas3DS/FEX/FEXCore/Source/Interface/Core/CodeCache.cpp
>>>               objects.a(CodeCache.cpp.obj)
>>> referenced by /Users/runner/work/GTASanAndreas3DS/GTASanAndreas3DS/FEX/FEXCore/Source/Interface/Core/Core.cpp
>>>               objects.a(Core.cpp.obj)
>>> referenced 23 more times

ld.lld: error: undefined symbol: std::__1::__fs::filesystem::__wide_to_char(std::__1::basic_string<wchar_t, std::__1::char_traits<wchar_t>, std::__1::allocator<wchar_t>> const&, char*, unsigned long long) (EC symbol)
>>> referenced by /Users/runner/work/GTASanAndreas3DS/GTASanAndreas3DS/FEX/FEXCore/Source/Interface/Core/CodeCache.cpp
>>>               objects.a(CodeCache.cpp.obj)
>>> referenced by /Users/runner/work/GTASanAndreas3DS/GTASanAndreas3DS/FEX/FEXCore/Source/Interface/Config/Config.cpp
>>>               libFEXCore_Base.a(Config.cpp.obj)
>>> referenced by /Users/runner/work/GTASanAndreas3DS/GTASanAndreas3DS/FEX/Source/Common/Config.cpp
>>>               libCommon.a(Config.cpp.obj)

ld.lld: error: undefined symbol: std::__1::__fs::filesystem::__char_to_wide(std::__1::basic_string<char, std::__1::char_traits<char>, std::__1::allocator<char>> const&, wchar_t*, unsigned long long) (EC symbol)
>>> referenced by /Users/runner/work/GTASanAndreas3DS/GTASanAndreas3DS/FEX/FEXCore/Source/Interface/Core/CodeCache.cpp
>>>               objects.a(CodeCache.cpp.obj)
>>> referenced by /Users/runner/work/GTASanAndreas3DS/GTASanAndreas3DS/FEX/FEXCore/Source/Utils/Telemetry.cpp
>>>               objects.a(Telemetry.cpp.obj)
>>> referenced by /Users/runner/work/GTASanAndreas3DS/GTASanAndreas3DS/FEX/FEXCore/Source/Interface/Config/Config.cpp
>>>               libFEXCore_Base.a(Config.cpp.obj)
>>> referenced 2 more times

ld.lld: error: undefined symbol: std::__1::__fs::filesystem::path::__filename() const (EC symbol)
>>> referenced by /Users/runner/work/GTASanAndreas3DS/GTASanAndreas3DS/FEX/FEXCore/Source/Interface/Core/CodeCache.cpp
>>>               objects.a(CodeCache.cpp.obj)
>>> referenced by /Users/runner/work/GTASanAndreas3DS/GTASanAndreas3DS/FEX/Source/Common/Config.cpp
>>>               libCommon.a(Config.cpp.obj)

ld.lld: error: undefined symbol: std::__1::mutex::lock() (EC symbol)
>>> referenced by /Users/runner/work/GTASanAndreas3DS/GTASanAndreas3DS/FEX/FEXCore/Source/Interface/Core/CodeCache.cpp
>>>               objects.a(CodeCache.cpp.obj)
>>> referenced by /Users/runner/work/GTASanAndreas3DS/GTASanAndreas3DS/FEX/FEXCore/Source/Interface/Core/Core.cpp
>>>               objects.a(Core.cpp.obj)
>>> referenced by /Users/runner/work/GTASanAndreas3DS/GTASanAndreas3DS/FEX/FEXCore/Source/Interface/Core/CPUBackend.cpp
>>>               objects.a(CPUBackend.cpp.obj)
>>> referenced 3 more times

ld.lld: error: undefined symbol: std::__1::mutex::unlock() (EC symbol)
>>> referenced by /Users/runner/work/GTASanAndreas3DS/GTASanAndreas3DS/FEX/FEXCore/Source/Interface/Core/CodeCache.cpp
>>>               objects.a(CodeCache.cpp.obj)
>>> referenced by /Users/runner/work/GTASanAndreas3DS/GTASanAndreas3DS/FEX/FEXCore/Source/Interface/Core/Core.cpp
>>>               objects.a(Core.cpp.obj)
>>> referenced by /Users/runner/work/GTASanAndreas3DS/GTASanAndreas3DS/FEX/FEXCore/Source/Interface/Core/CPUBackend.cpp
>>>               objects.a(CPUBackend.cpp.obj)
>>> referenced 3 more times

ld.lld: error: undefined symbol: std::__1::mutex::try_lock() (EC symbol)
>>> referenced by /Users/runner/work/GTASanAndreas3DS/GTASanAndreas3DS/FEX/FEXCore/Source/Interface/Core/JIT/JIT.cpp
>>>               objects.a(JIT.cpp.obj)

ld.lld: error: too many errors emitted, stopping now (use --error-limit=0 to see all errors)
clang: error: linker command failed with exit code 1 (use -v to see invocation)
/opt/homebrew/bin/cmake -E rm -f CMakeFiles/arm64ecfex.dir/objects.a
arm64ec-w64-mingw32-ar qc CMakeFiles/arm64ecfex.dir/objects.a @CMakeFiles/arm64ecfex.dir/objects1.rsp
/Users/runner/work/GTASanAndreas3DS/GTASanAndreas3DS/toolchains/llvm-mingw-20260616-ucrt-macos-universal/bin/arm64ec-w64-mingw32-clang++ -DFEX_IOS_HOST -O3 -DNDEBUG -fomit-frame-pointer -flto=thin -shared -static -static-libgcc -static-libstdc++ -Wl,--file-alignment=4096,/mllvm:-align-loops=1 /Users/runner/work/GTASanAndreas3DS/GTASanAndreas3DS/FEX/Source/Windows/ARM64EC/libarm64ecfex.def -static -o ../../../Bin/libarm64ecfex.dll -Wl,--out-implib,libarm64ecfex.dll.a -Wl,--major-image-version,0,--minor-image-version,0 -Wl,--whole-archive CMakeFiles/arm64ecfex.dir/objects.a -Wl,--no-whole-archive @CMakeFiles/arm64ecfex.dir/linkLibs.rsp
make[3]: *** [Bin/libarm64ecfex.dll] Error 1
make[2]: *** [Source/Windows/ARM64EC/CMakeFiles/arm64ecfex.dir/all] Error 2
make[1]: *** [Source/Windows/ARM64EC/CMakeFiles/arm64ecfex.dir/rule] Error 2
make: *** [arm64ecfex] Error 2

